num__Age,num__BMI,num__Blood_Pressure_mmHg,num__Cholesterol_mg_dL,num__Glucose_mg_dL,num__Heart_Rate_bpm,cat__Gender_Male,cat__Smoking_Yes,Disease
0.3599835277484449,0.2644925127987943,0.4019652520315836,2.2001254301131072,-1.371906469342108,-1.7767508063607442,1.0,0.0,1
1.074091237931016,0.9488936240840833,1.6963447935870675,0.31544139144042627,0.26875382904495415,-1.1719337838846031,1.0,0.0,0
-0.1893300954689175,-0.27019585539283775,-0.21933692791504864,-0.4749099796158593,-1.2898734544227548,-2.2807649917575286,1.0,0.0,0
-0.9583691679732248,1.376644318637389,-1.6172668327949713,-0.5965024982399032,0.47383636634333687,1.7513484914167454,1.0,0.0,0
0.5797089770353898,0.35004265170945514,1.9552207018981642,-0.1101324237437275,0.55586938126269,0.34010877230574954,1.0,1.0,1
-1.3428887042253785,0.22171744334346316,-1.3066157428216552,-2.572380925880617,-1.7820715439388735,0.5417144464644632,1.0,0.0,0
1.5684734988266422,-1.2754099875931066,1.2303681586270934,0.7714133362805909,0.7609519185610727,0.34010877230574954,0.0,0.0,1
-0.6287809940428074,0.32865511698178956,0.4019652520315836,-0.961280054112035,-1.1668239320437253,0.5417144464644632,0.0,1.0,0
0.3599835277484449,-0.8262717583121355,-0.21933692791504864,-1.4780482582642216,1.0890839782384851,0.03770026106767898,1.0,0.0,0
1.4036794118614333,-0.6337839457631482,0.24663970704492555,1.1361908921527228,0.022654784286894828,0.34010877230574954,0.0,0.0,0
-0.7386437186862799,-0.8048842235844699,-0.32288729123948734,-1.4476501286082106,-1.7820715439388735,0.03770026106767898,0.0,1.0,0
-0.5189182693993349,-1.0615346403164538,-1.6690420144571907,-0.7484931465199581,-1.6590220215598437,-0.6679195984878189,1.0,0.0,0
-1.1780946172601698,2.2107581730163353,-1.0477398345105584,1.3489777997447996,0.8840014409401024,-0.1639054130910347,1.0,0.0,0
-1.1780946172601698,1.3980318533650538,-0.6853135628750229,-1.4476501286082106,-0.18242775301148792,0.13850309814703582,1.0,0.0,0
-0.4639869070775987,1.9968828257396827,-0.5299880178883648,-1.143668832048101,0.5968858887223666,0.03770026106767898,1.0,0.0,0
1.1290226002527521,-1.2326349181377756,-0.32288729123948734,0.46743203972048114,1.376199530456221,-1.4743422951226737,0.0,0.0,0
0.19518944078323616,0.0933922349774719,1.2821433402893125,1.1665890218087338,-0.6336093350679299,-1.373539458043317,1.0,0.0,0
0.4149148900701811,-1.2967975223207715,0.3501900703693643,-1.5388445175762437,-0.264460767930841,1.0457286318612475,0.0,1.0,0
-0.4639869070775987,-0.6765590152184786,0.7126163420048998,0.04185822453632741,0.6789189036417196,-0.3655110872497484,0.0,0.0,0
-1.6175455158340597,-0.9118218972227963,-1.3583909244838746,-0.32291933133580436,-0.7566588574469596,0.4409116093851064,1.0,0.0,0
-0.5738496317210712,1.312481714454393,-1.0477398345105584,-1.8124276844803424,-1.1258074245840486,-1.1719337838846031,0.0,0.0,0
1.1290226002527521,-0.3771335290311642,0.9714922503159965,1.1361908921527228,0.55586938126269,-1.4743422951226737,1.0,0.0,0
-1.672476878155796,1.1199939019054057,-1.3583909244838746,0.34583952109643723,-1.2078404395034017,-0.9703281097258895,0.0,0.0,0
-0.4639869070775987,0.6494681378967688,-1.2030653794972164,-0.32291933133580436,1.2941665155368678,-0.26470825017039157,1.0,0.0,0
0.634640339357126,2.4032459855653228,1.4892440669381901,1.9265422632090083,0.5148528738030135,-0.6679195984878189,0.0,0.0,1
-0.13439873314718126,-1.4892853348697597,-0.5299880178883648,0.680218947312558,2.1555131721900755,1.247334306019961,0.0,1.0,0
0.30505216542670865,1.312481714454393,-1.151290197834997,0.5282282990325031,1.9504306348916927,0.13850309814703582,1.0,0.0,1
-1.672476878155796,1.2055440408160665,-0.21933692791504864,-0.839687535487991,-0.7976753649066362,1.7513484914167454,0.0,0.0,0
1.513542136504906,-0.9759845014057923,0.7126163420048998,-0.4445118499598483,0.06367129174657138,0.4409116093851064,0.0,0.0,0
-0.6287809940428074,1.0558312977224096,-0.8924142895239002,-0.049336164431705534,0.8429849334804258,-2.2807649917575286,0.0,0.0,0
0.03039535381802745,0.3714301864371207,-1.2548405611594358,0.6194226880005361,0.7609519185610727,1.0457286318612475,0.0,0.0,0
-1.1231632549384336,-0.20603325120984253,0.45374043369380296,-0.7788912761759691,-0.18242775301148792,-1.5751451322020305,0.0,0.0,0
1.4036794118614333,-0.8262717583121355,0.039538980396048126,-1.5692426472322547,1.1301004856981618,0.23930593522639268,1.0,1.0,0
-0.5738496317210712,-0.719334084673809,-0.37466247290170673,0.7714133362805909,-0.7566588574469596,-0.8695252726465327,1.0,1.0,0
1.5684734988266422,2.125208034105673,1.7481199752492869,1.2881815404327777,1.0890839782384851,2.2553626768135295,0.0,1.0,1
0.634640339357126,0.029229630794475898,0.764391523667119,-0.049336164431705534,-0.18242775301148792,1.4489399801786749,1.0,0.0,0
-0.4090555447558625,0.8419559504457569,-0.32288729123948734,0.801811465936602,0.9250179483997789,-0.7687224355671758,0.0,1.0,1
0.9092971509658072,-0.783496688856805,-0.5817631995505841,1.6225609666488985,0.18672081412560104,-0.06310257601167786,0.0,0.0,0
-0.29919282011238996,-0.7621091541291395,-0.7888639261994616,-2.572380925880617,-0.30547727539051756,0.23930593522639268,1.0,0.0,0
1.4586107741831695,1.1413814366330706,1.178592976964874,1.2577834107767667,1.6222985752142802,0.9449257947818905,1.0,0.0,1
1.6783362234701147,-1.3609601265037676,0.6090659786804611,-0.8700856651440021,-1.7410550364791968,0.03770026106767898,0.0,0.0,0
0.5247776147136536,-0.3985210637588298,0.5055156153560223,0.589024558344525,0.1457043066659245,-1.0711309468052463,1.0,1.0,0
-0.24426145779065372,0.07200470024980632,0.2984148887071449,0.04185822453632741,0.022654784286894828,-0.7687224355671758,0.0,0.0,0
1.513542136504906,0.1361673044328023,1.7481199752492869,1.2577834107767667,1.9504306348916927,0.03770026106767898,1.0,0.0,1
-0.9034378056514886,-0.16325818175451134,-1.5137164694705325,-0.839687535487991,-1.7820715439388735,1.1465314689406043,0.0,0.0,0
-0.9583691679732248,0.43559279062011597,0.9197170686537771,-1.9948164624164084,1.1711169931578382,0.34010877230574954,1.0,1.0,0
1.6234048611483785,0.7350182768074304,1.6963447935870675,0.4370339100644702,0.8429849334804258,-0.7687224355671758,0.0,0.0,0
1.6234048611483785,0.7777933462627609,1.1268177953026546,1.2273852811207557,1.2531500080771913,0.7433201206231769,1.0,0.0,0
0.7994344263223347,-0.9759845014057923,1.333918521951532,1.075394632840701,1.3351830229965445,-0.3655110872497484,0.0,0.0,0
1.6234048611483785,-0.27019585539283775,2.4729725185203577,-0.4445118499598483,0.8019684260207492,0.9449257947818905,1.0,0.0,1
1.0191598756092797,1.2483191102713969,-0.32288729123948734,1.6529590963049094,1.1711169931578382,2.5577711880516003,0.0,1.0,1
0.634640339357126,0.9488936240840833,0.2984148887071449,-0.1101324237437275,0.7609519185610727,-0.3655110872497484,0.0,0.0,1
1.2388853248962246,-1.3823476612314332,-0.840639107861681,0.5586264286885141,-0.4695433052292238,0.8441229577025338,1.0,0.0,0
1.074091237931016,0.3928177211647856,0.8679418869915578,0.07225635419233839,0.39180335142398376,-0.7687224355671758,1.0,0.0,1
1.348748049539697,-2.002586168333726,1.2303681586270934,0.31544139144042627,-0.6336093350679299,-0.06310257601167786,1.0,0.0,0
-1.6175455158340597,0.07200470024980632,-1.2030653794972164,0.16345074316037134,-0.6746258425276065,-0.06310257601167786,0.0,1.0,0
0.2501208031049724,1.975495291012017,-0.32288729123948734,-0.5661043685838922,-1.2078404395034017,-0.26470825017039157,0.0,0.0,0
1.0191598756092797,-0.9332094319504619,-0.7888639261994616,-0.38371559064782634,0.26875382904495415,2.456968350972243,0.0,0.0,0
-1.3978200665471148,-0.8262717583121355,-0.7370887445372422,-0.5661043685838922,-1.0437744096646955,-0.46631392432910523,1.0,0.0,0
-0.6287809940428074,0.8205684157180912,0.6090659786804611,2.108931041145074,-0.22344426047116447,0.5417144464644632,1.0,0.0,1
-1.2879573419036423,-1.553447939052755,-1.3583909244838746,-1.6300389065442766,-0.6746258425276065,-2.0791593175988146,0.0,0.0,0
0.3599835277484449,-0.6123964110354826,0.5572907970182417,1.8961441335529974,-1.5769890066404906,0.4409116093851064,1.0,1.0,0
-0.7935750810080161,0.6494681378967688,-1.7208171961194099,1.6529590963049094,1.663315082673957,1.0457286318612475,0.0,1.0,0
-1.5626141535123235,-0.6123964110354826,-0.7888639261994616,-0.839687535487991,-1.0437744096646955,-0.6679195984878189,1.0,0.0,0
-0.4090555447558625,-0.20603325120984253,-0.5817631995505841,-0.4749099796158593,-0.4695433052292238,-2.2807649917575286,0.0,0.0,0
1.513542136504906,0.7991808809904264,0.5055156153560223,0.19384887281638233,-0.10039473809213482,0.03770026106767898,1.0,0.0,0
-1.0133005302949611,0.4569803253477816,-1.2548405611594358,-0.38371559064782634,-0.22344426047116447,-0.06310257601167786,1.0,0.0,0
0.9642285132875436,0.30726758225412476,0.4019652520315836,-0.8092894058319801,1.6222985752142802,0.7433201206231769,0.0,0.0,0
1.4036794118614333,-0.31297092484816896,1.2821433402893125,0.46743203972048114,1.1301004856981618,2.053757002654816,0.0,0.0,1
-1.2879573419036423,0.41420525589245116,-1.876142741106068,0.9234039845606459,0.4328198588836603,-0.46631392432910523,0.0,0.0,0
-0.3541241824341262,-0.0990955775715161,-0.5299880178883648,-0.7180950168639472,0.22773732158527757,-0.8695252726465327,1.0,0.0,0
1.1290226002527521,0.499755394803112,0.764391523667119,0.3762376507524482,0.18672081412560104,-1.1719337838846031,1.0,0.0,1
-1.672476878155796,-0.4840712026694906,-1.9796931044305066,-2.3291958886325292,-1.7820715439388735,0.03770026106767898,0.0,0.0,0
-0.6837123563645436,-0.16325818175451134,0.8161667053293384,0.04185822453632741,-0.5925928276082534,0.4409116093851064,0.0,1.0,0
-0.24426145779065372,-0.9973720361334579,-0.7888639261994616,-0.049336164431705534,-0.7566588574469596,-0.5671167614084621,1.0,0.0,0
0.7994344263223347,-0.013545438660854517,0.09131416205826748,0.4066357804084592,1.0890839782384851,0.8441229577025338,1.0,0.0,0
1.513542136504906,-0.8048842235844699,0.3501900703693643,0.28504326178441525,0.3097703365046307,0.5417144464644632,1.0,0.0,0
-1.3978200665471148,-1.1043097097717842,0.2984148887071449,-1.0524744430800679,0.5148528738030135,-0.06310257601167786,0.0,0.0,0
0.634640339357126,0.2858800475264592,0.8161667053293384,0.801811465936602,1.3351830229965445,-0.8695252726465327,1.0,1.0,1
1.5684734988266422,0.24310497807112874,0.4019652520315836,0.680218947312558,0.10468779920624793,-0.46631392432910523,1.0,1.0,1
-1.3428887042253785,0.8419559504457569,-0.1675617462528293,-0.07973429408771651,-1.7820715439388735,-2.2807649917575286,1.0,1.0,0
0.7994344263223347,-0.41990859848649537,0.7126163420048998,0.46743203972048114,1.212133500617515,0.23930593522639268,1.0,0.0,0
0.14025807846149993,0.4569803253477816,0.2984148887071449,1.1969871514647448,1.376199530456221,0.03770026106767898,1.0,1.0,1
-1.0133005302949611,0.5853055337137736,-0.995964652848339,0.34583952109643723,-1.4129229768017844,0.13850309814703582,1.0,0.0,0
-0.8485064433297523,0.4783678600754472,-1.151290197834997,-0.049336164431705534,1.212133500617515,0.4409116093851064,1.0,0.0,0
0.19518944078323616,-0.8262717583121355,0.3501900703693643,1.3185796700887886,-0.05937823063245827,0.34010877230574954,0.0,1.0,0
0.9642285132875436,0.17894237388813272,0.2984148887071449,0.832209595592613,0.4328198588836603,-0.06310257601167786,1.0,0.0,0
0.4149148900701811,0.3928177211647856,1.5927944302626287,1.4705703183688437,1.663315082673957,0.03770026106767898,0.0,0.0,0
-1.5626141535123235,0.029229630794475898,-2.0314682860927262,-0.07973429408771651,0.5968858887223666,-1.5751451322020305,0.0,0.0,0
-1.672476878155796,-2.002586168333726,-0.06401138292839058,-2.572380925880617,-0.4285267977695472,-0.6679195984878189,0.0,0.0,0
1.6234048611483785,0.20032990861579833,1.0750426136404352,1.9265422632090083,0.9660344558594555,0.13850309814703582,0.0,0.0,1
-1.452751428868851,2.2963083119269965,-0.840639107861681,0.011460094880316431,1.0480674707788087,-0.8695252726465327,1.0,0.0,0
1.1839539625744884,-0.33435845957583377,1.4374688852759707,0.3762376507524482,-0.22344426047116447,0.9449257947818905,1.0,0.0,1
0.5247776147136536,-0.719334084673809,-0.11578656459060994,0.34583952109643723,-0.3464937828501941,-0.6679195984878189,0.0,1.0,0
-1.5626141535123235,0.41420525589245116,-0.4782128362261454,-0.8700856651440021,-1.2488569469630781,0.13850309814703582,0.0,0.0,0
1.1839539625744884,0.35004265170945514,-1.151290197834997,0.801811465936602,0.1457043066659245,0.13850309814703582,0.0,0.0,0
-0.1893300954689175,1.2483191102713969,-0.6853135628750229,-0.32291933133580436,0.10468779920624793,0.7433201206231769,0.0,0.0,0
1.6783362234701147,-1.2540224528654411,0.5055156153560223,1.5921628369928875,-0.4695433052292238,0.9449257947818905,0.0,0.0,1
-0.7935750810080161,0.7777933462627609,-1.4619412878083131,-0.26212307202378243,0.10468779920624793,0.6425172835438201,1.0,0.0,0
-0.3541241824341262,0.628080603169104,-0.42643765456392607,-0.3533174609918154,-0.22344426047116447,-2.179962154678172,1.0,0.0,0
0.634640339357126,-0.12048311229918093,0.7126163420048998,-0.5965024982399032,0.47383636634333687,1.247334306019961,0.0,1.0,0
0.0853267161397637,0.3714301864371207,0.5572907970182417,0.3762376507524482,-1.371906469342108,1.5497428172580316,0.0,0.0,1
-1.233025979581906,1.0772188324500744,-0.6853135628750229,-0.1101324237437275,-0.10039473809213482,-0.5671167614084621,1.0,1.0,0
1.6234048611483785,0.9275060893564177,0.6608411603426804,1.2273852811207557,1.007050963319132,0.34010877230574954,0.0,1.0,1
0.19518944078323616,-1.1470847792271148,0.4019652520315836,-1.0828725727360788,-0.6746258425276065,-0.9703281097258895,1.0,0.0,0
-1.0133005302949611,0.8633434851734216,-0.6335383812128035,-1.6908351658562986,-0.18242775301148792,-2.0791593175988146,0.0,0.0,0
-0.07946737082544503,-0.034932973388520104,0.6090659786804611,0.5586264286885141,-1.5769890066404906,-0.7687224355671758,1.0,0.0,0
0.854365788644071,0.0933922349774719,1.178592976964874,1.7441534852729423,0.55586938126269,-0.5671167614084621,1.0,0.0,1
-0.9583691679732248,0.11477976970513673,-0.6853135628750229,-1.2956594803281558,0.18672081412560104,-0.46631392432910523,0.0,0.0,0
-1.3428887042253785,-0.12048311229918093,-1.6172668327949713,0.8930058549046349,-0.18242775301148792,-1.0711309468052463,1.0,0.0,0
-1.0133005302949611,1.2483191102713969,-1.2030653794972164,0.13305261350436037,1.0890839782384851,-0.8695252726465327,0.0,0.0,0
-0.5189182693993349,-0.056320508116184935,-0.7888639261994616,-0.23172494236777144,-0.14141124555181137,-0.06310257601167786,0.0,1.0,0
1.513542136504906,-1.125697244499449,0.8161667053293384,0.04185822453632741,0.47383636634333687,-0.7687224355671758,0.0,0.0,1
1.348748049539697,-0.3771335290311642,1.1268177953026546,-0.7788912761759691,0.3097703365046307,0.5417144464644632,1.0,1.0,0
1.6234048611483785,0.22171744334346316,1.644569611924848,1.6225609666488985,1.1711169931578382,0.7433201206231769,1.0,0.0,1
0.4149148900701811,1.2910941797267272,0.24663970704492555,-0.23172494236777144,-0.7976753649066362,2.3561655138928863,1.0,1.0,0
-0.6287809940428074,0.6494681378967688,-0.42643765456392607,-0.8092894058319801,-0.8386918723663127,1.0457286318612475,0.0,1.0,0
-0.9034378056514886,-0.847659293039801,-0.5299880178883648,0.3762376507524482,0.6789189036417196,0.13850309814703582,0.0,0.0,0
0.6895717016788623,2.5743462633866443,0.09131416205826748,-0.8700856651440021,-0.8797083798259893,-0.6679195984878189,0.0,0.0,0
-0.7935750810080161,0.30726758225412476,-1.2548405611594358,-1.6300389065442766,-0.3464937828501941,0.23930593522639268,0.0,0.0,0
0.7994344263223347,1.3338692491820585,-0.7370887445372422,0.6194226880005361,1.8683976199723396,0.34010877230574954,0.0,0.0,1
1.1290226002527521,-0.12048311229918093,0.2984148887071449,0.710617076968569,0.10468779920624793,-0.46631392432910523,0.0,1.0,1
-0.4639869070775987,0.5853055337137736,-0.01223620126617123,0.3762376507524482,-0.3464937828501941,0.7433201206231769,1.0,0.0,0
-0.3541241824341262,0.8847310199010873,-0.7888639261994616,-0.23172494236777144,0.3097703365046307,-1.4743422951226737,0.0,0.0,0
-0.4090555447558625,1.2697066449990626,-0.4782128362261454,2.412912337705184,0.022654784286894828,-0.26470825017039157,1.0,0.0,0
1.513542136504906,1.1199939019054057,1.3856937036137513,0.680218947312558,0.9660344558594555,0.6425172835438201,0.0,0.0,1
1.513542136504906,0.9275060893564177,1.4374688852759707,0.6194226880005361,0.22773732158527757,-0.26470825017039157,0.0,0.0,1
1.513542136504906,-0.2915833901205034,0.2984148887071449,-0.1405305533997385,1.2531500080771913,-0.1639054130910347,0.0,0.0,1
0.6895717016788623,-0.5482338068524866,1.178592976964874,0.28504326178441525,1.1301004856981618,-0.1639054130910347,1.0,0.0,1
0.46984625239191735,0.3714301864371207,1.1268177953026546,0.862607725248624,0.10468779920624793,-0.8695252726465327,1.0,0.0,0
-0.1893300954689175,0.9916686935394137,-0.9441894711861196,1.2577834107767667,-0.9617413947453424,1.1465314689406043,1.0,0.0,0
-0.9583691679732248,-0.20603325120984253,-1.3066157428216552,-1.7820295548243315,-1.002757902205019,-1.0711309468052463,1.0,0.0,0
0.6895717016788623,1.1199939019054057,1.333918521951532,0.31544139144042627,0.47383636634333687,0.34010877230574954,1.0,0.0,1
-1.7274082404775322,1.5263570617310458,-1.3583909244838746,0.04185822453632741,0.47383636634333687,0.23930593522639268,0.0,0.0,0
-0.4090555447558625,-0.9118218972227963,-1.9279179227682874,0.19384887281638233,-1.4949559917211375,-0.9703281097258895,0.0,0.0,0
-1.3978200665471148,-0.8262717583121355,-2.0314682860927262,-0.7484931465199581,-1.6180055141001672,-0.06310257601167786,1.0,1.0,0
-1.2879573419036423,-0.12048311229918093,-1.0995150161727776,-0.049336164431705534,-0.14141124555181137,-1.0711309468052463,1.0,0.0,0
-0.4639869070775987,0.35004265170945514,-1.2030653794972164,-0.839687535487991,0.7609519185610727,1.3481371430993179,1.0,1.0,1
-1.7274082404775322,-0.5054587373971562,-1.5137164694705325,0.6194226880005361,-1.4949559917211375,-1.2727366209639601,0.0,1.0,0
0.634640339357126,1.4194193880927193,0.45374043369380296,1.5009684480248546,-0.4285267977695472,-0.6679195984878189,1.0,1.0,1
-1.3428887042253785,0.4569803253477816,0.09131416205826748,-1.6604370362002876,2.6066947542465173,-1.373539458043317,0.0,1.0,0
-0.4639869070775987,0.07200470024980632,-0.5299880178883648,-1.143668832048101,0.47383636634333687,-1.4743422951226737,1.0,0.0,0
1.6783362234701147,-1.4465102654144284,1.9552207018981642,-0.5661043685838922,-0.14141124555181137,1.6505456543373884,0.0,0.0,0
-1.1780946172601698,-1.3181850570484372,0.19486452538270618,-0.1405305533997385,-0.05937823063245827,0.4409116093851064,0.0,0.0,0
1.0191598756092797,0.30726758225412476,1.7481199752492869,-0.6572987575519251,0.26875382904495415,0.13850309814703582,1.0,0.0,1
-0.8485064433297523,-2.002586168333726,-0.42643765456392607,-1.0524744430800679,0.022654784286894828,-0.7687224355671758,0.0,1.0,0
-1.3428887042253785,1.0772188324500744,-2.186793831079384,0.10265448384834938,0.10468779920624793,0.8441229577025338,1.0,0.0,0
0.14025807846149993,-0.1418706470268465,0.4019652520315836,-0.018938034775694553,-0.05937823063245827,-0.8695252726465327,0.0,0.0,0
0.14025807846149993,3.3656850483102603,0.8679418869915578,1.0145983735286788,1.458232545375574,0.7433201206231769,1.0,1.0,1
0.03039535381802745,2.4032459855653228,-0.06401138292839058,-0.4445118499598483,-0.264460767930841,-0.8695252726465327,0.0,1.0,1
1.4586107741831695,-0.16325818175451134,2.2658717918714806,1.1361908921527228,2.0324636498110458,-0.5671167614084621,0.0,0.0,1
-1.5076827911905872,-0.07770804284385052,-0.42643765456392607,-1.174066961704112,-1.4949559917211375,0.6425172835438201,0.0,1.0,0
0.5247776147136536,1.0558312977224096,0.764391523667119,0.16345074316037134,-0.6746258425276065,0.8441229577025338,0.0,0.0,1
0.3599835277484449,1.7830074784630299,1.0232674319782158,0.7714133362805909,0.6789189036417196,0.5417144464644632,1.0,1.0,1
1.4036794118614333,-1.6603856126910812,1.2303681586270934,0.34583952109643723,-0.8386918723663127,-0.9703281097258895,1.0,1.0,0
0.46984625239191735,-1.8100983557847388,-1.4619412878083131,-0.1405305533997385,-0.3464937828501941,-0.46631392432910523,1.0,1.0,0
-0.24426145779065372,-0.6123964110354826,-0.5299880178883648,-0.9004837948000131,0.1457043066659245,0.13850309814703582,1.0,0.0,0
-1.3978200665471148,0.628080603169104,-0.11578656459060994,-0.7180950168639472,0.5968858887223666,-0.9703281097258895,0.0,1.0,0
-1.2879573419036423,0.5425304642584424,-1.5137164694705325,-0.4141137203038373,0.4328198588836603,1.247334306019961,1.0,1.0,0
-1.3428887042253785,1.1199939019054057,-1.0995150161727776,-1.5692426472322547,-0.30547727539051756,-2.2807649917575286,0.0,0.0,0
-1.1231632549384336,-1.2112473834101107,-1.565491651132752,-1.143668832048101,-0.7976753649066362,-0.8695252726465327,0.0,0.0,0
0.0853267161397637,-2.002586168333726,1.333918521951532,-0.018938034775694553,-0.05937823063245827,-0.5671167614084621,0.0,0.0,0
0.03039535381802745,0.9061185546287528,1.2303681586270934,-0.930881924456024,-1.2488569469630781,-2.2807649917575286,1.0,0.0,0
0.854365788644071,-0.8262717583121355,-0.06401138292839058,1.2577834107767667,0.35078684396430726,-1.373539458043317,0.0,0.0,0
1.2388853248962246,-2.002586168333726,0.9714922503159965,1.2577834107767667,-1.371906469342108,0.6425172835438201,0.0,1.0,0
-0.5189182693993349,0.17894237388813272,-0.8924142895239002,-1.2956594803281558,1.6222985752142802,-0.06310257601167786,1.0,0.0,0
1.6234048611483785,0.8419559504457569,1.5927944302626287,2.108931041145074,0.47383636634333687,1.6505456543373884,0.0,0.0,1
-0.4639869070775987,-0.0990955775715161,0.039538980396048126,-0.32291933133580436,-0.4695433052292238,1.4489399801786749,0.0,0.0,0
0.2501208031049724,-0.44129613321416017,0.764391523667119,0.4066357804084592,-0.9207248872856658,0.4409116093851064,1.0,0.0,0
0.14025807846149993,-0.1418706470268465,0.3501900703693643,-0.4141137203038373,-0.715642349987283,0.23930593522639268,1.0,1.0,0
0.634640339357126,-0.35574599430349935,2.4729725185203577,1.0449965031846897,1.9914471423513693,0.03770026106767898,1.0,0.0,1
0.4149148900701811,-1.3609601265037676,-0.4782128362261454,0.2546451321284043,0.5148528738030135,-2.2807649917575286,1.0,0.0,0
-0.5738496317210712,-0.6979465499461435,-1.6690420144571907,-1.1132707023920898,-1.7820715439388735,-1.4743422951226737,1.0,0.0,0
-0.29919282011238996,0.563917998986108,-0.5299880178883648,-1.0524744430800679,1.4172160379158976,0.03770026106767898,1.0,0.0,0
0.14025807846149993,0.35004265170945514,-1.0477398345105584,-1.174066961704112,1.1711169931578382,0.6425172835438201,1.0,0.0,1
-1.7274082404775322,0.20032990861579833,-2.186793831079384,-0.4749099796158593,-0.8386918723663127,0.13850309814703582,1.0,1.0,0
0.14025807846149993,-0.9973720361334579,-0.6335383812128035,0.3762376507524482,-0.14141124555181137,-0.9703281097258895,0.0,0.0,0
0.2501208031049724,-0.16325818175451134,-0.4782128362261454,0.680218947312558,-0.14141124555181137,0.9449257947818905,0.0,0.0,0
0.7994344263223347,-2.002586168333726,-0.11578656459060994,-0.20132681271176045,1.5812820677546038,1.5497428172580316,0.0,1.0,0
-1.0133005302949611,0.22171744334346316,-0.32288729123948734,-1.4172519989521997,-1.0847909171243721,0.8441229577025338,1.0,0.0,0
-1.6175455158340597,1.5049695270033803,-1.5137164694705325,-0.961280054112035,0.18672081412560104,0.8441229577025338,1.0,0.0,0
-1.7274082404775322,-1.4892853348697597,-1.3583909244838746,0.04185822453632741,-1.4129229768017844,-0.6679195984878189,1.0,0.0,0
-1.5076827911905872,-0.5696213415801522,-0.42643765456392607,-1.174066961704112,-1.7820715439388735,0.9449257947818905,1.0,1.0,0
-0.3541241824341262,0.3714301864371207,-0.7888639261994616,0.07225635419233839,1.9094141274320162,0.13850309814703582,1.0,0.0,0
1.2388853248962246,1.312481714454393,0.6608411603426804,-0.17092868305574946,-0.14141124555181137,0.5417144464644632,0.0,1.0,0
1.6783362234701147,-0.44129613321416017,1.4374688852759707,0.9234039845606459,0.4328198588836603,0.4409116093851064,1.0,0.0,1
-1.0133005302949611,-0.6765590152184786,-2.1350186494171646,-0.961280054112035,-1.7820715439388735,-0.1639054130910347,0.0,0.0,0
0.3599835277484449,-2.002586168333726,-1.4619412878083131,0.680218947312558,-0.715642349987283,-0.8695252726465327,0.0,0.0,0
-0.29919282011238996,0.1361673044328023,0.039538980396048126,0.6194226880005361,0.22773732158527757,-0.1639054130910347,1.0,1.0,1
-1.2879573419036423,2.125208034105673,-0.5817631995505841,-0.5053081092718703,-0.264460767930841,0.8441229577025338,1.0,0.0,0
-0.9583691679732248,0.30726758225412476,0.8161667053293384,-0.4445118499598483,0.22773732158527757,-0.5671167614084621,0.0,0.0,0
-0.9583691679732248,0.00784209606681031,-0.5817631995505841,-0.8700856651440021,-0.6746258425276065,0.8441229577025338,1.0,0.0,0
-0.3541241824341262,0.35004265170945514,0.3501900703693643,-1.3564557396401777,0.9660344558594555,0.6425172835438201,1.0,0.0,0
0.5247776147136536,0.00784209606681031,0.24663970704492555,-0.5357062389278813,1.2941665155368678,-0.26470825017039157,0.0,0.0,0
1.513542136504906,-0.8048842235844699,1.2821433402893125,0.6498208176565471,-0.4695433052292238,1.4489399801786749,1.0,0.0,0
-1.0682318926166974,0.8847310199010873,0.45374043369380296,0.07225635419233839,0.022654784286894828,-0.46631392432910523,0.0,0.0,0
1.0191598756092797,0.2644925127987943,-0.840639107861681,0.6194226880005361,0.5148528738030135,1.5497428172580316,0.0,0.0,0
1.6783362234701147,0.05061716552214149,1.4892440669381901,0.4370339100644702,1.0480674707788087,0.5417144464644632,1.0,0.0,1
-0.024536008503708785,-0.9759845014057923,1.5410192486004095,0.6498208176565471,-0.4695433052292238,-0.06310257601167786,1.0,0.0,0
0.3599835277484449,1.376644318637389,0.45374043369380296,0.5282282990325031,0.8429849334804258,-0.8695252726465327,1.0,0.0,0
0.9092971509658072,0.7136307420797648,1.8516703385737256,1.1969871514647448,0.3097703365046307,-0.06310257601167786,1.0,0.0,1
1.074091237931016,-0.5482338068524866,0.2984148887071449,-1.2652613506721448,0.10468779920624793,-0.1639054130910347,1.0,1.0,0
1.5684734988266422,1.0558312977224096,1.0750426136404352,-2.572380925880617,2.073480157270722,-1.1719337838846031,0.0,0.0,0
-0.024536008503708785,-0.4840712026694906,-0.01223620126617123,0.16345074316037134,0.22773732158527757,-0.26470825017039157,1.0,1.0,0
-1.5626141535123235,-0.783496688856805,-2.186793831079384,-2.0860108513844415,-0.3464937828501941,-0.9703281097258895,1.0,0.0,0
-0.13439873314718126,-0.7407216194014746,-0.9441894711861196,-0.38371559064782634,0.1457043066659245,0.5417144464644632,0.0,0.0,0
0.2501208031049724,-1.7887108210570732,-0.6335383812128035,-0.5357062389278813,-0.5105598126889004,1.247334306019961,0.0,0.0,0
-0.5189182693993349,0.5211429295307776,0.24663970704492555,1.3489777997447996,0.26875382904495415,-1.2727366209639601,0.0,0.0,0
0.3599835277484449,-1.8528734252400691,0.8679418869915578,0.13305261350436037,-1.3308899618824312,1.7513484914167454,1.0,1.0,0
0.6895717016788623,-1.2326349181377756,0.7126163420048998,0.19384887281638233,0.9250179483997789,-0.1639054130910347,0.0,0.0,1
-0.9583691679732248,-2.002586168333726,-0.06401138292839058,-0.049336164431705534,-1.7820715439388735,-1.0711309468052463,0.0,0.0,0
0.5797089770353898,-0.056320508116184935,0.2984148887071449,0.589024558344525,-0.018361723172781723,0.7433201206231769,1.0,0.0,0
-0.1893300954689175,-0.12048311229918093,0.7126163420048998,-0.5053081092718703,0.8019684260207492,-0.46631392432910523,1.0,0.0,0
0.19518944078323616,-0.31297092484816896,0.14308934372048684,1.0145983735286788,-1.4129229768017844,-0.06310257601167786,0.0,0.0,0
-1.0682318926166974,-1.0401471055887883,-0.7370887445372422,-1.6604370362002876,-0.4695433052292238,-0.46631392432910523,1.0,0.0,0
-0.024536008503708785,-1.1684723139547804,-0.21933692791504864,0.04185822453632741,-1.0847909171243721,-0.8695252726465327,1.0,0.0,0
-1.3978200665471148,0.499755394803112,-0.4782128362261454,-1.8732239437923646,-0.6746258425276065,0.6425172835438201,1.0,0.0,0
1.4586107741831695,-0.5268462721248218,0.7126163420048998,0.680218947312558,0.9660344558594555,-0.26470825017039157,1.0,0.0,0
1.0191598756092797,0.35004265170945514,1.4374688852759707,0.680218947312558,0.55586938126269,-1.4743422951226737,0.0,1.0,1
-0.5738496317210712,-0.8690468277674659,-1.2548405611594358,1.1057927624967119,-1.7820715439388735,0.4409116093851064,0.0,0.0,0
-0.24426145779065372,0.22171744334346316,-0.995964652848339,-1.4780482582642216,-0.9617413947453424,-1.2727366209639601,0.0,0.0,0
-1.672476878155796,1.376644318637389,-0.6853135628750229,-0.930881924456024,0.8840014409401024,-1.2727366209639601,1.0,0.0,0
0.5247776147136536,0.628080603169104,0.2984148887071449,1.1057927624967119,0.7609519185610727,1.1465314689406043,1.0,0.0,0
0.6895717016788623,-0.3985210637588298,0.14308934372048684,0.5282282990325031,1.4992490528352507,-1.1719337838846031,1.0,0.0,0
1.6234048611483785,0.2858800475264592,1.7998951569115063,0.9234039845606459,2.073480157270722,-2.2807649917575286,1.0,0.0,1
1.348748049539697,-0.22742078593750736,0.5055156153560223,-0.3533174609918154,-0.05937823063245827,0.6425172835438201,1.0,1.0,0
1.1290226002527521,0.029229630794475898,0.6608411603426804,-0.049336164431705534,2.5246617393271644,-0.26470825017039157,0.0,0.0,0
-1.452751428868851,-0.31297092484816896,-0.01223620126617123,0.46743203972048114,-0.715642349987283,-0.3655110872497484,1.0,1.0,0
-0.24426145779065372,-0.1418706470268465,0.9197170686537771,-0.17092868305574946,-1.1258074245840486,-0.3655110872497484,0.0,0.0,0
-0.24426145779065372,0.24310497807112874,0.9714922503159965,0.31544139144042627,-0.6336093350679299,0.13850309814703582,1.0,0.0,0
0.634640339357126,-0.9973720361334579,0.24663970704492555,-0.049336164431705534,-1.7820715439388735,-0.7687224355671758,1.0,0.0,0
0.634640339357126,-1.0187595708611228,1.333918521951532,-1.022076313424057,1.212133500617515,1.4489399801786749,1.0,0.0,0
-0.6837123563645436,-1.403735195959098,-1.2030653794972164,0.28504326178441525,0.7609519185610727,-1.5751451322020305,0.0,0.0,0
-0.13439873314718126,-1.6176105432357508,-0.7370887445372422,0.07225635419233839,-1.4129229768017844,0.4409116093851064,0.0,0.0,0
1.6234048611483785,-1.2112473834101107,-0.5817631995505841,2.534504856329228,-0.10039473809213482,0.7433201206231769,0.0,0.0,0
-1.1780946172601698,0.20032990861579833,0.3501900703693643,-1.3564557396401777,-0.3464937828501941,-0.8695252726465327,1.0,1.0,0
1.4036794118614333,-0.8904343624951314,0.3501900703693643,1.1665890218087338,-0.8386918723663127,-0.9703281097258895,1.0,0.0,0
1.2388853248962246,0.563917998986108,0.764391523667119,-0.5357062389278813,-1.002757902205019,1.0457286318612475,0.0,0.0,0
-0.24426145779065372,0.07200470024980632,-0.840639107861681,0.07225635419233839,-0.3464937828501941,-1.0711309468052463,1.0,0.0,0
-0.4090555447558625,-1.9811986336060605,0.19486452538270618,0.31544139144042627,-0.8797083798259893,-0.6679195984878189,0.0,0.0,0
0.3599835277484449,0.6922432073521,-0.01223620126617123,-1.5692426472322547,-0.018361723172781723,0.8441229577025338,1.0,0.0,0
1.6234048611483785,0.8633434851734216,0.19486452538270618,0.680218947312558,1.0480674707788087,0.13850309814703582,1.0,0.0,1
0.03039535381802745,-0.9973720361334579,0.3501900703693643,-0.6876968872079362,0.8429849334804258,-1.877553643440101,1.0,0.0,0
-1.7274082404775322,0.4569803253477816,-2.186793831079384,-1.2348632210161339,-0.7566588574469596,1.6505456543373884,1.0,0.0,0
1.348748049539697,-0.847659293039801,0.3501900703693643,0.74101520662458,0.1457043066659245,-0.46631392432910523,0.0,0.0,0
-0.29919282011238996,0.1361673044328023,-1.7208171961194099,0.9538021142166568,0.5148528738030135,-0.46631392432910523,1.0,1.0,0
1.6234048611483785,-1.2754099875931066,0.09131416205826748,0.28504326178441525,0.5968858887223666,0.34010877230574954,1.0,0.0,1
1.348748049539697,-1.8100983557847388,1.0750426136404352,0.3762376507524482,-0.5515763201485769,0.6425172835438201,1.0,0.0,0
1.074091237931016,-0.35574599430349935,-0.6853135628750229,0.49783016937649216,0.1457043066659245,1.952954165575459,1.0,1.0,0
-1.0682318926166974,-0.0990955775715161,-1.8243675594438487,-0.4445118499598483,-0.018361723172781723,-1.7767508063607442,0.0,0.0,0
0.46984625239191735,-0.3771335290311642,0.2984148887071449,-0.8700856651440021,-1.1668239320437253,0.8441229577025338,0.0,0.0,0
-1.6175455158340597,-1.1898598486824452,-1.565491651132752,0.10265448384834938,0.1457043066659245,0.6425172835438201,0.0,0.0,0
0.3599835277484449,-0.3771335290311642,1.6963447935870675,0.34583952109643723,1.1301004856981618,-0.1639054130910347,0.0,1.0,0
-1.452751428868851,0.30726758225412476,0.2984148887071449,-0.17092868305574946,-1.1258074245840486,0.6425172835438201,1.0,1.0,0
-1.3428887042253785,-0.013545438660854517,-1.565491651132752,-1.2652613506721448,-0.38751029030987066,0.8441229577025338,0.0,1.0,0
-0.29919282011238996,0.22171744334346316,0.19486452538270618,-0.4749099796158593,0.47383636634333687,-1.4743422951226737,1.0,0.0,0
-1.2879573419036423,-0.6551714804908131,-0.37466247290170673,-0.8092894058319801,-1.371906469342108,1.6505456543373884,1.0,0.0,0
1.6234048611483785,1.226931575543732,0.7126163420048998,-0.4445118499598483,1.458232545375574,-1.4743422951226737,0.0,1.0,1
0.2501208031049724,-1.1684723139547804,-0.8924142895239002,-1.6604370362002876,-0.22344426047116447,-1.1719337838846031,1.0,0.0,0
0.03039535381802745,0.5211429295307776,-0.01223620126617123,-0.4141137203038373,-1.1668239320437253,-0.26470825017039157,0.0,0.0,0
1.0191598756092797,1.2483191102713969,0.6090659786804611,1.1665890218087338,1.2531500080771913,1.952954165575459,1.0,1.0,1
0.5247776147136536,0.5211429295307776,0.039538980396048126,-0.26212307202378243,-0.6746258425276065,-0.3655110872497484,0.0,0.0,0
0.634640339357126,-0.18464571648217695,0.764391523667119,-0.6876968872079362,0.8429849334804258,-0.06310257601167786,0.0,1.0,0
-0.4639869070775987,-0.5054587373971562,-0.8924142895239002,-1.022076313424057,-1.1258074245840486,1.3481371430993179,0.0,1.0,0
-0.9583691679732248,1.0986063671777402,-1.5137164694705325,-0.5661043685838922,-0.05937823063245827,-0.3655110872497484,0.0,0.0,0
1.4586107741831695,-1.4251227306867635,1.1268177953026546,-0.018938034775694553,1.2531500080771913,-1.1719337838846031,0.0,0.0,1
1.1839539625744884,-0.9759845014057923,1.1268177953026546,2.260921689425129,0.39180335142398376,-0.3655110872497484,1.0,0.0,0
-0.024536008503708785,-0.3771335290311642,-0.8924142895239002,0.8930058549046349,-1.2898734544227548,1.3481371430993179,1.0,0.0,0
-0.024536008503708785,1.2910941797267272,0.6608411603426804,1.2273852811207557,-0.4285267977695472,0.03770026106767898,1.0,0.0,1
-0.4639869070775987,0.41420525589245116,-1.6172668327949713,0.9842002438726679,-0.5925928276082534,1.8521513284961022,0.0,0.0,0
0.46984625239191735,-0.9545969666781274,-0.11578656459060994,-0.9004837948000131,0.06367129174657138,0.7433201206231769,1.0,0.0,0
1.074091237931016,-0.2915833901205034,0.5572907970182417,-0.7180950168639472,0.4328198588836603,-0.6679195984878189,0.0,0.0,0
0.9092971509658072,-0.5910088763078171,0.19486452538270618,-0.7484931465199581,-0.8386918723663127,0.03770026106767898,1.0,0.0,0
1.6234048611483785,-0.6979465499461435,0.7126163420048998,1.7441534852729423,-0.9617413947453424,-0.7687224355671758,1.0,0.0,0
0.9092971509658072,1.034443762994744,2.006995883560384,0.10265448384834938,0.9250179483997789,-0.6679195984878189,0.0,0.0,1
1.4036794118614333,-1.3823476612314332,0.3501900703693643,-0.839687535487991,-0.14141124555181137,4.573827929638737,1.0,0.0,0
1.074091237931016,1.6760698048247034,2.4729725185203577,0.4370339100644702,3.016859828843283,1.0457286318612475,1.0,0.0,1
-1.1231632549384336,0.8847310199010873,-0.4782128362261454,-0.4749099796158593,-0.018361723172781723,0.7433201206231769,1.0,0.0,0
1.6234048611483785,1.1413814366330706,1.2303681586270934,1.1665890218087338,2.6066947542465173,-0.5671167614084621,0.0,1.0,1
0.3599835277484449,-0.44129613321416017,0.6090659786804611,0.28504326178441525,-1.2488569469630781,1.5497428172580316,0.0,0.0,0
-1.672476878155796,-0.12048311229918093,0.6608411603426804,-1.4476501286082106,-1.7820715439388735,0.9449257947818905,1.0,0.0,0
-1.6175455158340597,-1.4465102654144284,-1.876142741106068,-0.3533174609918154,-1.7820715439388735,1.7513484914167454,1.0,1.0,0
0.9092971509658072,-0.5054587373971562,-0.1675617462528293,-0.2925212016797934,1.007050963319132,1.8521513284961022,1.0,0.0,0
0.2501208031049724,0.5425304642584424,-0.37466247290170673,0.10265448384834938,1.827381112512663,-1.4743422951226737,0.0,0.0,0
0.9092971509658072,1.3552567839097234,0.6608411603426804,1.3185796700887886,0.1457043066659245,-1.0711309468052463,0.0,0.0,1
1.2938166872179608,-1.1043097097717842,-0.32288729123948734,-0.26212307202378243,-0.4285267977695472,-0.9703281097258895,1.0,0.0,0
-0.8485064433297523,-0.35574599430349935,-0.5817631995505841,-0.930881924456024,-1.6180055141001672,-1.0711309468052463,1.0,0.0,0
1.4586107741831695,-0.12048311229918093,2.2658717918714806,1.1361908921527228,-1.3308899618824312,0.34010877230574954,1.0,0.0,1
0.9092971509658072,-1.403735195959098,0.764391523667119,-0.6876968872079362,0.5148528738030135,-0.5671167614084621,0.0,1.0,0
-1.672476878155796,0.628080603169104,-1.4101661061460937,-0.9004837948000131,-0.18242775301148792,1.952954165575459,0.0,0.0,0
-1.672476878155796,-0.719334084673809,-1.6172668327949713,-0.32291933133580436,-1.002757902205019,1.7513484914167454,1.0,0.0,0
-0.24426145779065372,-0.16325818175451134,0.45374043369380296,1.7441534852729423,-1.5359724991808141,-0.06310257601167786,1.0,0.0,0
1.1839539625744884,-0.44129613321416017,0.24663970704492555,0.9538021142166568,1.5402655602949271,1.952954165575459,1.0,0.0,0
-0.5189182693993349,-0.783496688856805,0.9714922503159965,0.07225635419233839,-1.0847909171243721,1.4489399801786749,0.0,0.0,0
0.2501208031049724,0.029229630794475898,1.5927944302626287,0.6194226880005361,0.47383636634333687,-0.46631392432910523,1.0,0.0,1
-0.024536008503708785,-0.18464571648217695,0.14308934372048684,-1.022076313424057,-1.5359724991808141,-2.0791593175988146,0.0,0.0,0
0.03039535381802745,-0.35574599430349935,-0.01223620126617123,0.07225635419233839,-0.4285267977695472,-0.26470825017039157,0.0,1.0,0
-1.7274082404775322,-0.719334084673809,-0.4782128362261454,-0.8700856651440021,-0.7566588574469596,-0.7687224355671758,1.0,1.0,0
-0.7386437186862799,0.35004265170945514,0.24663970704492555,0.07225635419233839,0.10468779920624793,0.13850309814703582,1.0,0.0,0
1.6234048611483785,1.718844874280033,0.5572907970182417,1.1665890218087338,1.376199530456221,0.13850309814703582,1.0,1.0,1
-1.672476878155796,0.17894237388813272,-1.565491651132752,-0.2925212016797934,-0.14141124555181137,-0.06310257601167786,0.0,0.0,0
1.1290226002527521,1.0558312977224096,-0.1675617462528293,0.4370339100644702,-0.264460767930841,0.5417144464644632,0.0,0.0,0
0.634640339357126,-1.403735195959098,0.7126163420048998,0.04185822453632741,-0.05937823063245827,-1.1719337838846031,0.0,0.0,0
-0.3541241824341262,0.20032990861579833,0.24663970704492555,-1.204465091360123,-0.018361723172781723,0.34010877230574954,0.0,0.0,0
-0.024536008503708785,-1.1043097097717842,-0.995964652848339,-0.5357062389278813,-0.264460767930841,-0.46631392432910523,1.0,0.0,0
-1.452751428868851,-1.4892853348697597,-1.3583909244838746,0.3762376507524482,-0.8797083798259893,0.03770026106767898,0.0,0.0,0
-0.024536008503708785,-0.719334084673809,-0.995964652848339,0.13305261350436037,-1.6180055141001672,0.9449257947818905,0.0,1.0,0
1.2388853248962246,1.2483191102713969,0.19486452538270618,0.7714133362805909,-0.30547727539051756,-1.1719337838846031,1.0,0.0,0
-1.5626141535123235,1.0130562282670792,-0.7370887445372422,1.3185796700887886,-1.7820715439388735,-0.3655110872497484,0.0,1.0,0
1.2388853248962246,0.2858800475264592,0.3501900703693643,-0.6572987575519251,1.1711169931578382,-0.06310257601167786,0.0,1.0,0
-1.1780946172601698,-1.553447939052755,-1.0477398345105584,-1.8124276844803424,-0.10039473809213482,-0.6679195984878189,0.0,0.0,0
1.2938166872179608,-0.16325818175451134,-0.271112109577268,2.0785329114890634,1.007050963319132,0.9449257947818905,0.0,0.0,1
1.4586107741831695,0.32865511698178956,1.178592976964874,0.74101520662458,0.8019684260207492,-0.6679195984878189,0.0,1.0,1
-0.8485064433297523,0.20032990861579833,-0.6335383812128035,-0.5053081092718703,-1.7820715439388735,-0.6679195984878189,0.0,0.0,0
1.6783362234701147,-1.874260959967734,0.6608411603426804,-0.7788912761759691,-0.8386918723663127,-0.6679195984878189,1.0,0.0,0
0.30505216542670865,-0.8904343624951314,0.09131416205826748,0.34583952109643723,-0.22344426047116447,1.0457286318612475,1.0,1.0,0
-0.4639869070775987,-0.034932973388520104,-0.21933692791504864,0.31544139144042627,-0.18242775301148792,-0.5671167614084621,0.0,0.0,1
-1.5076827911905872,0.5853055337137736,-1.6690420144571907,-1.4780482582642216,-0.5515763201485769,0.34010877230574954,1.0,0.0,0
1.074091237931016,-2.002586168333726,-0.32288729123948734,-0.07973429408771651,0.22773732158527757,2.053757002654816,1.0,0.0,0
0.0853267161397637,-0.1418706470268465,1.3856937036137513,-0.2925212016797934,-0.14141124555181137,-0.06310257601167786,1.0,0.0,0
-1.452751428868851,0.17894237388813272,-1.5137164694705325,-0.32291933133580436,-0.38751029030987066,1.0457286318612475,1.0,1.0,0
-0.5738496317210712,0.9061185546287528,-0.4782128362261454,-1.0524744430800679,-0.4695433052292238,1.6505456543373884,0.0,1.0,0
-1.1780946172601698,0.7350182768074304,-0.11578656459060994,0.832209595592613,0.7199354111013961,0.9449257947818905,0.0,1.0,0
1.6783362234701147,0.628080603169104,2.4729725185203577,1.6833572259609204,0.35078684396430726,0.03770026106767898,1.0,0.0,1
0.854365788644071,-0.783496688856805,-0.32288729123948734,-0.1405305533997385,-1.371906469342108,0.6425172835438201,1.0,1.0,0
-0.9034378056514886,-1.9384235641507301,-0.32288729123948734,-0.961280054112035,-1.453939484261461,-1.373539458043317,1.0,0.0,0
0.03039535381802745,-0.3771335290311642,-0.4782128362261454,-0.17092868305574946,-0.5925928276082534,-0.8695252726465327,0.0,1.0,0
-1.2879573419036423,1.0558312977224096,-1.3066157428216552,-0.991678183768046,0.8429849334804258,-0.6679195984878189,0.0,0.0,0
1.513542136504906,1.4621944575480506,0.5572907970182417,0.5586264286885141,1.0480674707788087,2.3561655138928863,1.0,1.0,0
1.4586107741831695,0.7564058115350952,0.19486452538270618,0.5282282990325031,0.55586938126269,-0.7687224355671758,0.0,0.0,0
-1.452751428868851,0.4783678600754472,-1.0477398345105584,0.9842002438726679,-1.4949559917211375,-0.9703281097258895,0.0,0.0,0
-0.9034378056514886,0.41420525589245116,-1.7208171961194099,0.589024558344525,0.47383636634333687,-1.1719337838846031,0.0,0.0,0
-0.1893300954689175,-0.5482338068524866,0.5572907970182417,0.680218947312558,-1.0437744096646955,0.5417144464644632,0.0,0.0,0
-1.6175455158340597,-0.0990955775715161,-1.0995150161727776,-0.3533174609918154,-0.7976753649066362,0.03770026106767898,1.0,1.0,0
-0.6837123563645436,1.7402324090076986,-0.1675617462528293,-0.930881924456024,1.827381112512663,1.0457286318612475,0.0,0.0,0
1.513542136504906,-0.9332094319504619,0.7126163420048998,0.4066357804084592,0.5148528738030135,0.7433201206231769,1.0,0.0,1
1.4586107741831695,1.6974573395523673,0.764391523667119,1.8657460038969864,-0.264460767930841,-1.373539458043317,0.0,0.0,1
0.19518944078323616,-0.2915833901205034,0.3501900703693643,-1.1132707023920898,-1.7820715439388735,-0.8695252726465327,0.0,1.0,0
-0.7386437186862799,1.3980318533650538,-1.3583909244838746,0.589024558344525,0.26875382904495415,1.3481371430993179,0.0,1.0,0
-0.3541241824341262,-1.4251227306867635,-0.5299880178883648,1.6833572259609204,-1.6590220215598437,-0.26470825017039157,0.0,0.0,1
-1.6175455158340597,0.628080603169104,-1.7725923777816293,0.4370339100644702,0.22773732158527757,1.0457286318612475,1.0,0.0,0
1.6783362234701147,-0.719334084673809,0.5572907970182417,1.8353478742409755,0.1457043066659245,-0.06310257601167786,0.0,0.0,0
-0.7386437186862799,-1.4251227306867635,-2.0832434677549454,-0.38371559064782634,-0.5515763201485769,-1.0711309468052463,0.0,0.0,0
-0.6837123563645436,0.24310497807112874,0.5055156153560223,0.680218947312558,-0.8797083798259893,-0.3655110872497484,0.0,0.0,0
-0.024536008503708785,1.0558312977224096,-0.5299880178883648,-0.4141137203038373,1.9504306348916927,-0.9703281097258895,1.0,0.0,1
-1.3978200665471148,-0.847659293039801,-0.1675617462528293,-0.018938034775694553,1.6222985752142802,-0.6679195984878189,1.0,0.0,0
1.074091237931016,-1.5106728695974243,1.5410192486004095,0.74101520662458,-0.3464937828501941,0.23930593522639268,1.0,0.0,0
0.46984625239191735,-0.056320508116184935,-0.6335383812128035,0.46743203972048114,0.35078684396430726,0.5417144464644632,0.0,0.0,0
0.03039535381802745,-0.056320508116184935,-0.7888639261994616,1.2273852811207557,-0.05937823063245827,-1.6759479692813875,0.0,0.0,0
0.4149148900701811,0.5853055337137736,2.162321428547042,-0.17092868305574946,0.06367129174657138,-0.06310257601167786,1.0,0.0,1
0.3599835277484449,1.0130562282670792,1.5410192486004095,0.22424700247239332,-0.264460767930841,-0.5671167614084621,1.0,0.0,1
-0.7935750810080161,-0.034932973388520104,-0.5817631995505841,-0.23172494236777144,-1.371906469342108,-0.7687224355671758,0.0,1.0,0
0.4149148900701811,1.9327202215566859,0.45374043369380296,-0.3533174609918154,-0.05937823063245827,0.13850309814703582,0.0,0.0,0
-1.7274082404775322,0.2644925127987943,-1.6690420144571907,-0.4445118499598483,-0.18242775301148792,-0.6679195984878189,0.0,0.0,0
-1.1780946172601698,-0.33435845957583377,-0.5299880178883648,-2.1164089810404523,-1.1258074245840486,1.247334306019961,0.0,0.0,0
-0.24426145779065372,-1.6176105432357508,-0.6853135628750229,0.5282282990325031,-1.7820715439388735,1.1465314689406043,1.0,1.0,0
1.348748049539697,-0.24880832066517294,-0.5299880178883648,0.5586264286885141,0.6379023961820431,1.247334306019961,1.0,0.0,0
-0.4090555447558625,-0.31297092484816896,-1.2548405611594358,-0.6876968872079362,-0.4285267977695472,-0.5671167614084621,0.0,1.0,0
0.9642285132875436,1.0130562282670792,0.7126163420048998,-0.1405305533997385,1.9094141274320162,-0.9703281097258895,0.0,0.0,1
-0.5189182693993349,0.499755394803112,-1.2030653794972164,-0.2925212016797934,0.26875382904495415,0.03770026106767898,0.0,0.0,0
-0.07946737082544503,-1.1898598486824452,-0.11578656459060994,0.34583952109643723,-1.7820715439388735,-0.1639054130910347,0.0,1.0,0
-0.13439873314718126,0.20032990861579833,-0.8924142895239002,0.49783016937649216,-1.7820715439388735,-0.6679195984878189,0.0,1.0,0
0.5247776147136536,0.7136307420797648,-0.21933692791504864,-0.26212307202378243,-0.264460767930841,-1.1719337838846031,1.0,0.0,0
0.14025807846149993,1.590519665914041,0.7126163420048998,-0.3533174609918154,0.1457043066659245,-0.06310257601167786,1.0,1.0,0
-1.3978200665471148,0.9488936240840833,-0.840639107861681,0.22424700247239332,0.7199354111013961,-0.5671167614084621,1.0,0.0,1
1.513542136504906,0.8205684157180912,1.0750426136404352,0.16345074316037134,0.7609519185610727,0.7433201206231769,1.0,0.0,1
-0.9034378056514886,0.0933922349774719,-0.01223620126617123,-0.2925212016797934,0.6379023961820431,0.5417144464644632,0.0,0.0,0
-0.3541241824341262,0.43559279062011597,0.09131416205826748,0.07225635419233839,-1.2078404395034017,1.0457286318612475,0.0,0.0,0
0.854365788644071,1.312481714454393,1.644569611924848,0.9234039845606459,1.663315082673957,-1.2727366209639601,1.0,1.0,1
1.348748049539697,-1.3395725917761019,0.6090659786804611,1.075394632840701,0.6379023961820431,0.4409116093851064,1.0,0.0,1
1.074091237931016,-0.33435845957583377,0.45374043369380296,-0.7484931465199581,-1.7410550364791968,-0.6679195984878189,0.0,0.0,0
1.513542136504906,-0.7621091541291395,0.14308934372048684,-1.2652613506721448,1.2531500080771913,-1.1719337838846031,1.0,0.0,0
0.9092971509658072,0.41420525589245116,0.2984148887071449,-0.049336164431705534,0.47383636634333687,-0.46631392432910523,0.0,0.0,0
-1.672476878155796,1.2910941797267272,-0.4782128362261454,1.2273852811207557,0.3097703365046307,0.9449257947818905,0.0,0.0,0
-1.7274082404775322,-0.5910088763078171,-0.271112109577268,1.0145983735286788,-1.7410550364791968,-0.46631392432910523,0.0,1.0,0
0.854365788644071,-2.002586168333726,1.2821433402893125,1.6225609666488985,0.9660344558594555,1.5497428172580316,1.0,0.0,1
1.6234048611483785,-0.3985210637588298,-0.1675617462528293,0.4370339100644702,-0.8386918723663127,0.6425172835438201,1.0,0.0,1
-1.1231632549384336,0.970281158811748,-0.01223620126617123,-1.8732239437923646,0.7199354111013961,-0.46631392432910523,0.0,0.0,0
-1.5076827911905872,0.5853055337137736,-2.186793831079384,-2.572380925880617,0.39180335142398376,1.0457286318612475,0.0,1.0,0
0.2501208031049724,0.4783678600754472,0.8161667053293384,-0.3533174609918154,-0.6746258425276065,0.4409116093851064,1.0,0.0,0
-0.024536008503708785,-0.24880832066517294,-0.271112109577268,-0.23172494236777144,1.5402655602949271,-0.9703281097258895,0.0,1.0,0
1.4586107741831695,-1.2754099875931066,1.5410192486004095,1.5313665776808656,0.22773732158527757,1.952954165575459,1.0,0.0,0
1.2388853248962246,0.563917998986108,-0.11578656459060994,1.4401721887128327,1.1711169931578382,0.34010877230574954,0.0,0.0,0
-1.2879573419036423,-0.8262717583121355,-0.06401138292839058,-0.4749099796158593,-1.7820715439388735,-0.06310257601167786,1.0,0.0,0
0.46984625239191735,2.2749207771993305,-0.7370887445372422,-0.1101324237437275,3.0578763363029595,-0.8695252726465327,0.0,1.0,0
0.14025807846149993,0.6066930684414384,-0.37466247290170673,-0.6876968872079362,-0.8797083798259893,1.1465314689406043,1.0,0.0,0
-0.7386437186862799,-0.5696213415801522,-1.2548405611594358,-0.17092868305574946,0.26875382904495415,0.4409116093851064,1.0,1.0,0
0.854365788644071,-0.5910088763078171,-0.6853135628750229,0.8930058549046349,-1.002757902205019,0.6425172835438201,1.0,0.0,0
-0.9034378056514886,-0.056320508116184935,-0.5817631995505841,-0.018938034775694553,-1.002757902205019,-0.5671167614084621,1.0,1.0,0
-1.6175455158340597,-0.20603325120984253,0.14308934372048684,-1.6300389065442766,-0.05937823063245827,0.7433201206231769,0.0,0.0,0
-0.6837123563645436,1.184156506088401,1.4374688852759707,0.589024558344525,1.1711169931578382,0.8441229577025338,0.0,0.0,1
-0.4639869070775987,0.22171744334346316,-0.271112109577268,0.2546451321284043,-1.3308899618824312,-0.7687224355671758,1.0,0.0,0
1.1839539625744884,-0.719334084673809,1.644569611924848,-0.6269006278959142,0.9250179483997789,-1.373539458043317,1.0,1.0,1
1.2938166872179608,1.975495291012017,1.0750426136404352,0.2546451321284043,2.196529679649752,0.6425172835438201,0.0,0.0,1
0.03039535381802745,0.07200470024980632,0.3501900703693643,0.680218947312558,-0.9207248872856658,-1.5751451322020305,0.0,0.0,0
-0.4639869070775987,0.8205684157180912,-0.5817631995505841,-0.20132681271176045,1.5812820677546038,0.13850309814703582,0.0,0.0,0
1.074091237931016,-0.5910088763078171,0.8679418869915578,1.7745516149289533,-1.371906469342108,-0.46631392432910523,1.0,1.0,1
-1.1780946172601698,0.3928177211647856,-0.42643765456392607,0.07225635419233839,-0.8797083798259893,1.1465314689406043,1.0,0.0,0
0.9092971509658072,0.35004265170945514,0.19486452538270618,0.011460094880316431,0.8019684260207492,-0.3655110872497484,0.0,0.0,1
-1.3428887042253785,-1.9170360294230653,-0.995964652848339,-0.961280054112035,-1.7000385290195204,1.0457286318612475,1.0,0.0,0
0.19518944078323616,2.103820499378009,0.09131416205826748,0.589024558344525,1.212133500617515,-0.5671167614084621,0.0,0.0,1
0.30505216542670865,1.3552567839097234,0.8161667053293384,-0.23172494236777144,0.8429849334804258,0.9449257947818905,1.0,0.0,0
0.4149148900701811,-0.3771335290311642,-0.4782128362261454,-0.7180950168639472,-0.30547727539051756,2.053757002654816,0.0,0.0,0
-0.6837123563645436,-1.1043097097717842,-0.5299880178883648,0.13305261350436037,0.06367129174657138,-1.1719337838846031,1.0,1.0,0
1.6234048611483785,0.3928177211647856,2.4729725185203577,1.5313665776808656,0.4328198588836603,0.34010877230574954,0.0,0.0,1
0.14025807846149993,0.11477976970513673,0.9197170686537771,0.6498208176565471,0.18672081412560104,2.759376862210314,1.0,0.0,1
0.854365788644071,0.3928177211647856,1.5927944302626287,1.8353478742409755,1.376199530456221,0.03770026106767898,0.0,1.0,1
1.6234048611483785,0.22171744334346316,1.178592976964874,0.2546451321284043,1.2531500080771913,0.13850309814703582,1.0,0.0,1
-0.4090555447558625,0.5425304642584424,-0.06401138292839058,1.5009684480248546,0.7199354111013961,0.7433201206231769,0.0,0.0,0
0.14025807846149993,1.5049695270033803,0.8161667053293384,-0.4141137203038373,-0.38751029030987066,0.03770026106767898,0.0,1.0,0
-0.4090555447558625,0.6066930684414384,0.8161667053293384,-0.961280054112035,0.5148528738030135,-1.7767508063607442,0.0,1.0,0
-0.1893300954689175,-1.0401471055887883,-1.565491651132752,-1.9036220734483755,-1.3308899618824312,1.1465314689406043,0.0,0.0,0
-0.7935750810080161,1.4194193880927193,-1.5137164694705325,-0.4141137203038373,-0.8386918723663127,-2.0791593175988146,0.0,1.0,0
0.7445030640005985,1.718844874280033,1.4892440669381901,0.22424700247239332,0.8840014409401024,-0.3655110872497484,0.0,1.0,1
-0.7935750810080161,3.258747374671934,-0.7888639261994616,0.862607725248624,0.35078684396430726,1.1465314689406043,1.0,0.0,0
-1.672476878155796,-1.125697244499449,-1.6690420144571907,-0.6876968872079362,-0.30547727539051756,-0.46631392432910523,0.0,0.0,0
1.1839539625744884,0.2858800475264592,-0.06401138292839058,-0.5053081092718703,1.1711169931578382,-0.6679195984878189,1.0,0.0,0
0.14025807846149993,-2.002586168333726,-0.32288729123948734,-0.7180950168639472,-1.7820715439388735,0.8441229577025338,1.0,0.0,0
-0.9034378056514886,0.6066930684414384,-1.6690420144571907,-0.5661043685838922,-0.8797083798259893,-0.9703281097258895,1.0,0.0,0
1.5684734988266422,-0.5268462721248218,2.4729725185203577,-1.0524744430800679,-1.1668239320437253,-1.1719337838846031,1.0,0.0,1
0.46984625239191735,1.9968828257396827,0.2984148887071449,-0.26212307202378243,0.5968858887223666,0.23930593522639268,0.0,0.0,0
0.19518944078323616,-0.7621091541291395,0.09131416205826748,-0.7788912761759691,0.022654784286894828,-0.1639054130910347,0.0,1.0,0
0.03039535381802745,-1.7031606821464125,0.45374043369380296,0.9842002438726679,-0.6746258425276065,-1.2727366209639601,0.0,1.0,1
-1.5626141535123235,-0.4626836679418258,-0.42643765456392607,-0.5661043685838922,-1.4129229768017844,0.5417144464644632,1.0,0.0,0
0.03039535381802745,-2.002586168333726,0.7126163420048998,0.19384887281638233,0.7199354111013961,0.4409116093851064,1.0,0.0,0
-1.0133005302949611,0.7991808809904264,0.039538980396048126,-1.5996407768882657,-1.7820715439388735,-0.46631392432910523,1.0,1.0,0
-0.6287809940428074,-2.002586168333726,-0.8924142895239002,0.4066357804084592,0.4328198588836603,-0.3655110872497484,1.0,1.0,0
0.854365788644071,0.05061716552214149,0.4019652520315836,1.5617647073368766,-0.30547727539051756,0.4409116093851064,1.0,0.0,1
-0.6837123563645436,-2.002586168333726,0.09131416205826748,-2.511584666568595,-0.7566588574469596,1.1465314689406043,1.0,1.0,0
1.2938166872179608,-0.2915833901205034,0.5055156153560223,-0.1405305533997385,-0.30547727539051756,-0.26470825017039157,1.0,0.0,0
-1.3428887042253785,1.718844874280033,-0.9441894711861196,0.28504326178441525,1.663315082673957,0.5417144464644632,0.0,1.0,1
-1.3978200665471148,0.3928177211647856,-0.6853135628750229,0.10265448384834938,-1.4949559917211375,0.4409116093851064,0.0,1.0,0
-1.6175455158340597,-0.847659293039801,-0.5817631995505841,-1.4476501286082106,-1.002757902205019,0.7433201206231769,0.0,0.0,0
-0.8485064433297523,0.00784209606681031,-1.876142741106068,-0.6269006278959142,0.06367129174657138,-0.06310257601167786,0.0,0.0,0
0.03039535381802745,0.05061716552214149,0.5572907970182417,-0.5053081092718703,-1.5359724991808141,-0.9703281097258895,0.0,0.0,0
0.854365788644071,0.5211429295307776,0.4019652520315836,0.589024558344525,-0.38751029030987066,-0.46631392432910523,1.0,0.0,0
-1.1231632549384336,-1.3823476612314332,-0.271112109577268,0.34583952109643723,-0.9617413947453424,0.23930593522639268,0.0,0.0,0
1.4586107741831695,0.628080603169104,1.5927944302626287,0.04185822453632741,-0.14141124555181137,1.8521513284961022,0.0,0.0,1
1.0191598756092797,-2.002586168333726,1.9034455202359448,0.9234039845606459,-0.8386918723663127,-0.46631392432910523,1.0,0.0,1
-0.5738496317210712,-0.6123964110354826,0.5572907970182417,-1.0524744430800679,-0.9207248872856658,0.7433201206231769,1.0,0.0,0
1.2388853248962246,-0.4626836679418258,1.8516703385737256,-0.3533174609918154,0.6789189036417196,-0.26470825017039157,0.0,1.0,1
-0.5738496317210712,0.6708556726244345,0.6090659786804611,0.680218947312558,-0.30547727539051756,0.03770026106767898,1.0,0.0,0
0.7445030640005985,0.05061716552214149,0.7126163420048998,1.1665890218087338,1.1301004856981618,1.5497428172580316,0.0,0.0,1
-0.13439873314718126,-1.403735195959098,-0.06401138292839058,0.4370339100644702,-1.4129229768017844,0.7433201206231769,0.0,1.0,0
0.30505216542670865,-0.9759845014057923,0.8161667053293384,-1.2652613506721448,-1.4949559917211375,-1.2727366209639601,1.0,1.0,0
0.30505216542670865,0.24310497807112874,0.7126163420048998,-0.23172494236777144,1.827381112512663,-0.5671167614084621,1.0,0.0,1
0.6895717016788623,-0.056320508116184935,0.24663970704492555,1.0449965031846897,-0.5105598126889004,1.247334306019961,1.0,0.0,0
1.0191598756092797,-0.5696213415801522,1.0232674319782158,0.34583952109643723,-1.2078404395034017,0.13850309814703582,1.0,1.0,1
1.1839539625744884,-0.4626836679418258,0.8161667053293384,-0.5661043685838922,-1.4949559917211375,-1.1719337838846031,1.0,1.0,0
-1.3428887042253785,0.7350182768074304,-1.565491651132752,0.04185822453632741,0.7609519185610727,-0.9703281097258895,0.0,0.0,0
-0.29919282011238996,-0.5054587373971562,0.7126163420048998,-0.8700856651440021,-0.7566588574469596,0.6425172835438201,1.0,0.0,0
-0.29919282011238996,-0.056320508116184935,-0.1675617462528293,1.5009684480248546,-0.4695433052292238,0.9449257947818905,1.0,1.0,0
0.0853267161397637,2.253533242471665,1.5410192486004095,1.9265422632090083,0.8429849334804258,0.03770026106767898,1.0,0.0,1
-0.6287809940428074,-1.4251227306867635,-1.6172668327949713,0.011460094880316431,0.22773732158527757,2.456968350972243,0.0,1.0,0
-0.13439873314718126,-1.874260959967734,-0.5299880178883648,0.801811465936602,-0.6746258425276065,0.7433201206231769,1.0,0.0,0
0.03039535381802745,0.8419559504457569,0.039538980396048126,0.2546451321284043,2.4016122169481346,-0.26470825017039157,1.0,0.0,0
-0.24426145779065372,-0.6765590152184786,0.6608411603426804,0.46743203972048114,-0.38751029030987066,-0.8695252726465327,0.0,0.0,0
0.7994344263223347,-0.2915833901205034,0.8679418869915578,1.6225609666488985,0.9660344558594555,-0.9703281097258895,0.0,0.0,1
0.03039535381802745,-0.7621091541291395,0.24663970704492555,0.10265448384834938,0.26875382904495415,0.34010877230574954,1.0,1.0,0
-1.5076827911905872,-0.22742078593750736,-1.876142741106068,-0.9004837948000131,-0.7566588574469596,-0.5671167614084621,0.0,0.0,0
1.513542136504906,1.6760698048247034,0.24663970704492555,-0.5661043685838922,0.6789189036417196,1.7513484914167454,1.0,1.0,0
1.5684734988266422,0.8633434851734216,1.333918521951532,0.7714133362805909,1.1301004856981618,1.5497428172580316,1.0,0.0,1
0.854365788644071,0.9061185546287528,-0.37466247290170673,1.3185796700887886,1.0480674707788087,0.6425172835438201,1.0,0.0,1
-0.7386437186862799,-1.4251227306867635,-0.8924142895239002,0.2546451321284043,-1.2078404395034017,-1.2727366209639601,1.0,0.0,0
-1.5626141535123235,-1.1470847792271148,-0.7370887445372422,-0.4141137203038373,-0.8386918723663127,-0.7687224355671758,0.0,0.0,0
0.14025807846149993,-2.002586168333726,-0.6335383812128035,-0.839687535487991,0.7199354111013961,1.247334306019961,1.0,1.0,0
0.9092971509658072,-0.8048842235844699,1.7998951569115063,-1.5692426472322547,1.7043315901336333,-0.5671167614084621,1.0,0.0,0
-0.8485064433297523,1.0130562282670792,0.2984148887071449,-0.5661043685838922,0.8429849334804258,1.0457286318612475,0.0,1.0,1
0.634640339357126,0.563917998986108,-0.6853135628750229,0.13305261350436037,2.0324636498110458,0.4409116093851064,0.0,0.0,0
-0.24426145779065372,-0.20603325120984253,-0.840639107861681,-0.4141137203038373,-0.8797083798259893,0.03770026106767898,1.0,1.0,0
-0.13439873314718126,0.00784209606681031,-1.7725923777816293,0.5282282990325031,0.47383636634333687,-0.7687224355671758,0.0,1.0,0
-0.1893300954689175,-0.6765590152184786,-0.6853135628750229,1.5921628369928875,0.7199354111013961,-0.1639054130910347,1.0,1.0,0
0.7445030640005985,0.24310497807112874,1.0750426136404352,0.49783016937649216,-0.5515763201485769,0.23930593522639268,0.0,0.0,0
1.1290226002527521,0.8205684157180912,0.5055156153560223,0.46743203972048114,0.22773732158527757,1.0457286318612475,0.0,1.0,1
-1.452751428868851,-1.6389980779634163,-0.6853135628750229,-1.174066961704112,0.6379023961820431,-0.9703281097258895,0.0,0.0,0
0.14025807846149993,0.32865511698178956,-0.995964652848339,0.2546451321284043,-0.7976753649066362,-0.26470825017039157,1.0,1.0,0
1.513542136504906,0.9916686935394137,1.644569611924848,0.10265448384834938,-0.3464937828501941,0.13850309814703582,1.0,1.0,1
0.46984625239191735,-0.3985210637588298,-0.06401138292839058,0.22424700247239332,1.212133500617515,0.6425172835438201,1.0,0.0,0
0.2501208031049724,0.7564058115350952,0.19486452538270618,0.680218947312558,1.4172160379158976,-0.9703281097258895,1.0,0.0,1
-0.4639869070775987,2.916546819029289,-0.42643765456392607,0.6498208176565471,1.4992490528352507,-1.373539458043317,1.0,1.0,1
-0.1893300954689175,-0.07770804284385052,-1.0477398345105584,0.34583952109643723,-0.264460767930841,0.6425172835438201,0.0,1.0,0
0.9092971509658072,0.43559279062011597,-0.21933692791504864,0.8930058549046349,0.022654784286894828,-1.4743422951226737,1.0,0.0,0
0.7445030640005985,-0.719334084673809,1.2303681586270934,-1.4476501286082106,0.06367129174657138,1.3481371430993179,1.0,0.0,1
1.1290226002527521,0.22171744334346316,1.0750426136404352,1.1057927624967119,1.7863646050529864,-0.1639054130910347,0.0,0.0,1
-0.07946737082544503,0.499755394803112,0.7126163420048998,-0.5357062389278813,0.3097703365046307,-1.5751451322020305,1.0,1.0,1
0.14025807846149993,0.22171744334346316,0.3501900703693643,-0.8700856651440021,1.9914471423513693,-0.46631392432910523,0.0,0.0,1
1.513542136504906,-1.0187595708611228,1.178592976964874,-0.5661043685838922,-0.7566588574469596,0.4409116093851064,1.0,1.0,0
0.03039535381802745,0.24310497807112874,-1.2548405611594358,0.46743203972048114,-0.018361723172781723,-0.5671167614084621,1.0,0.0,0
1.074091237931016,1.5263570617310458,0.5572907970182417,0.589024558344525,0.6379023961820431,0.03770026106767898,1.0,0.0,1
1.6783362234701147,0.499755394803112,1.178592976964874,-0.7180950168639472,-0.30547727539051756,0.8441229577025338,1.0,0.0,0
1.5684734988266422,1.0130562282670792,2.4729725185203577,1.3185796700887886,0.7609519185610727,-0.1639054130910347,0.0,0.0,1
-0.6287809940428074,-0.20603325120984253,0.039538980396048126,-1.5996407768882657,-0.05937823063245827,-0.9703281097258895,1.0,0.0,0
-0.024536008503708785,0.7991808809904264,1.0750426136404352,0.31544139144042627,0.7199354111013961,-0.3655110872497484,0.0,1.0,1
-0.5189182693993349,0.30726758225412476,0.039538980396048126,0.07225635419233839,1.827381112512663,1.3481371430993179,1.0,1.0,0
0.03039535381802745,-0.9545969666781274,-0.4782128362261454,0.6194226880005361,-0.018361723172781723,1.6505456543373884,1.0,0.0,0
-1.6175455158340597,0.35004265170945514,-1.0477398345105584,1.0449965031846897,0.55586938126269,-2.179962154678172,0.0,0.0,0
-0.7935750810080161,-0.9973720361334579,-0.37466247290170673,-1.7820295548243315,-0.6746258425276065,1.0457286318612475,1.0,1.0,0
-0.4090555447558625,-0.6123964110354826,-0.995964652848339,-0.32291933133580436,0.9660344558594555,0.23930593522639268,0.0,0.0,0
0.5247776147136536,0.22171744334346316,0.09131416205826748,0.04185822453632741,2.3195792020287818,0.9449257947818905,0.0,0.0,1
-0.07946737082544503,0.32865511698178956,-0.21933692791504864,0.4370339100644702,0.5148528738030135,-0.5671167614084621,0.0,0.0,0
1.1839539625744884,-1.1898598486824452,2.006995883560384,0.4370339100644702,-0.9617413947453424,-1.7767508063607442,0.0,0.0,0
1.4036794118614333,1.1199939019054057,-0.5299880178883648,0.5282282990325031,0.39180335142398376,0.6425172835438201,1.0,0.0,0
-1.6175455158340597,0.6066930684414384,-0.271112109577268,-0.930881924456024,-0.10039473809213482,-1.0711309468052463,1.0,1.0,0
0.4149148900701811,-0.6979465499461435,-0.37466247290170673,-0.991678183768046,0.10468779920624793,-1.373539458043317,1.0,0.0,0
0.7445030640005985,-1.553447939052755,-0.4782128362261454,0.8930058549046349,0.4328198588836603,-1.2727366209639601,0.0,0.0,1
-0.4639869070775987,-0.12048311229918093,0.5055156153560223,0.22424700247239332,0.10468779920624793,0.5417144464644632,0.0,1.0,0
0.9642285132875436,-0.41990859848649537,1.178592976964874,1.1665890218087338,0.022654784286894828,0.13850309814703582,1.0,0.0,0
-0.024536008503708785,0.1361673044328023,0.8679418869915578,-0.26212307202378243,-0.6336093350679299,0.7433201206231769,0.0,0.0,1
0.7994344263223347,-0.33435845957583377,1.1268177953026546,-0.32291933133580436,0.35078684396430726,0.6425172835438201,1.0,0.0,0
-0.5738496317210712,-2.002586168333726,1.0750426136404352,-1.6300389065442766,1.007050963319132,-0.46631392432910523,0.0,1.0,0
-0.5189182693993349,-0.3771335290311642,0.039538980396048126,0.04185822453632741,0.4328198588836603,-0.1639054130910347,1.0,1.0,0
-1.672476878155796,-0.2915833901205034,-1.3066157428216552,-1.6908351658562986,-0.3464937828501941,-0.6679195984878189,0.0,0.0,0
1.6783362234701147,0.6708556726244345,1.4374688852759707,2.534504856329228,1.7043315901336333,-0.1639054130910347,0.0,0.0,1
-0.29919282011238996,-0.6979465499461435,0.6608411603426804,-1.4476501286082106,-0.8797083798259893,-1.0711309468052463,1.0,0.0,0
0.5247776147136536,1.7616199437353641,-0.21933692791504864,0.862607725248624,0.4328198588836603,0.34010877230574954,1.0,0.0,0
-1.672476878155796,-1.9384235641507301,-1.6690420144571907,0.34583952109643723,-1.7000385290195204,0.9449257947818905,1.0,0.0,0
-0.3541241824341262,1.376644318637389,-0.4782128362261454,0.710617076968569,0.3097703365046307,-0.8695252726465327,1.0,0.0,0
-0.8485064433297523,-0.20603325120984253,-2.1350186494171646,-0.23172494236777144,-0.8797083798259893,1.247334306019961,1.0,0.0,0
0.4149148900701811,0.9061185546287528,0.4019652520315836,-0.5053081092718703,1.5402655602949271,0.13850309814703582,0.0,1.0,0
0.03039535381802745,0.11477976970513673,-1.3583909244838746,-1.204465091360123,-0.4695433052292238,0.23930593522639268,0.0,0.0,0
-1.2879573419036423,1.2055440408160665,-0.8924142895239002,0.4370339100644702,-0.6746258425276065,-1.7767508063607442,0.0,0.0,0
0.5797089770353898,-0.3771335290311642,1.0232674319782158,1.5617647073368766,1.663315082673957,-1.7767508063607442,1.0,1.0,1
1.1839539625744884,-1.1043097097717842,0.5055156153560223,-0.1405305533997385,-0.4695433052292238,0.13850309814703582,0.0,0.0,0
0.854365788644071,1.4835819922757145,1.7998951569115063,-0.3533174609918154,1.007050963319132,0.8441229577025338,0.0,0.0,1
0.3599835277484449,-0.07770804284385052,-0.7888639261994616,-2.0860108513844415,0.39180335142398376,-0.6679195984878189,1.0,0.0,0
-0.1893300954689175,0.2644925127987943,0.7126163420048998,-0.9004837948000131,-1.0847909171243721,1.6505456543373884,0.0,0.0,1
0.5247776147136536,1.2910941797267272,0.8679418869915578,0.4066357804084592,1.7863646050529864,0.7433201206231769,0.0,1.0,1
1.2388853248962246,-1.0401471055887883,-0.37466247290170673,1.7745516149289533,0.5148528738030135,-0.8695252726465327,1.0,0.0,0
-0.3541241824341262,0.6494681378967688,1.6963447935870675,0.6194226880005361,1.4992490528352507,-0.06310257601167786,1.0,1.0,1
0.14025807846149993,-0.5696213415801522,0.039538980396048126,0.22424700247239332,-0.9617413947453424,2.456968350972243,1.0,1.0,0
0.9642285132875436,-0.0990955775715161,0.039538980396048126,0.04185822453632741,0.26875382904495415,-1.2727366209639601,1.0,0.0,0
-0.4090555447558625,0.0933922349774719,-1.3066157428216552,-0.6572987575519251,-0.18242775301148792,0.4409116093851064,0.0,0.0,0
-0.4639869070775987,-1.5106728695974243,-0.4782128362261454,0.7714133362805909,-0.38751029030987066,-0.3655110872497484,0.0,0.0,0
-1.0682318926166974,-0.7621091541291395,-0.840639107861681,-0.4141137203038373,-1.7820715439388735,0.6425172835438201,0.0,0.0,0
1.513542136504906,1.4194193880927193,1.1268177953026546,-0.961280054112035,1.1711169931578382,1.3481371430993179,1.0,0.0,0
1.4036794118614333,0.9488936240840833,0.764391523667119,0.19384887281638233,-0.4695433052292238,-0.3655110872497484,1.0,0.0,0
-1.3978200665471148,-0.034932973388520104,-0.5299880178883648,-1.3564557396401777,-0.264460767930841,1.0457286318612475,0.0,0.0,0
1.348748049539697,0.2858800475264592,0.6608411603426804,0.13305261350436037,-1.453939484261461,2.2553626768135295,0.0,1.0,1
0.19518944078323616,-0.27019585539283775,-1.2548405611594358,0.5586264286885141,-1.7820715439388735,0.03770026106767898,1.0,1.0,0
0.6895717016788623,1.4194193880927193,0.3501900703693643,0.49783016937649216,1.5402655602949271,0.8441229577025338,1.0,0.0,0
-0.6837123563645436,-0.18464571648217695,-2.186793831079384,-0.38371559064782634,-0.9207248872856658,-0.6679195984878189,0.0,0.0,0
-1.7274082404775322,0.2644925127987943,-0.995964652848339,0.5586264286885141,-1.453939484261461,-0.06310257601167786,1.0,1.0,0
-1.3428887042253785,1.2055440408160665,-1.6690420144571907,-0.930881924456024,1.1711169931578382,-0.26470825017039157,1.0,1.0,0
0.7445030640005985,-0.7621091541291395,0.6608411603426804,1.8657460038969864,0.10468779920624793,0.8441229577025338,0.0,1.0,0
-0.9034378056514886,1.633294735369372,0.2984148887071449,-0.6269006278959142,1.1711169931578382,1.1465314689406043,1.0,0.0,0
-1.0133005302949611,-1.53206040432509,-1.4101661061460937,-0.6572987575519251,-0.9617413947453424,-0.1639054130910347,1.0,1.0,0
-1.1231632549384336,1.6974573395523673,-0.01223620126617123,-0.3533174609918154,2.729744276625547,1.4489399801786749,1.0,1.0,0
1.0191598756092797,-0.35574599430349935,0.4019652520315836,0.46743203972048114,-0.4695433052292238,1.5497428172580316,1.0,0.0,0
-0.5189182693993349,-0.22742078593750736,0.9197170686537771,0.16345074316037134,1.1711169931578382,0.7433201206231769,0.0,0.0,0
-0.9583691679732248,-1.9170360294230653,-0.9441894711861196,-0.38371559064782634,-0.8386918723663127,-0.5671167614084621,1.0,0.0,0
-0.24426145779065372,-0.44129613321416017,-0.7888639261994616,-0.8700856651440021,-1.7820715439388735,-0.6679195984878189,1.0,0.0,0
0.0853267161397637,-1.0401471055887883,0.5572907970182417,-1.204465091360123,0.022654784286894828,-0.8695252726465327,0.0,1.0,0
-1.672476878155796,-0.5910088763078171,-1.5137164694705325,1.4705703183688437,-0.6746258425276065,0.8441229577025338,0.0,0.0,0
-0.024536008503708785,-0.12048311229918093,-0.6335383812128035,-0.4749099796158593,-1.1258074245840486,-1.2727366209639601,0.0,0.0,0
-0.5189182693993349,1.0130562282670792,-0.7370887445372422,0.6498208176565471,-0.6336093350679299,0.6425172835438201,1.0,0.0,0
1.6783362234701147,0.24310497807112874,1.1268177953026546,-0.6876968872079362,0.55586938126269,-1.0711309468052463,1.0,0.0,1
-0.5738496317210712,0.35004265170945514,0.5572907970182417,-0.4141137203038373,0.18672081412560104,0.7433201206231769,0.0,0.0,0
1.0191598756092797,-1.1043097097717842,-0.6853135628750229,0.07225635419233839,-1.7820715439388735,0.03770026106767898,0.0,1.0,0
-0.4090555447558625,-0.8690468277674659,-0.271112109577268,0.10265448384834938,0.35078684396430726,1.247334306019961,1.0,0.0,0
1.4036794118614333,1.8685576173736906,1.4374688852759707,-1.4780482582642216,0.8019684260207492,1.1465314689406043,1.0,1.0,1
1.6783362234701147,-0.719334084673809,1.333918521951532,0.710617076968569,-1.0847909171243721,1.5497428172580316,1.0,0.0,0
1.6234048611483785,1.718844874280033,2.110546246884822,0.011460094880316431,2.114496664730399,1.5497428172580316,0.0,0.0,1
1.5684734988266422,-0.22742078593750736,1.0232674319782158,0.9234039845606459,0.26875382904495415,0.23930593522639268,0.0,0.0,1
-0.5738496317210712,0.029229630794475898,-0.5299880178883648,-1.174066961704112,0.8019684260207492,-1.2727366209639601,1.0,0.0,0
1.4036794118614333,1.1199939019054057,1.4374688852759707,0.04185822453632741,1.2941665155368678,-0.9703281097258895,1.0,0.0,0
1.4036794118614333,1.3338692491820585,1.0750426136404352,0.6194226880005361,1.007050963319132,-2.0791593175988146,0.0,0.0,0
-0.5738496317210712,-0.07770804284385052,-0.6853135628750229,-1.204465091360123,-0.4695433052292238,-1.1719337838846031,0.0,0.0,0
0.9092971509658072,-0.3771335290311642,1.0232674319782158,-0.1101324237437275,0.4328198588836603,0.03770026106767898,1.0,0.0,1
1.074091237931016,-0.034932973388520104,0.2984148887071449,-0.6269006278959142,-0.14141124555181137,-0.5671167614084621,0.0,0.0,0
0.5247776147136536,0.3714301864371207,-0.06401138292839058,-1.3564557396401777,-0.5105598126889004,-0.1639054130910347,0.0,0.0,0
-1.452751428868851,0.9488936240840833,-1.4101661061460937,0.5282282990325031,0.39180335142398376,0.34010877230574954,1.0,0.0,0
-0.9583691679732248,0.029229630794475898,0.2984148887071449,-1.5692426472322547,-0.5515763201485769,-0.3655110872497484,0.0,0.0,0
1.1839539625744884,0.6708556726244345,-1.5137164694705325,0.49783016937649216,0.6379023961820431,-1.0711309468052463,1.0,0.0,0
0.5797089770353898,1.718844874280033,0.7126163420048998,1.3185796700887886,1.8683976199723396,-0.06310257601167786,0.0,0.0,1
1.513542136504906,0.41420525589245116,1.0750426136404352,0.16345074316037134,0.47383636634333687,-0.8695252726465327,0.0,0.0,1
0.2501208031049724,0.35004265170945514,-1.0477398345105584,-0.5661043685838922,0.1457043066659245,-0.26470825017039157,0.0,0.0,0
0.03039535381802745,-1.53206040432509,0.24663970704492555,-0.07973429408771651,-1.002757902205019,1.3481371430993179,0.0,0.0,0
-1.3428887042253785,-2.002586168333726,-0.6335383812128035,0.04185822453632741,-0.5105598126889004,-0.3655110872497484,1.0,1.0,0
1.1290226002527521,0.43559279062011597,1.2303681586270934,-0.4749099796158593,0.8019684260207492,1.8521513284961022,0.0,0.0,1
1.513542136504906,-0.07770804284385052,-0.840639107861681,0.49783016937649216,1.1711169931578382,1.4489399801786749,0.0,0.0,0
0.634640339357126,-0.5054587373971562,1.4374688852759707,-1.4172519989521997,-0.6746258425276065,-0.5671167614084621,1.0,1.0,0
0.634640339357126,0.2858800475264592,-0.11578656459060994,-0.018938034775694553,-0.18242775301148792,-1.0711309468052463,0.0,0.0,0
-1.5076827911905872,-0.034932973388520104,-0.5817631995505841,-0.5965024982399032,0.06367129174657138,-0.1639054130910347,0.0,0.0,0
0.3599835277484449,1.184156506088401,0.764391523667119,-0.3533174609918154,0.8019684260207492,1.1465314689406043,1.0,0.0,0
-1.5626141535123235,0.11477976970513673,-1.7725923777816293,-1.022076313424057,-1.4129229768017844,-0.5671167614084621,0.0,0.0,0
-1.452751428868851,-0.7407216194014746,-0.5817631995505841,-2.0252145920724196,0.22773732158527757,0.8441229577025338,0.0,0.0,0
0.6895717016788623,1.0558312977224096,0.19486452538270618,0.589024558344525,-0.9207248872856658,1.247334306019961,1.0,0.0,0
-0.024536008503708785,-0.18464571648217695,-1.5137164694705325,0.9234039845606459,0.5148528738030135,-0.7687224355671758,0.0,1.0,0
1.074091237931016,0.563917998986108,1.5927944302626287,-0.4141137203038373,-0.6336093350679299,-0.6679195984878189,1.0,0.0,0
-0.13439873314718126,-0.4626836679418258,-0.6853135628750229,-0.7180950168639472,1.3351830229965445,0.6425172835438201,1.0,0.0,0
0.7994344263223347,-0.6337839457631482,-0.06401138292839058,0.680218947312558,-1.5359724991808141,0.13850309814703582,1.0,0.0,0
0.14025807846149993,0.11477976970513673,-0.21933692791504864,1.1969871514647448,1.007050963319132,-0.7687224355671758,0.0,0.0,0
1.2388853248962246,0.05061716552214149,1.0750426136404352,-0.8092894058319801,0.26875382904495415,-0.3655110872497484,0.0,1.0,1
0.4149148900701811,0.5211429295307776,0.24663970704492555,0.13305261350436037,-0.05937823063245827,-0.06310257601167786,1.0,0.0,0
1.074091237931016,-0.24880832066517294,1.1268177953026546,0.680218947312558,0.3097703365046307,-1.5751451322020305,1.0,0.0,1
-0.9034378056514886,-1.8528734252400691,-1.6172668327949713,-0.839687535487991,-0.18242775301148792,0.6425172835438201,0.0,1.0,0
-1.0682318926166974,-0.41990859848649537,-1.3066157428216552,-2.572380925880617,-1.4949559917211375,-0.5671167614084621,1.0,0.0,0
0.9642285132875436,0.8419559504457569,0.6090659786804611,1.0449965031846897,-0.14141124555181137,-2.2807649917575286,0.0,0.0,1
1.513542136504906,-0.27019585539283775,2.4211973368581385,1.9569403928650193,0.8429849334804258,0.03770026106767898,0.0,0.0,1
0.5247776147136536,-0.22742078593750736,0.2984148887071449,0.28504326178441525,-1.5769890066404906,-0.7687224355671758,1.0,0.0,0
-0.13439873314718126,1.034443762994744,0.6608411603426804,-0.7484931465199581,-0.18242775301148792,1.6505456543373884,0.0,1.0,0
-0.7386437186862799,-0.6979465499461435,-0.4782128362261454,-0.9004837948000131,2.0324636498110458,-0.6679195984878189,1.0,0.0,0
-0.8485064433297523,-1.553447939052755,-0.9441894711861196,0.9538021142166568,-1.6180055141001672,-1.1719337838846031,0.0,1.0,0
1.2938166872179608,-0.1418706470268465,0.7126163420048998,1.3489777997447996,1.2941665155368678,0.5417144464644632,0.0,0.0,0
1.6783362234701147,-0.4626836679418258,1.0750426136404352,1.1969871514647448,-0.30547727539051756,-0.5671167614084621,0.0,0.0,1
-0.7386437186862799,-0.9545969666781274,-0.11578656459060994,-0.17092868305574946,-0.264460767930841,-0.8695252726465327,1.0,0.0,0
-0.24426145779065372,-0.1418706470268465,0.8161667053293384,-0.7180950168639472,0.3097703365046307,0.4409116093851064,0.0,0.0,0
1.4036794118614333,0.5425304642584424,1.2303681586270934,0.5282282990325031,1.6222985752142802,-0.9703281097258895,1.0,1.0,1
1.2388853248962246,0.029229630794475898,1.7481199752492869,0.46743203972048114,0.1457043066659245,-1.4743422951226737,1.0,0.0,1
-0.3541241824341262,0.35004265170945514,-0.9441894711861196,0.4370339100644702,1.74534809759331,1.6505456543373884,1.0,0.0,0
0.2501208031049724,1.8899451521013562,-0.11578656459060994,1.8961441335529974,0.35078684396430726,0.5417144464644632,0.0,0.0,1
-0.3541241824341262,-0.31297092484816896,-0.7888639261994616,0.832209595592613,-0.18242775301148792,-0.3655110872497484,0.0,1.0,0
1.1290226002527521,0.30726758225412476,1.0232674319782158,-0.7484931465199581,0.6379023961820431,0.03770026106767898,0.0,0.0,0
1.6234048611483785,-0.4840712026694906,0.8679418869915578,0.801811465936602,-0.7976753649066362,0.5417144464644632,0.0,0.0,0
-0.5189182693993349,-0.847659293039801,0.14308934372048684,0.28504326178441525,-0.8797083798259893,0.9449257947818905,1.0,0.0,0
1.6783362234701147,-0.5696213415801522,0.5055156153560223,1.1665890218087338,0.3097703365046307,-0.6679195984878189,0.0,0.0,1
-1.2879573419036423,-0.4626836679418258,-0.8924142895239002,-1.204465091360123,-1.1668239320437253,0.23930593522639268,1.0,0.0,0
-1.1231632549384336,0.3928177211647856,-0.32288729123948734,2.29131981908114,1.9094141274320162,-0.5671167614084621,0.0,0.0,0
1.1290226002527521,2.4460210550206525,-0.6853135628750229,-0.17092868305574946,0.6789189036417196,-0.1639054130910347,0.0,0.0,0
-1.7274082404775322,-0.6979465499461435,0.2984148887071449,-1.8428258141363536,0.022654784286894828,0.03770026106767898,0.0,1.0,0
1.4036794118614333,-0.3985210637588298,0.764391523667119,0.74101520662458,0.9250179483997789,0.03770026106767898,0.0,0.0,1
1.4036794118614333,-0.034932973388520104,-0.4782128362261454,2.534504856329228,0.3097703365046307,0.7433201206231769,1.0,0.0,0
-1.7274082404775322,0.43559279062011597,-1.0995150161727776,-1.3564557396401777,-1.2488569469630781,0.34010877230574954,1.0,0.0,0
0.7994344263223347,0.30726758225412476,0.5572907970182417,0.16345074316037134,-0.38751029030987066,-1.4743422951226737,0.0,1.0,0
0.0853267161397637,1.3552567839097234,-0.01223620126617123,1.3185796700887886,0.10468779920624793,-1.373539458043317,1.0,1.0,0
-0.024536008503708785,-2.002586168333726,0.7126163420048998,-0.4445118499598483,-1.7820715439388735,-0.3655110872497484,1.0,0.0,0
1.6234048611483785,-2.002586168333726,1.6963447935870675,-0.049336164431705534,-0.8386918723663127,1.8521513284961022,1.0,1.0,1
1.1839539625744884,-0.4840712026694906,1.0232674319782158,0.9234039845606459,-1.2898734544227548,-0.8695252726465327,0.0,1.0,0
0.854365788644071,1.162768971360736,0.9197170686537771,0.862607725248624,1.9504306348916927,-0.1639054130910347,1.0,0.0,1
-0.4090555447558625,-1.5748354737804204,-0.37466247290170673,0.4370339100644702,-0.018361723172781723,-0.5671167614084621,1.0,0.0,0
0.4149148900701811,-2.002586168333726,1.5927944302626287,0.9234039845606459,0.39180335142398376,-0.5671167614084621,0.0,0.0,0
0.6895717016788623,0.6066930684414384,-0.5817631995505841,0.710617076968569,0.9250179483997789,0.13850309814703582,0.0,0.0,0
1.1290226002527521,0.2858800475264592,0.8679418869915578,0.801811465936602,0.55586938126269,1.4489399801786749,1.0,0.0,0
-1.7274082404775322,-1.0829221750441187,-1.2030653794972164,-0.7484931465199581,0.26875382904495415,0.34010877230574954,1.0,0.0,0
-0.9034378056514886,-0.9759845014057923,-0.06401138292839058,-0.1101324237437275,-1.3308899618824312,-0.8695252726465327,1.0,0.0,0
1.5684734988266422,-0.9759845014057923,0.5055156153560223,0.49783016937649216,0.1457043066659245,2.8601796992896706,1.0,0.0,0
0.3599835277484449,0.1361673044328023,-0.995964652848339,0.19384887281638233,0.7609519185610727,0.03770026106767898,1.0,0.0,0
1.6783362234701147,-0.6123964110354826,1.2821433402893125,1.6833572259609204,-1.0437744096646955,-0.5671167614084621,0.0,1.0,0
-1.5076827911905872,0.5425304642584424,-0.8924142895239002,0.8930058549046349,2.4426287244078115,1.3481371430993179,0.0,0.0,0
-0.5738496317210712,-2.002586168333726,0.6608411603426804,-2.0252145920724196,-0.6336093350679299,-0.5671167614084621,0.0,0.0,0
-0.1893300954689175,-0.847659293039801,-1.0477398345105584,-0.23172494236777144,-0.38751029030987066,1.6505456543373884,1.0,0.0,0
1.2388853248962246,-1.125697244499449,1.6963447935870675,-0.3533174609918154,1.0890839782384851,-0.8695252726465327,0.0,0.0,0
-1.6175455158340597,-0.22742078593750736,0.5572907970182417,-0.991678183768046,0.06367129174657138,1.3481371430993179,1.0,0.0,0
-1.1231632549384336,-0.5268462721248218,-1.0995150161727776,-0.20132681271176045,-0.715642349987283,0.13850309814703582,0.0,0.0,0
-0.3541241824341262,0.8419559504457569,-1.2030653794972164,0.6498208176565471,0.26875382904495415,1.247334306019961,0.0,0.0,0
-0.9034378056514886,-1.874260959967734,-0.9441894711861196,-0.8700856651440021,-1.7820715439388735,1.8521513284961022,1.0,0.0,0
1.0191598756092797,0.07200470024980632,0.7126163420048998,-1.2956594803281558,-0.22344426047116447,-1.0711309468052463,0.0,0.0,0
0.2501208031049724,0.6066930684414384,0.5572907970182417,-0.6269006278959142,0.7199354111013961,1.247334306019961,1.0,0.0,1
-0.5738496317210712,1.9327202215566859,-0.840639107861681,1.0145983735286788,1.007050963319132,-1.4743422951226737,0.0,0.0,1
1.348748049539697,-0.4626836679418258,2.058771065222603,-2.0252145920724196,1.212133500617515,-0.9703281097258895,1.0,0.0,1
-0.1893300954689175,0.3714301864371207,-0.9441894711861196,1.1057927624967119,-0.10039473809213482,-0.8695252726465327,1.0,0.0,0
-1.0133005302949611,-1.8314858905124036,-1.9796931044305066,-0.32291933133580436,-1.7820715439388735,0.4409116093851064,0.0,1.0,0
-0.24426145779065372,-2.002586168333726,0.6090659786804611,0.680218947312558,0.39180335142398376,-0.06310257601167786,1.0,0.0,0
-1.5076827911905872,0.9061185546287528,-2.186793831079384,-0.5965024982399032,1.0890839782384851,-0.26470825017039157,0.0,1.0,0
0.7994344263223347,0.029229630794475898,0.4019652520315836,-1.5388445175762437,0.9660344558594555,0.13850309814703582,1.0,0.0,0
0.9092971509658072,1.2483191102713969,2.4729725185203577,1.0449965031846897,0.6379023961820431,0.6425172835438201,0.0,0.0,1
-0.13439873314718126,-1.3823476612314332,-0.11578656459060994,0.832209595592613,0.4328198588836603,0.6425172835438201,0.0,0.0,0
0.7445030640005985,0.563917998986108,-0.271112109577268,1.2881815404327777,3.5090579183594017,1.1465314689406043,1.0,0.0,0
1.6234048611483785,1.9541077562843514,1.0750426136404352,0.49783016937649216,1.458232545375574,1.8521513284961022,1.0,0.0,1
1.074091237931016,0.4569803253477816,0.7126163420048998,0.6498208176565471,-0.715642349987283,0.03770026106767898,1.0,0.0,1
-1.5076827911905872,0.30726758225412476,-0.9441894711861196,-1.022076313424057,-1.002757902205019,-0.6679195984878189,1.0,0.0,0
-1.1231632549384336,0.029229630794475898,-0.32288729123948734,-1.204465091360123,0.10468779920624793,0.5417144464644632,1.0,0.0,0
-0.9034378056514886,-1.5748354737804204,-1.4101661061460937,0.16345074316037134,-1.7820715439388735,-1.2727366209639601,0.0,1.0,0
-0.3541241824341262,1.4194193880927193,0.9714922503159965,-0.930881924456024,0.5968858887223666,-0.7687224355671758,0.0,1.0,1
-0.3541241824341262,-0.5910088763078171,-0.06401138292839058,-1.0828725727360788,-0.18242775301148792,0.9449257947818905,0.0,0.0,0
0.854365788644071,0.5425304642584424,1.1268177953026546,-0.5357062389278813,1.827381112512663,-0.06310257601167786,0.0,1.0,1
-0.6287809940428074,-1.5748354737804204,-0.8924142895239002,-1.9340202031043865,0.5148528738030135,-1.2727366209639601,0.0,0.0,0
0.3599835277484449,-1.1898598486824452,1.178592976964874,0.04185822453632741,0.4328198588836603,-1.4743422951226737,0.0,1.0,0
0.19518944078323616,1.5049695270033803,-0.06401138292839058,1.4705703183688437,-1.2898734544227548,0.03770026106767898,1.0,0.0,1
0.03039535381802745,-0.33435845957583377,0.19486452538270618,-0.20132681271176045,0.55586938126269,1.1465314689406043,0.0,0.0,0
1.6234048611483785,1.5263570617310458,0.45374043369380296,-0.3533174609918154,1.7863646050529864,1.1465314689406043,0.0,0.0,1
-0.13439873314718126,-0.056320508116184935,-0.840639107861681,0.710617076968569,0.06367129174657138,0.03770026106767898,0.0,1.0,1
0.2501208031049724,-1.8528734252400691,0.6608411603426804,1.2577834107767667,-1.7820715439388735,2.053757002654816,1.0,1.0,0
-0.5189182693993349,0.9488936240840833,-0.6853135628750229,-0.5965024982399032,-0.5515763201485769,-0.1639054130910347,1.0,0.0,0
1.4036794118614333,-0.5696213415801522,0.3501900703693643,0.04185822453632741,-0.9617413947453424,-0.06310257601167786,1.0,1.0,1
-1.233025979581906,0.7564058115350952,-1.3583909244838746,0.13305261350436037,-1.7820715439388735,-2.2807649917575286,0.0,0.0,0
1.1839539625744884,0.05061716552214149,1.333918521951532,1.9873385225210303,0.3097703365046307,-0.46631392432910523,0.0,0.0,1
-1.5076827911905872,-1.553447939052755,-1.5137164694705325,-1.4172519989521997,-1.7000385290195204,0.7433201206231769,1.0,1.0,0
0.19518944078323616,0.20032990861579833,0.039538980396048126,-1.0828725727360788,2.4016122169481346,1.5497428172580316,0.0,0.0,0
0.0853267161397637,2.2749207771993305,0.039538980396048126,1.1057927624967119,0.8429849334804258,-0.8695252726465327,1.0,0.0,0
1.074091237931016,0.5425304642584424,-0.6335383812128035,1.3185796700887886,1.663315082673957,0.4409116093851064,1.0,0.0,0
-0.07946737082544503,-0.034932973388520104,-1.151290197834997,-0.018938034775694553,-1.5769890066404906,1.0457286318612475,1.0,0.0,0
-1.233025979581906,1.1413814366330706,-0.6335383812128035,-0.7484931465199581,-0.4695433052292238,-0.06310257601167786,0.0,0.0,0
1.4036794118614333,0.24310497807112874,0.45374043369380296,1.5617647073368766,0.55586938126269,-2.2807649917575286,0.0,0.0,0
-0.7386437186862799,0.24310497807112874,0.24663970704492555,0.2546451321284043,-1.0847909171243721,0.13850309814703582,1.0,0.0,0
1.4036794118614333,-1.0829221750441187,1.6963447935870675,-0.32291933133580436,-0.38751029030987066,0.8441229577025338,0.0,1.0,1
-0.024536008503708785,0.2644925127987943,0.5055156153560223,0.10265448384834938,-0.18242775301148792,-0.9703281097258895,1.0,0.0,1
-1.7274082404775322,1.0986063671777402,0.09131416205826748,-1.6908351658562986,-0.38751029030987066,-0.3655110872497484,0.0,0.0,0
1.2938166872179608,-0.8262717583121355,0.8679418869915578,1.0145983735286788,1.663315082673957,-1.1719337838846031,0.0,0.0,1
-1.5076827911905872,1.4835819922757145,-0.5817631995505841,-0.5357062389278813,0.4328198588836603,-2.2807649917575286,0.0,0.0,0
0.6895717016788623,-0.056320508116184935,0.039538980396048126,-0.1101324237437275,0.5148528738030135,1.0457286318612475,1.0,0.0,0
-1.5626141535123235,-0.8904343624951314,0.6608411603426804,-0.839687535487991,-0.5105598126889004,-0.1639054130910347,0.0,0.0,0
-0.9034378056514886,1.0558312977224096,0.8161667053293384,-0.1101324237437275,0.6379023961820431,1.5497428172580316,0.0,0.0,0
-0.4639869070775987,-0.27019585539283775,-0.32288729123948734,0.589024558344525,-0.4695433052292238,0.8441229577025338,1.0,0.0,0
-0.9034378056514886,0.7991808809904264,-0.37466247290170673,0.34583952109643723,-0.30547727539051756,-0.46631392432910523,0.0,0.0,0
1.2388853248962246,-0.27019585539283775,1.8516703385737256,0.31544139144042627,0.3097703365046307,-0.06310257601167786,1.0,0.0,1
-1.672476878155796,-0.034932973388520104,-1.3066157428216552,0.011460094880316431,0.35078684396430726,0.4409116093851064,0.0,0.0,0
0.9092971509658072,0.5425304642584424,0.14308934372048684,0.862607725248624,1.458232545375574,0.9449257947818905,1.0,1.0,0
-0.24426145779065372,0.32865511698178956,0.45374043369380296,-0.4141137203038373,-0.264460767930841,0.23930593522639268,0.0,0.0,0
-0.024536008503708785,-2.002586168333726,0.039538980396048126,-0.5357062389278813,0.22773732158527757,1.0457286318612475,0.0,1.0,0
-0.29919282011238996,-1.125697244499449,-0.06401138292839058,-0.4749099796158593,-0.715642349987283,-0.3655110872497484,1.0,1.0,0
-0.6837123563645436,0.9916686935394137,-1.0995150161727776,0.4066357804084592,0.1457043066659245,-1.0711309468052463,1.0,0.0,0
-0.4639869070775987,-0.0990955775715161,-1.565491651132752,-0.5357062389278813,-0.7566588574469596,-0.1639054130910347,1.0,0.0,0
-1.1231632549384336,-0.5054587373971562,-0.6335383812128035,-0.9004837948000131,-0.8797083798259893,0.13850309814703582,1.0,0.0,0
0.9642285132875436,-1.3609601265037676,1.333918521951532,1.9265422632090083,1.0890839782384851,-1.1719337838846031,1.0,0.0,1
0.14025807846149993,-1.0829221750441187,-0.06401138292839058,0.710617076968569,-0.3464937828501941,-1.373539458043317,0.0,0.0,0
1.513542136504906,-2.002586168333726,2.110546246884822,-0.4749099796158593,0.18672081412560104,0.5417144464644632,1.0,0.0,1
0.03039535381802745,-0.07770804284385052,-0.4782128362261454,0.5282282990325031,-1.453939484261461,-0.46631392432910523,1.0,0.0,0
0.03039535381802745,-0.5910088763078171,-0.7370887445372422,0.011460094880316431,-0.6746258425276065,-0.1639054130910347,0.0,0.0,0
1.5684734988266422,-0.9545969666781274,1.0750426136404352,0.832209595592613,-0.14141124555181137,-0.26470825017039157,1.0,0.0,1
1.0191598756092797,-0.034932973388520104,0.6608411603426804,0.5586264286885141,-0.5515763201485769,1.5497428172580316,0.0,0.0,1
0.5797089770353898,0.3928177211647856,0.9714922503159965,1.4097740590568215,0.26875382904495415,1.247334306019961,0.0,1.0,0
0.2501208031049724,2.167983103561004,-0.37466247290170673,0.8930058549046349,0.6379023961820431,-1.2727366209639601,0.0,1.0,0
-1.1231632549384336,-1.53206040432509,0.19486452538270618,-0.839687535487991,-0.7566588574469596,-0.6679195984878189,0.0,0.0,0
-1.6175455158340597,1.226931575543732,0.2984148887071449,0.5586264286885141,0.022654784286894828,0.7433201206231769,0.0,0.0,0
-1.7274082404775322,1.034443762994744,-1.2548405611594358,-0.26212307202378243,-1.0437744096646955,0.4409116093851064,1.0,0.0,0
0.03039535381802745,-0.7621091541291395,0.9197170686537771,-0.018938034775694553,-0.7976753649066362,-0.06310257601167786,1.0,1.0,0
0.4149148900701811,0.24310497807112874,-0.4782128362261454,0.5282282990325031,0.22773732158527757,-1.1719337838846031,1.0,0.0,0
-1.233025979581906,-0.44129613321416017,-0.11578656459060994,-0.6876968872079362,0.3097703365046307,-0.7687224355671758,0.0,0.0,0
0.5797089770353898,0.22171744334346316,1.178592976964874,0.31544139144042627,0.4328198588836603,-0.5671167614084621,1.0,0.0,1
0.634640339357126,1.5691321311863768,1.0750426136404352,0.07225635419233839,0.26875382904495415,0.23930593522639268,0.0,0.0,1
-0.1893300954689175,0.6494681378967688,-0.1675617462528293,-0.5965024982399032,0.47383636634333687,1.6505456543373884,0.0,1.0,0
-1.0682318926166974,0.5425304642584424,-2.186793831079384,-1.2348632210161339,1.3351830229965445,-0.7687224355671758,0.0,0.0,0
-1.1231632549384336,-0.41990859848649537,-1.2548405611594358,-1.8124276844803424,0.1457043066659245,-1.1719337838846031,0.0,1.0,0
-0.07946737082544503,-1.4892853348697597,-0.5299880178883648,-1.143668832048101,0.022654784286894828,-0.1639054130910347,1.0,0.0,0
0.7445030640005985,-0.18464571648217695,-0.1675617462528293,0.13305261350436037,0.7199354111013961,1.0457286318612475,0.0,1.0,0
-1.672476878155796,1.2697066449990626,-1.0995150161727776,-0.32291933133580436,1.212133500617515,-1.5751451322020305,0.0,0.0,0
1.5684734988266422,-1.53206040432509,0.8161667053293384,0.10265448384834938,1.0480674707788087,1.5497428172580316,1.0,0.0,0
1.0191598756092797,-1.0615346403164538,0.09131416205826748,-1.9340202031043865,0.39180335142398376,-0.1639054130910347,1.0,0.0,0
0.9642285132875436,0.15755483916046792,-0.11578656459060994,1.8961441335529974,1.2531500080771913,-0.7687224355671758,0.0,0.0,1
0.14025807846149993,-0.9759845014057923,-0.42643765456392607,0.862607725248624,-1.371906469342108,-1.6759479692813875,0.0,1.0,0
-0.5189182693993349,-0.783496688856805,0.45374043369380296,0.04185822453632741,-1.7820715439388735,0.6425172835438201,0.0,0.0,0
-0.8485064433297523,-0.3985210637588298,-1.0995150161727776,1.3185796700887886,-0.4285267977695472,-0.26470825017039157,0.0,0.0,0
-0.3541241824341262,-1.3823476612314332,-0.6335383812128035,-1.3260576099841668,-0.5105598126889004,0.13850309814703582,0.0,0.0,0
-1.3428887042253785,-0.9759845014057923,-1.3066157428216552,0.9842002438726679,-1.4129229768017844,-0.9703281097258895,1.0,0.0,0
-0.1893300954689175,0.7564058115350952,0.09131416205826748,-0.7788912761759691,0.9250179483997789,-0.3655110872497484,1.0,0.0,0
-0.3541241824341262,-1.3181850570484372,0.09131416205826748,-0.20132681271176045,-1.7820715439388735,-0.5671167614084621,1.0,0.0,0
-1.233025979581906,-1.6176105432357508,-2.186793831079384,-1.9948164624164084,-1.371906469342108,-0.1639054130910347,1.0,0.0,0
-0.3541241824341262,-0.6123964110354826,0.5055156153560223,-0.26212307202378243,-0.9617413947453424,-0.7687224355671758,0.0,0.0,0
1.6234048611483785,0.7777933462627609,2.162321428547042,1.1969871514647448,-0.6746258425276065,-1.4743422951226737,0.0,0.0,1
0.0853267161397637,-0.16325818175451134,-0.6853135628750229,-0.1101324237437275,1.1711169931578382,2.759376862210314,0.0,0.0,0
1.0191598756092797,-0.44129613321416017,-0.01223620126617123,0.9842002438726679,-1.2078404395034017,-1.373539458043317,1.0,1.0,0
0.46984625239191735,0.07200470024980632,-0.01223620126617123,0.31544139144042627,-0.4695433052292238,0.13850309814703582,0.0,0.0,0
-1.3978200665471148,-1.7673232863294077,-1.565491651132752,-1.4172519989521997,-0.10039473809213482,-1.877553643440101,0.0,0.0,0
-1.5626141535123235,0.5425304642584424,-0.9441894711861196,-1.022076313424057,0.18672081412560104,-2.179962154678172,0.0,1.0,0
1.4036794118614333,0.41420525589245116,-0.42643765456392607,1.4401721887128327,-0.4285267977695472,0.13850309814703582,0.0,1.0,0
1.1290226002527521,-0.3985210637588298,-0.01223620126617123,-0.20132681271176045,0.6789189036417196,0.23930593522639268,1.0,0.0,0
0.9642285132875436,1.0558312977224096,1.7998951569115063,1.4705703183688437,0.9660344558594555,1.247334306019961,1.0,1.0,1
0.6895717016788623,-1.125697244499449,-0.1675617462528293,1.1665890218087338,1.8683976199723396,0.4409116093851064,1.0,1.0,0
-1.1780946172601698,1.184156506088401,0.039538980396048126,-1.7516314251683205,0.4328198588836603,-0.26470825017039157,1.0,0.0,0
-0.1893300954689175,0.17894237388813272,0.09131416205826748,1.0145983735286788,-0.22344426047116447,-0.9703281097258895,1.0,0.0,0
1.2938166872179608,-0.31297092484816896,-0.42643765456392607,2.3521160783931623,-0.5925928276082534,1.5497428172580316,0.0,1.0,1
0.19518944078323616,0.00784209606681031,0.6090659786804611,0.31544139144042627,-0.715642349987283,0.9449257947818905,0.0,0.0,0
-0.4090555447558625,-0.07770804284385052,-0.37466247290170673,0.3762376507524482,-1.0437744096646955,-1.2727366209639601,0.0,0.0,0
-0.6287809940428074,1.2910941797267272,-0.7888639261994616,0.9842002438726679,1.5402655602949271,-0.06310257601167786,0.0,0.0,0
1.5684734988266422,-1.0829221750441187,1.2821433402893125,0.19384887281638233,0.06367129174657138,0.23930593522639268,1.0,0.0,1
1.348748049539697,-0.7621091541291395,1.2821433402893125,0.589024558344525,0.5148528738030135,-0.26470825017039157,0.0,0.0,1
0.19518944078323616,1.0986063671777402,0.6608411603426804,-0.8700856651440021,1.827381112512663,0.7433201206231769,1.0,1.0,0
-1.233025979581906,-0.5910088763078171,-0.01223620126617123,-0.5053081092718703,-1.7820715439388735,0.7433201206231769,1.0,0.0,0
0.2501208031049724,0.9488936240840833,0.45374043369380296,0.7714133362805909,1.5812820677546038,-0.1639054130910347,1.0,1.0,1
-1.2879573419036423,1.7830074784630299,-1.9279179227682874,0.34583952109643723,0.35078684396430726,-0.3655110872497484,1.0,1.0,0
-0.4639869070775987,-0.3771335290311642,-0.6853135628750229,0.710617076968569,-0.05937823063245827,1.4489399801786749,1.0,0.0,0
0.14025807846149993,0.7350182768074304,2.214096610209261,-0.4749099796158593,-0.4695433052292238,0.9449257947818905,1.0,1.0,1
0.9092971509658072,-1.1470847792271148,1.178592976964874,-0.32291933133580436,-0.8386918723663127,0.13850309814703582,1.0,0.0,0
0.14025807846149993,0.7991808809904264,1.7998951569115063,1.9873385225210303,0.7609519185610727,-1.6759479692813875,0.0,0.0,0
0.854365788644071,0.24310497807112874,1.5927944302626287,0.28504326178441525,2.4426287244078115,0.34010877230574954,1.0,0.0,1
0.19518944078323616,0.5211429295307776,0.2984148887071449,0.3762376507524482,1.0890839782384851,0.6425172835438201,1.0,1.0,1
-0.7935750810080161,-0.6337839457631482,-0.37466247290170673,-0.5053081092718703,0.47383636634333687,-2.2807649917575286,1.0,0.0,0
0.9092971509658072,-1.6817731474187467,0.6090659786804611,-0.7180950168639472,-0.3464937828501941,0.23930593522639268,0.0,0.0,0
0.3599835277484449,0.5425304642584424,-0.995964652848339,1.7745516149289533,-0.264460767930841,-0.46631392432910523,1.0,0.0,0
-0.024536008503708785,-2.002586168333726,-0.01223620126617123,-0.9004837948000131,-1.1668239320437253,-0.26470825017039157,1.0,0.0,0
-0.4639869070775987,-0.2915833901205034,0.5572907970182417,-1.2652613506721448,-0.8386918723663127,-0.9703281097258895,1.0,1.0,0
-0.5189182693993349,0.9916686935394137,-0.7888639261994616,-0.4141137203038373,-1.6590220215598437,-0.1639054130910347,1.0,1.0,0
1.6234048611483785,0.22171744334346316,1.4374688852759707,-1.0828725727360788,-0.10039473809213482,1.4489399801786749,1.0,0.0,1
-0.024536008503708785,2.0396578951950124,0.6090659786804611,-0.1405305533997385,0.35078684396430726,-0.46631392432910523,1.0,1.0,1
0.2501208031049724,1.0772188324500744,-0.4782128362261454,-0.5357062389278813,0.3097703365046307,0.9449257947818905,1.0,0.0,0
-1.1231632549384336,-0.6337839457631482,-1.151290197834997,-0.018938034775694553,-0.6746258425276065,-0.8695252726465327,1.0,0.0,0
0.9092971509658072,0.05061716552214149,-0.11578656459060994,-0.20132681271176045,0.55586938126269,0.7433201206231769,1.0,0.0,0
1.2388853248962246,-0.013545438660854517,0.24663970704492555,1.3489777997447996,0.26875382904495415,0.03770026106767898,0.0,0.0,1
-1.0682318926166974,-1.596223008508086,-1.7208171961194099,0.49783016937649216,-1.3308899618824312,0.23930593522639268,0.0,0.0,0
-0.5189182693993349,-0.9332094319504619,-1.0477398345105584,0.31544139144042627,-1.7820715439388735,-0.06310257601167786,1.0,0.0,0
-0.4090555447558625,-0.5482338068524866,0.7126163420048998,-0.4749099796158593,-1.0437744096646955,0.5417144464644632,1.0,0.0,0
0.14025807846149993,-2.002586168333726,-0.5817631995505841,-0.23172494236777144,-1.2898734544227548,-2.2807649917575286,0.0,0.0,0
0.46984625239191735,0.07200470024980632,0.4019652520315836,-1.174066961704112,0.5148528738030135,-1.4743422951226737,1.0,0.0,1
-0.13439873314718126,-0.22742078593750736,-0.4782128362261454,-0.20132681271176045,0.55586938126269,0.34010877230574954,1.0,0.0,0
-0.8485064433297523,-1.6817731474187467,0.24663970704492555,-1.4780482582642216,0.10468779920624793,-2.179962154678172,0.0,0.0,0
0.9092971509658072,0.43559279062011597,1.5927944302626287,1.1057927624967119,1.0890839782384851,-0.5671167614084621,1.0,0.0,0
1.6234048611483785,0.7564058115350952,1.7481199752492869,3.2032637087614697,0.6789189036417196,0.03770026106767898,1.0,1.0,1
-0.6837123563645436,0.2644925127987943,-0.271112109577268,0.2546451321284043,-0.6746258425276065,-0.8695252726465327,1.0,1.0,0
0.854365788644071,-0.31297092484816896,0.45374043369380296,-1.5084463879202328,-0.6336093350679299,-0.6679195984878189,0.0,1.0,0
-0.4090555447558625,0.628080603169104,-1.151290197834997,-0.3533174609918154,-1.3308899618824312,0.23930593522639268,1.0,1.0,0
-0.5738496317210712,0.7350182768074304,0.9714922503159965,0.04185822453632741,0.9250179483997789,0.9449257947818905,0.0,0.0,1
-1.0682318926166974,0.35004265170945514,-1.3066157428216552,-0.26212307202378243,-0.4695433052292238,-1.0711309468052463,0.0,1.0,0
1.4586107741831695,-0.8262717583121355,1.4892440669381901,-0.23172494236777144,-1.0847909171243721,-0.5671167614084621,1.0,0.0,1
-0.7386437186862799,0.30726758225412476,0.24663970704492555,0.011460094880316431,-0.9617413947453424,-0.7687224355671758,1.0,0.0,0
0.9092971509658072,1.2483191102713969,0.24663970704492555,-0.4749099796158593,0.022654784286894828,-2.2807649917575286,1.0,1.0,0
0.19518944078323616,-0.5910088763078171,0.8679418869915578,-0.9004837948000131,-0.30547727539051756,0.13850309814703582,1.0,1.0,0
-1.1231632549384336,2.1893706382886697,-0.271112109577268,0.6194226880005361,1.5402655602949271,0.8441229577025338,1.0,0.0,0
1.5684734988266422,-0.5054587373971562,2.369422155195919,-0.3533174609918154,-0.14141124555181137,1.0457286318612475,0.0,0.0,0
0.46984625239191735,0.07200470024980632,-0.01223620126617123,0.710617076968569,-1.7820715439388735,-0.8695252726465327,0.0,0.0,0
-0.7386437186862799,-0.6551714804908131,-1.4619412878083131,-1.6908351658562986,-0.8386918723663127,-1.373539458043317,0.0,0.0,0
-1.1231632549384336,0.2644925127987943,-1.151290197834997,1.2273852811207557,-0.5105598126889004,-0.06310257601167786,1.0,0.0,0
-1.2879573419036423,-1.7673232863294077,-0.7888639261994616,-1.5996407768882657,-1.0847909171243721,0.7433201206231769,0.0,0.0,0
-1.3978200665471148,-0.5268462721248218,-0.9441894711861196,-0.8700856651440021,-1.4129229768017844,0.03770026106767898,0.0,1.0,0
-0.24426145779065372,-1.0829221750441187,-0.4782128362261454,-0.018938034775694553,-0.3464937828501941,0.23930593522639268,0.0,0.0,0
-1.0133005302949611,0.15755483916046792,-2.0832434677549454,-0.9004837948000131,-0.30547727539051756,1.0457286318612475,1.0,0.0,0
-0.07946737082544503,1.0558312977224096,0.2984148887071449,0.34583952109643723,0.35078684396430726,-0.7687224355671758,0.0,0.0,0
1.074091237931016,0.6922432073521,2.162321428547042,1.1361908921527228,0.9660344558594555,-0.1639054130910347,1.0,0.0,1
-0.7386437186862799,-2.002586168333726,-0.21933692791504864,0.16345074316037134,-1.0847909171243721,1.5497428172580316,1.0,0.0,0
1.4036794118614333,2.125208034105673,1.4374688852759707,1.7745516149289533,0.9250179483997789,-0.1639054130910347,1.0,1.0,1
0.7994344263223347,0.32865511698178956,0.9714922503159965,0.2546451321284043,1.5402655602949271,-1.2727366209639601,0.0,0.0,1
-0.9034378056514886,-0.7621091541291395,-0.37466247290170673,-0.6572987575519251,-0.264460767930841,-0.7687224355671758,0.0,0.0,0
1.1290226002527521,0.20032990861579833,1.4892440669381901,2.656097374953272,1.0890839782384851,-0.8695252726465327,1.0,0.0,1
-1.5076827911905872,0.20032990861579833,-0.7888639261994616,0.28504326178441525,0.5968858887223666,0.23930593522639268,1.0,1.0,0
0.14025807846149993,-0.6551714804908131,-0.11578656459060994,-0.9004837948000131,0.10468779920624793,-0.9703281097258895,1.0,0.0,0
-1.1231632549384336,0.24310497807112874,-1.3583909244838746,-0.32291933133580436,0.47383636634333687,0.13850309814703582,1.0,0.0,0
-0.4090555447558625,-0.5910088763078171,-0.4782128362261454,-0.5965024982399032,-1.7820715439388735,-0.7687224355671758,1.0,0.0,0
1.074091237931016,-0.3771335290311642,0.9714922503159965,0.2546451321284043,0.26875382904495415,-2.0791593175988146,1.0,0.0,0
1.4586107741831695,-0.6765590152184786,0.8161667053293384,-0.6572987575519251,-0.10039473809213482,0.34010877230574954,0.0,0.0,1
-0.6287809940428074,-1.4465102654144284,-0.21933692791504864,-0.930881924456024,0.8429849334804258,0.03770026106767898,1.0,1.0,0
0.19518944078323616,0.17894237388813272,0.45374043369380296,1.7745516149289533,0.8840014409401024,0.5417144464644632,1.0,1.0,0
1.1290226002527521,0.628080603169104,1.3856937036137513,1.1361908921527228,-0.018361723172781723,-0.6679195984878189,1.0,0.0,1
-0.5189182693993349,0.563917998986108,0.5572907970182417,-2.35959401828854,0.3097703365046307,-0.8695252726465327,0.0,0.0,0
-0.9034378056514886,0.8633434851734216,-0.5817631995505841,0.9234039845606459,0.1457043066659245,0.34010877230574954,0.0,1.0,0
1.348748049539697,0.3714301864371207,-0.01223620126617123,1.6529590963049094,0.9250179483997789,1.5497428172580316,0.0,0.0,1
0.3599835277484449,-0.5268462721248218,-0.01223620126617123,-0.26212307202378243,-1.1668239320437253,0.03770026106767898,1.0,0.0,0
0.6895717016788623,0.8847310199010873,0.5055156153560223,1.1361908921527228,0.8840014409401024,0.4409116093851064,0.0,1.0,1
1.1290226002527521,-1.3609601265037676,-0.5299880178883648,-0.5965024982399032,-0.30547727539051756,-0.26470825017039157,1.0,0.0,0
0.5247776147136536,-0.8904343624951314,1.3856937036137513,-0.38371559064782634,-0.018361723172781723,-1.5751451322020305,0.0,0.0,0
1.4036794118614333,-0.9545969666781274,1.0750426136404352,1.7745516149289533,-0.6336093350679299,1.0457286318612475,0.0,1.0,0
0.3599835277484449,1.1413814366330706,0.5055156153560223,0.16345074316037134,0.022654784286894828,0.9449257947818905,0.0,0.0,1
-1.0133005302949611,0.9916686935394137,0.24663970704492555,-1.9036220734483755,1.0890839782384851,0.6425172835438201,0.0,0.0,0
-0.07946737082544503,0.5211429295307776,-0.5299880178883648,0.04185822453632741,-0.8386918723663127,-0.26470825017039157,0.0,1.0,0
1.4036794118614333,1.1199939019054057,1.3856937036137513,0.7714133362805909,0.022654784286894828,0.6425172835438201,1.0,0.0,1
-1.5076827911905872,-0.8690468277674659,-1.151290197834997,0.28504326178441525,-1.002757902205019,0.7433201206231769,0.0,1.0,0
0.14025807846149993,0.3928177211647856,-0.06401138292839058,0.16345074316037134,-0.5925928276082534,1.6505456543373884,1.0,1.0,0
-0.5189182693993349,-0.0990955775715161,-0.9441894711861196,-0.5965024982399032,-1.1258074245840486,0.9449257947818905,0.0,1.0,0
-0.1893300954689175,0.9061185546287528,1.0750426136404352,1.075394632840701,0.35078684396430726,0.03770026106767898,1.0,1.0,1
0.5797089770353898,-0.0990955775715161,0.14308934372048684,0.34583952109643723,-1.3308899618824312,-1.2727366209639601,1.0,1.0,0
-1.1780946172601698,-0.35574599430349935,-0.32288729123948734,-1.2348632210161339,-1.5769890066404906,0.03770026106767898,1.0,0.0,0
-0.7935750810080161,0.5853055337137736,-1.9279179227682874,0.862607725248624,1.74534809759331,0.13850309814703582,1.0,0.0,0
0.7994344263223347,0.9275060893564177,1.4374688852759707,0.710617076968569,1.007050963319132,0.7433201206231769,1.0,1.0,1
-1.1231632549384336,-0.6551714804908131,-0.06401138292839058,-0.5965024982399032,-1.4949559917211375,1.247334306019961,0.0,1.0,0
-1.2879573419036423,-0.034932973388520104,-0.840639107861681,-0.3533174609918154,-0.18242775301148792,-0.1639054130910347,1.0,0.0,0
-1.233025979581906,-1.0615346403164538,-1.0477398345105584,-1.6908351658562986,-0.3464937828501941,2.053757002654816,1.0,0.0,0
1.4036794118614333,-2.002586168333726,1.2821433402893125,-0.32291933133580436,0.9250179483997789,-1.7767508063607442,0.0,0.0,0
0.634640339357126,0.24310497807112874,2.110546246884822,0.34583952109643723,0.10468779920624793,0.4409116093851064,1.0,1.0,1
-0.8485064433297523,0.6494681378967688,-1.876142741106068,-0.38371559064782634,0.8019684260207492,-0.8695252726465327,0.0,0.0,0
1.5684734988266422,0.30726758225412476,1.644569611924848,1.8961441335529974,-1.2898734544227548,-1.877553643440101,0.0,0.0,1
0.30505216542670865,-1.9811986336060605,-0.4782128362261454,-0.07973429408771651,-1.2898734544227548,-0.26470825017039157,0.0,1.0,0
-1.3978200665471148,-0.33435845957583377,-0.995964652848339,0.13305261350436037,-0.5925928276082534,-1.5751451322020305,0.0,0.0,0
0.7445030640005985,-2.002586168333726,0.3501900703693643,-0.07973429408771651,0.10468779920624793,-0.1639054130910347,1.0,0.0,0
-1.0682318926166974,1.440806922820385,-1.0477398345105584,0.832209595592613,-0.5925928276082534,-0.06310257601167786,0.0,1.0,0
0.4149148900701811,-1.0829221750441187,0.2984148887071449,0.31544139144042627,-0.10039473809213482,1.1465314689406043,1.0,0.0,0
0.5247776147136536,1.312481714454393,-0.4782128362261454,0.5282282990325031,0.1457043066659245,-1.5751451322020305,1.0,0.0,0
-1.2879573419036423,0.9916686935394137,-0.1675617462528293,-0.32291933133580436,-0.30547727539051756,0.8441229577025338,0.0,0.0,0
0.9642285132875436,-0.8904343624951314,-0.6335383812128035,-0.6572987575519251,0.8019684260207492,0.13850309814703582,1.0,0.0,0
-0.29919282011238996,-1.125697244499449,0.19486452538270618,0.10265448384834938,0.26875382904495415,0.9449257947818905,0.0,0.0,0
1.4036794118614333,0.3928177211647856,0.764391523667119,0.6498208176565471,-0.3464937828501941,-0.3655110872497484,0.0,0.0,0
-1.672476878155796,-0.847659293039801,-2.0314682860927262,-1.3260576099841668,-1.7820715439388735,-1.4743422951226737,0.0,0.0,0
-1.5076827911905872,0.1361673044328023,-0.9441894711861196,0.4370339100644702,-0.9207248872856658,-1.373539458043317,0.0,0.0,0
-0.1893300954689175,-0.4626836679418258,-1.2548405611594358,-1.2956594803281558,-0.4285267977695472,-1.373539458043317,1.0,1.0,0
0.2501208031049724,-1.7887108210570732,0.19486452538270618,-0.6572987575519251,-0.9617413947453424,0.4409116093851064,1.0,0.0,0
0.30505216542670865,-2.002586168333726,-0.840639107861681,0.6498208176565471,0.5968858887223666,1.4489399801786749,0.0,0.0,0
-0.7386437186862799,0.2644925127987943,-0.21933692791504864,0.04185822453632741,0.06367129174657138,-0.6679195984878189,1.0,0.0,0
-1.3428887042253785,-0.5482338068524866,-1.6172668327949713,-0.6876968872079362,-0.4695433052292238,0.5417144464644632,0.0,0.0,0
0.854365788644071,-0.5482338068524866,0.24663970704492555,0.46743203972048114,-1.2488569469630781,-1.4743422951226737,0.0,0.0,0
0.6895717016788623,0.7350182768074304,0.7126163420048998,0.6194226880005361,1.5402655602949271,0.13850309814703582,0.0,1.0,1
-1.7274082404775322,1.226931575543732,-1.7725923777816293,-1.8124276844803424,-1.7820715439388735,0.5417144464644632,1.0,0.0,0
-0.5738496317210712,-0.24880832066517294,-0.4782128362261454,-0.5965024982399032,0.3097703365046307,-1.5751451322020305,1.0,0.0,0
1.074091237931016,-0.31297092484816896,-0.32288729123948734,1.8657460038969864,0.9250179483997789,-0.1639054130910347,1.0,0.0,0
-0.8485064433297523,0.5425304642584424,-0.1675617462528293,-0.8092894058319801,-0.5105598126889004,0.6425172835438201,1.0,0.0,0
1.6783362234701147,-1.3609601265037676,2.4729725185203577,0.13305261350436037,1.2531500080771913,-2.2807649917575286,0.0,0.0,1
-1.3978200665471148,0.2644925127987943,1.0232674319782158,-0.991678183768046,-0.5105598126889004,1.247334306019961,1.0,0.0,0
-0.4090555447558625,0.5853055337137736,-0.21933692791504864,-0.1101324237437275,0.10468779920624793,0.34010877230574954,1.0,0.0,0
0.6895717016788623,0.7350182768074304,1.0750426136404352,-0.07973429408771651,0.7609519185610727,0.7433201206231769,1.0,1.0,1
-1.5626141535123235,-1.9598110988783957,-2.186793831079384,-0.5965024982399032,1.9094141274320162,-0.5671167614084621,0.0,1.0,0
0.19518944078323616,-0.7621091541291395,1.2303681586270934,0.10265448384834938,0.8019684260207492,-1.7767508063607442,0.0,0.0,0
-1.452751428868851,-0.8690468277674659,-0.4782128362261454,-0.07973429408771651,-0.30547727539051756,0.4409116093851064,1.0,0.0,0
1.513542136504906,0.1361673044328023,0.7126163420048998,-0.2925212016797934,-0.3464937828501941,-0.06310257601167786,1.0,0.0,0
-0.07946737082544503,0.5211429295307776,0.8161667053293384,-0.23172494236777144,0.22773732158527757,0.03770026106767898,1.0,1.0,0
-0.7386437186862799,1.5691321311863768,-0.7370887445372422,-0.17092868305574946,-0.3464937828501941,1.0457286318612475,1.0,0.0,0
1.5684734988266422,-0.4840712026694906,0.764391523667119,0.9842002438726679,0.9250179483997789,0.8441229577025338,0.0,1.0,0
0.634640339357126,-0.4840712026694906,0.764391523667119,-0.5357062389278813,-0.018361723172781723,1.952954165575459,0.0,0.0,1
1.1839539625744884,1.2055440408160665,0.039538980396048126,1.5921628369928875,-0.14141124555181137,0.13850309814703582,1.0,0.0,0
0.3599835277484449,0.32865511698178956,0.9714922503159965,1.3185796700887886,0.22773732158527757,-0.6679195984878189,1.0,1.0,1
-0.29919282011238996,1.3338692491820585,-0.995964652848339,-0.7180950168639472,-0.3464937828501941,-0.26470825017039157,0.0,1.0,0
-1.233025979581906,0.32865511698178956,-1.6172668327949713,-0.8700856651440021,-0.22344426047116447,0.34010877230574954,1.0,1.0,0
-0.3541241824341262,-1.1684723139547804,-0.8924142895239002,-0.8700856651440021,-1.371906469342108,0.9449257947818905,0.0,1.0,0
-0.7386437186862799,-1.3395725917761019,0.039538980396048126,1.8353478742409755,-0.6746258425276065,-1.5751451322020305,1.0,0.0,0
0.3599835277484449,-1.553447939052755,-0.21933692791504864,-0.5661043685838922,0.35078684396430726,0.03770026106767898,1.0,1.0,0
1.6234048611483785,0.7136307420797648,0.14308934372048684,2.382514208049173,0.7199354111013961,1.6505456543373884,1.0,0.0,1
-1.6175455158340597,1.2483191102713969,-1.565491651132752,-1.5388445175762437,-0.4285267977695472,-0.3655110872497484,1.0,0.0,0
0.6895717016788623,1.9327202215566859,0.45374043369380296,-0.20132681271176045,1.212133500617515,0.9449257947818905,0.0,0.0,1
-1.0682318926166974,0.8847310199010873,-1.6172668327949713,-0.8700856651440021,0.5968858887223666,0.4409116093851064,1.0,1.0,0
0.9642285132875436,1.226931575543732,-0.1675617462528293,-0.07973429408771651,-0.18242775301148792,0.9449257947818905,1.0,0.0,0
-0.24426145779065372,-0.5696213415801522,1.333918521951532,-0.4445118499598483,-0.22344426047116447,-0.8695252726465327,1.0,0.0,0
1.6234048611483785,-1.1684723139547804,0.5055156153560223,-0.20132681271176045,1.2941665155368678,-0.7687224355671758,1.0,0.0,0
1.4036794118614333,0.9061185546287528,0.764391523667119,0.04185822453632741,1.2941665155368678,0.03770026106767898,1.0,0.0,1
-0.6837123563645436,0.4569803253477816,-0.7370887445372422,0.8930058549046349,-0.05937823063245827,-1.5751451322020305,1.0,1.0,1
-0.24426145779065372,0.1361673044328023,-0.4782128362261454,1.0449965031846897,0.4328198588836603,-0.3655110872497484,0.0,1.0,0
-1.3428887042253785,0.43559279062011597,-0.5299880178883648,0.4066357804084592,0.06367129174657138,0.13850309814703582,1.0,0.0,0
1.5684734988266422,0.3714301864371207,1.7998951569115063,1.2273852811207557,1.2531500080771913,1.8521513284961022,1.0,0.0,1
1.6783362234701147,1.3552567839097234,0.9714922503159965,1.075394632840701,-0.715642349987283,0.4409116093851064,0.0,0.0,1
0.46984625239191735,1.3552567839097234,-0.5817631995505841,0.04185822453632741,-0.715642349987283,0.6425172835438201,1.0,0.0,0
0.3599835277484449,0.5853055337137736,1.178592976964874,-0.5661043685838922,1.212133500617515,1.1465314689406043,0.0,0.0,1
-1.7274082404775322,0.9061185546287528,-1.3066157428216552,-0.17092868305574946,-1.6180055141001672,-1.0711309468052463,1.0,0.0,0
-1.6175455158340597,0.563917998986108,0.09131416205826748,-1.5996407768882657,-0.018361723172781723,-0.26470825017039157,0.0,1.0,0
-1.0682318926166974,-0.44129613321416017,-2.186793831079384,-1.4172519989521997,-1.002757902205019,2.3561655138928863,0.0,0.0,0
-0.24426145779065372,0.7991808809904264,-0.06401138292839058,1.1361908921527228,-0.715642349987283,-0.1639054130910347,0.0,1.0,0
1.6234048611483785,-1.403735195959098,2.4729725185203577,2.108931041145074,0.39180335142398376,1.1465314689406043,0.0,0.0,0
1.348748049539697,1.1199939019054057,0.7126163420048998,1.1665890218087338,1.0480674707788087,1.0457286318612475,1.0,0.0,1
1.6783362234701147,-1.1898598486824452,1.0232674319782158,1.4705703183688437,1.9914471423513693,-1.4743422951226737,0.0,0.0,1
1.513542136504906,0.32865511698178956,1.2821433402893125,0.49783016937649216,-0.018361723172781723,0.34010877230574954,1.0,0.0,1
0.9092971509658072,-0.847659293039801,0.24663970704492555,-1.022076313424057,1.1301004856981618,0.13850309814703582,1.0,0.0,0
-0.4090555447558625,0.6066930684414384,-0.5299880178883648,0.5282282990325031,0.35078684396430726,0.23930593522639268,1.0,0.0,0
1.2938166872179608,-0.013545438660854517,0.6608411603426804,1.075394632840701,-0.264460767930841,-0.7687224355671758,0.0,0.0,0
0.03039535381802745,-1.6176105432357508,-0.42643765456392607,-0.26212307202378243,0.26875382904495415,-1.1719337838846031,1.0,0.0,0
0.30505216542670865,0.4569803253477816,1.0750426136404352,0.011460094880316431,0.7199354111013961,-0.46631392432910523,0.0,0.0,1
1.1290226002527521,-0.5696213415801522,1.1268177953026546,1.2273852811207557,0.022654784286894828,-0.06310257601167786,0.0,0.0,1
-1.452751428868851,0.9275060893564177,-0.840639107861681,-1.2956594803281558,0.06367129174657138,1.0457286318612475,0.0,1.0,0
1.4036794118614333,0.029229630794475898,1.5927944302626287,-0.1101324237437275,-0.18242775301148792,1.8521513284961022,0.0,1.0,1
0.634640339357126,0.43559279062011597,0.24663970704492555,-0.5357062389278813,-0.4285267977695472,1.4489399801786749,1.0,1.0,0
0.6895717016788623,-0.9545969666781274,-0.06401138292839058,0.16345074316037134,0.47383636634333687,0.8441229577025338,1.0,0.0,0
-0.024536008503708785,-0.5696213415801522,-0.4782128362261454,-1.1132707023920898,-0.5925928276082534,-1.0711309468052463,1.0,0.0,0
0.6895717016788623,-0.44129613321416017,0.5055156153560223,-0.4141137203038373,-0.18242775301148792,-0.3655110872497484,1.0,0.0,0
1.5684734988266422,0.9061185546287528,0.3501900703693643,0.22424700247239332,1.0890839782384851,0.23930593522639268,1.0,0.0,1
0.7994344263223347,1.7616199437353641,0.19486452538270618,0.49783016937649216,1.2531500080771913,-0.6679195984878189,1.0,0.0,0
-0.6287809940428074,-0.8048842235844699,-0.840639107861681,-1.7820295548243315,-1.7820715439388735,0.5417144464644632,1.0,1.0,0
-0.9034378056514886,1.1413814366330706,0.8679418869915578,-0.049336164431705534,1.2941665155368678,0.6425172835438201,0.0,1.0,1
1.1839539625744884,-2.002586168333726,-1.2030653794972164,1.2273852811207557,0.06367129174657138,0.5417144464644632,0.0,0.0,0
-0.6287809940428074,-1.1898598486824452,-0.5817631995505841,-0.38371559064782634,-0.8386918723663127,0.9449257947818905,1.0,0.0,0
-1.1780946172601698,-0.9545969666781274,0.4019652520315836,0.74101520662458,-0.4695433052292238,-0.9703281097258895,0.0,1.0,0
1.513542136504906,-1.3609601265037676,1.1268177953026546,1.5617647073368766,0.26875382904495415,0.9449257947818905,1.0,0.0,0
0.2501208031049724,-1.596223008508086,0.7126163420048998,0.49783016937649216,0.3097703365046307,-0.7687224355671758,1.0,0.0,0
0.19518944078323616,0.4569803253477816,0.19486452538270618,0.2546451321284043,0.6379023961820431,-0.9703281097258895,0.0,0.0,0
0.14025807846149993,-0.18464571648217695,-0.37466247290170673,0.04185822453632741,0.47383636634333687,0.5417144464644632,1.0,1.0,0
-0.7386437186862799,0.41420525589245116,-2.1350186494171646,0.49783016937649216,1.0480674707788087,1.1465314689406043,1.0,0.0,0
-0.6837123563645436,0.7350182768074304,-0.32288729123948734,-0.4749099796158593,0.8019684260207492,0.4409116093851064,0.0,0.0,0
1.348748049539697,0.30726758225412476,0.4019652520315836,-1.0828725727360788,0.35078684396430726,0.03770026106767898,0.0,0.0,0
-0.7935750810080161,0.7136307420797648,-1.151290197834997,0.28504326178441525,-1.0437744096646955,0.23930593522639268,0.0,0.0,0
0.7994344263223347,-0.034932973388520104,0.19486452538270618,-0.6876968872079362,1.6222985752142802,0.13850309814703582,0.0,0.0,0
0.46984625239191735,-1.1898598486824452,1.5927944302626287,-0.930881924456024,-0.5105598126889004,-1.1719337838846031,0.0,0.0,0
0.9092971509658072,1.1199939019054057,2.369422155195919,0.6194226880005361,0.3097703365046307,-1.2727366209639601,1.0,1.0,1
-1.0133005302949611,-0.5696213415801522,-0.5817631995505841,-0.6269006278959142,-1.7820715439388735,-0.1639054130910347,1.0,1.0,0
-0.9583691679732248,-0.9332094319504619,-1.0477398345105584,-1.8732239437923646,-0.4695433052292238,0.03770026106767898,1.0,0.0,0
-0.07946737082544503,-0.16325818175451134,-0.8924142895239002,0.10265448384834938,-0.10039473809213482,-0.06310257601167786,1.0,0.0,0
-1.7274082404775322,-0.9118218972227963,-0.8924142895239002,-0.018938034775694553,-1.7820715439388735,0.5417144464644632,0.0,0.0,0
1.1290226002527521,-0.3985210637588298,2.058771065222603,-0.6269006278959142,0.47383636634333687,-0.1639054130910347,1.0,0.0,1
1.1839539625744884,0.3928177211647856,0.6608411603426804,1.7441534852729423,0.022654784286894828,0.6425172835438201,0.0,1.0,1
1.1839539625744884,0.3928177211647856,-0.8924142895239002,-0.839687535487991,2.8938103064642533,-0.1639054130910347,0.0,1.0,1
-1.6175455158340597,-0.8904343624951314,-0.6853135628750229,1.075394632840701,-1.5359724991808141,1.7513484914167454,0.0,0.0,0
-0.9034378056514886,-0.4626836679418258,0.09131416205826748,-0.839687535487991,-1.0437744096646955,0.03770026106767898,0.0,0.0,0
-0.5189182693993349,1.1413814366330706,-1.5137164694705325,0.16345074316037134,-0.5105598126889004,2.2553626768135295,0.0,0.0,0
1.348748049539697,0.5425304642584424,1.0750426136404352,-1.022076313424057,1.74534809759331,0.4409116093851064,1.0,0.0,1
-1.1780946172601698,2.167983103561004,-0.5299880178883648,-0.07973429408771651,0.18672081412560104,-0.26470825017039157,0.0,0.0,0
-1.1231632549384336,1.2483191102713969,-0.840639107861681,0.011460094880316431,-0.5515763201485769,-0.9703281097258895,1.0,0.0,0
-1.233025979581906,1.2055440408160665,-1.4619412878083131,-0.32291933133580436,0.6789189036417196,-1.5751451322020305,0.0,0.0,0
-0.024536008503708785,-1.403735195959098,0.7126163420048998,-0.8092894058319801,-1.7000385290195204,-1.0711309468052463,1.0,0.0,0
-0.9034378056514886,0.8205684157180912,-0.9441894711861196,-1.0524744430800679,0.55586938126269,-0.9703281097258895,0.0,1.0,1
-1.3428887042253785,-0.034932973388520104,-2.0314682860927262,0.46743203972048114,1.007050963319132,0.23930593522639268,0.0,0.0,0
0.30505216542670865,-0.5268462721248218,-1.2548405611594358,0.07225635419233839,0.22773732158527757,-0.5671167614084621,1.0,0.0,0
-1.1231632549384336,0.20032990861579833,0.09131416205826748,0.9842002438726679,0.18672081412560104,0.13850309814703582,1.0,0.0,0
-0.4639869070775987,0.9916686935394137,0.09131416205826748,-0.4445118499598483,1.007050963319132,1.247334306019961,0.0,1.0,1
-0.24426145779065372,0.5425304642584424,-0.11578656459060994,-0.3533174609918154,1.6222985752142802,-0.1639054130910347,1.0,1.0,0
1.1290226002527521,-0.8690468277674659,0.45374043369380296,1.0449965031846897,1.007050963319132,2.1545598397341728,0.0,1.0,0
-1.3428887042253785,0.7991808809904264,-1.3583909244838746,-1.8428258141363536,0.22773732158527757,-1.2727366209639601,0.0,0.0,0
1.4036794118614333,-0.6337839457631482,0.19486452538270618,-0.6572987575519251,0.8840014409401024,-0.06310257601167786,1.0,0.0,0
-0.24426145779065372,0.24310497807112874,-0.4782128362261454,0.9538021142166568,-0.8797083798259893,-0.5671167614084621,1.0,0.0,0
0.19518944078323616,-0.2915833901205034,-1.4101661061460937,-1.022076313424057,0.5148528738030135,0.9449257947818905,1.0,0.0,0
-0.3541241824341262,-0.20603325120984253,-0.7888639261994616,-1.8428258141363536,-1.2488569469630781,-2.2807649917575286,0.0,0.0,0
-1.3428887042253785,0.8205684157180912,-1.2030653794972164,1.3489777997447996,-0.5105598126889004,-1.5751451322020305,1.0,0.0,0
1.4036794118614333,-1.0401471055887883,1.4374688852759707,-0.9004837948000131,-1.7820715439388735,-0.06310257601167786,1.0,1.0,0
1.513542136504906,2.018270360467347,1.0232674319782158,1.2273852811207557,1.7043315901336333,1.6505456543373884,1.0,1.0,1
0.9642285132875436,-1.8314858905124036,1.2303681586270934,0.10265448384834938,-0.715642349987283,0.23930593522639268,0.0,0.0,1
-0.24426145779065372,-0.5910088763078171,0.8161667053293384,-2.572380925880617,0.5148528738030135,-1.373539458043317,0.0,1.0,0
-0.24426145779065372,0.41420525589245116,0.6090659786804611,-0.23172494236777144,0.35078684396430726,-1.2727366209639601,0.0,0.0,0
0.2501208031049724,0.628080603169104,0.5055156153560223,0.6498208176565471,1.2941665155368678,1.6505456543373884,1.0,0.0,0
0.46984625239191735,-0.07770804284385052,0.3501900703693643,0.5282282990325031,-0.9617413947453424,-0.6679195984878189,0.0,1.0,1
0.19518944078323616,-0.034932973388520104,-0.5817631995505841,0.9234039845606459,0.8840014409401024,-0.9703281097258895,0.0,0.0,0
-0.29919282011238996,0.4569803253477816,0.2984148887071449,-0.3533174609918154,1.9094141274320162,1.4489399801786749,0.0,0.0,1
1.1839539625744884,-0.20603325120984253,2.058771065222603,1.1057927624967119,0.8840014409401024,1.0457286318612475,0.0,1.0,1
1.6783362234701147,1.4621944575480506,1.4374688852759707,0.4066357804084592,1.8683976199723396,1.3481371430993179,1.0,0.0,1
-0.8485064433297523,0.8847310199010873,0.764391523667119,-1.4476501286082106,0.18672081412560104,-1.0711309468052463,1.0,0.0,0
-1.2879573419036423,0.9275060893564177,-2.0314682860927262,-1.5084463879202328,-0.5925928276082534,-1.6759479692813875,0.0,0.0,0
0.03039535381802745,-0.9545969666781274,-0.840639107861681,-1.5084463879202328,0.22773732158527757,0.13850309814703582,1.0,0.0,0
1.1290226002527521,-0.056320508116184935,1.3856937036137513,1.3793759294008106,-1.1258074245840486,0.34010877230574954,0.0,0.0,1
-0.6837123563645436,-0.27019585539283775,-0.32288729123948734,-1.7212332955123095,-0.8386918723663127,0.34010877230574954,0.0,0.0,0
-1.0682318926166974,-0.9973720361334579,0.19486452538270618,-0.38371559064782634,-1.7820715439388735,1.3481371430993179,1.0,1.0,0
-0.24426145779065372,0.3928177211647856,-0.1675617462528293,-0.23172494236777144,-0.6336093350679299,-1.7767508063607442,0.0,0.0,0
0.854365788644071,-0.5268462721248218,-0.01223620126617123,0.16345074316037134,0.5148528738030135,0.8441229577025338,1.0,0.0,0
-0.1893300954689175,0.6922432073521,-0.271112109577268,1.3185796700887886,0.5968858887223666,-1.1719337838846031,1.0,0.0,1
-1.0682318926166974,-1.0615346403164538,-1.876142741106068,-1.0524744430800679,-0.7566588574469596,0.7433201206231769,0.0,0.0,0
0.7445030640005985,1.8043950131906938,-0.32288729123948734,1.2577834107767667,1.1711169931578382,-0.46631392432910523,0.0,1.0,1
0.14025807846149993,-0.8904343624951314,0.8161667053293384,-0.07973429408771651,-1.7820715439388735,-0.8695252726465327,1.0,0.0,0
1.5684734988266422,0.2644925127987943,1.7481199752492869,0.589024558344525,0.18672081412560104,-0.5671167614084621,1.0,0.0,1
-1.452751428868851,0.8419559504457569,-0.7888639261994616,1.6833572259609204,-0.7976753649066362,-1.5751451322020305,0.0,0.0,0
-0.7935750810080161,-0.5482338068524866,-1.8243675594438487,-1.7516314251683205,-1.2488569469630781,-0.06310257601167786,0.0,0.0,0
1.0191598756092797,0.9061185546287528,0.45374043369380296,1.8049497445849645,1.212133500617515,-0.7687224355671758,0.0,0.0,1
-1.5076827911905872,-1.2326349181377756,-1.9796931044305066,-0.26212307202378243,-1.7410550364791968,0.6425172835438201,1.0,0.0,0
0.7994344263223347,1.5263570617310458,1.3856937036137513,0.22424700247239332,0.35078684396430726,0.6425172835438201,1.0,0.0,1
-0.4090555447558625,0.05061716552214149,-0.7370887445372422,1.3489777997447996,-1.7820715439388735,1.6505456543373884,1.0,0.0,0
-1.672476878155796,-0.5910088763078171,-1.9796931044305066,-2.4811865369125843,-1.2078404395034017,0.23930593522639268,0.0,0.0,0
-1.233025979581906,-0.27019585539283775,-0.840639107861681,-1.022076313424057,-1.6590220215598437,0.4409116093851064,1.0,0.0,0
1.2938166872179608,0.8633434851734216,0.45374043369380296,-0.3533174609918154,0.8019684260207492,1.4489399801786749,1.0,0.0,1
-0.13439873314718126,-0.5696213415801522,0.9714922503159965,0.22424700247239332,-1.2898734544227548,-0.6679195984878189,0.0,1.0,1
0.9642285132875436,-0.7407216194014746,0.14308934372048684,-0.7484931465199581,-0.05937823063245827,-1.4743422951226737,1.0,0.0,0
1.4586107741831695,-0.20603325120984253,-0.01223620126617123,0.9842002438726679,0.1457043066659245,0.23930593522639268,0.0,0.0,0
0.6895717016788623,-1.1684723139547804,-1.0995150161727776,-0.1101324237437275,1.2941665155368678,-1.4743422951226737,0.0,0.0,0
-1.5076827911905872,1.8899451521013562,-1.0995150161727776,-0.6572987575519251,0.7199354111013961,2.3561655138928863,0.0,0.0,0
1.2388853248962246,-0.5482338068524866,0.45374043369380296,0.7714133362805909,-1.6180055141001672,1.5497428172580316,1.0,1.0,0
1.2938166872179608,0.8847310199010873,-0.11578656459060994,0.49783016937649216,-0.38751029030987066,2.2553626768135295,1.0,1.0,1
0.03039535381802745,0.24310497807112874,0.8679418869915578,-0.9004837948000131,0.06367129174657138,0.03770026106767898,0.0,0.0,1
1.1839539625744884,-0.9759845014057923,1.333918521951532,2.8384861528893377,-0.9207248872856658,0.5417144464644632,0.0,0.0,1
-1.7274082404775322,0.029229630794475898,-1.2548405611594358,-1.143668832048101,-1.7820715439388735,-0.5671167614084621,0.0,1.0,0
-0.7935750810080161,0.8419559504457569,0.4019652520315836,-2.1468071106964635,1.2531500080771913,0.8441229577025338,1.0,0.0,1
-0.024536008503708785,-0.16325818175451134,0.45374043369380296,-0.8092894058319801,0.4328198588836603,-1.2727366209639601,0.0,0.0,0
0.7994344263223347,1.2483191102713969,-0.06401138292839058,-0.5357062389278813,1.212133500617515,-2.2807649917575286,0.0,0.0,1
0.9092971509658072,1.0772188324500744,-0.11578656459060994,1.3793759294008106,0.1457043066659245,-0.7687224355671758,0.0,1.0,0
-1.1780946172601698,0.970281158811748,-0.271112109577268,0.011460094880316431,0.35078684396430726,-1.5751451322020305,0.0,1.0,0
-0.6287809940428074,-0.44129613321416017,-0.1675617462528293,0.011460094880316431,-1.1668239320437253,1.4489399801786749,0.0,0.0,0
-0.3541241824341262,-1.0829221750441187,-0.11578656459060994,-0.6876968872079362,-0.38751029030987066,1.7513484914167454,0.0,1.0,0
1.6783362234701147,-0.5910088763078171,0.5572907970182417,0.34583952109643723,-0.6746258425276065,-1.373539458043317,1.0,0.0,1
-0.4090555447558625,0.22171744334346316,0.14308934372048684,-0.4445118499598483,1.212133500617515,1.247334306019961,1.0,1.0,0
-0.5738496317210712,0.5853055337137736,-0.9441894711861196,-0.17092868305574946,-1.453939484261461,0.8441229577025338,1.0,0.0,0
1.4586107741831695,-2.002586168333726,0.9714922503159965,0.9538021142166568,1.1301004856981618,-1.5751451322020305,1.0,0.0,1
-0.29919282011238996,0.029229630794475898,0.8161667053293384,0.19384887281638233,-0.18242775301148792,-0.46631392432910523,1.0,0.0,0
0.9092971509658072,0.20032990861579833,0.14308934372048684,0.8930058549046349,-0.14141124555181137,-0.5671167614084621,1.0,1.0,0
-1.0682318926166974,-0.24880832066517294,-1.9279179227682874,-0.018938034775694553,-0.4285267977695472,0.6425172835438201,1.0,0.0,0
0.03039535381802745,1.3552567839097234,-0.7370887445372422,1.1361908921527228,1.212133500617515,-1.2727366209639601,1.0,0.0,0
0.0853267161397637,0.4569803253477816,0.764391523667119,0.4066357804084592,1.376199530456221,-0.1639054130910347,0.0,1.0,1
0.46984625239191735,1.376644318637389,0.5055156153560223,0.832209595592613,0.9660344558594555,-0.6679195984878189,0.0,0.0,1
0.14025807846149993,-0.18464571648217695,-0.01223620126617123,1.1057927624967119,-0.9617413947453424,0.4409116093851064,1.0,0.0,0
1.6783362234701147,0.9916686935394137,0.8161667053293384,0.31544139144042627,0.9660344558594555,-0.1639054130910347,0.0,0.0,0
-1.7274082404775322,1.6974573395523673,-0.8924142895239002,-1.1132707023920898,1.74534809759331,-0.6679195984878189,0.0,1.0,0
-0.6287809940428074,1.376644318637389,-1.0477398345105584,-1.022076313424057,1.5402655602949271,-0.26470825017039157,1.0,1.0,0
0.854365788644071,-1.0829221750441187,0.8161667053293384,0.31544139144042627,0.6379023961820431,2.053757002654816,1.0,1.0,1
1.2388853248962246,-0.22742078593750736,0.3501900703693643,-1.204465091360123,0.9250179483997789,-0.3655110872497484,1.0,0.0,1
-1.452751428868851,-0.33435845957583377,-1.6690420144571907,-0.23172494236777144,-0.14141124555181137,-1.1719337838846031,0.0,0.0,0
-0.24426145779065372,0.5211429295307776,-0.6335383812128035,-0.07973429408771651,1.0890839782384851,0.5417144464644632,0.0,0.0,1
-0.8485064433297523,0.7350182768074304,-0.8924142895239002,0.862607725248624,-0.4695433052292238,-0.26470825017039157,1.0,0.0,0
-1.5076827911905872,-0.8262717583121355,-1.0995150161727776,-1.3868538692961887,-1.7820715439388735,-1.5751451322020305,1.0,1.0,0
-0.07946737082544503,0.0933922349774719,0.09131416205826748,-0.17092868305574946,-0.018361723172781723,2.2553626768135295,1.0,0.0,0
-1.5076827911905872,-2.002586168333726,-2.186793831079384,-0.018938034775694553,-1.7000385290195204,-0.46631392432910523,1.0,1.0,0
0.30505216542670865,1.5049695270033803,-0.37466247290170673,1.7137553556169314,-0.22344426047116447,-0.3655110872497484,1.0,1.0,1
-1.6175455158340597,-0.5054587373971562,-1.4101661061460937,-1.3868538692961887,-1.5359724991808141,0.03770026106767898,1.0,1.0,0
1.1290226002527521,0.0933922349774719,1.9034455202359448,0.680218947312558,2.565678246786841,1.7513484914167454,0.0,1.0,1
-0.5189182693993349,-0.2915833901205034,-1.151290197834997,0.011460094880316431,-0.30547727539051756,-1.7767508063607442,0.0,0.0,0
0.2501208031049724,1.2055440408160665,0.2984148887071449,0.710617076968569,0.8840014409401024,0.23930593522639268,1.0,0.0,0
1.1290226002527521,-2.002586168333726,1.8516703385737256,-0.17092868305574946,-1.1668239320437253,2.1545598397341728,0.0,1.0,0
0.2501208031049724,0.00784209606681031,-0.7888639261994616,1.2881815404327777,-1.7000385290195204,0.13850309814703582,1.0,0.0,0
-1.233025979581906,-0.07770804284385052,-0.5817631995505841,-2.238001499664496,-1.2898734544227548,-1.373539458043317,1.0,0.0,0
-1.233025979581906,-0.44129613321416017,-1.4619412878083131,-0.961280054112035,0.55586938126269,-0.7687224355671758,1.0,1.0,0
-0.7386437186862799,1.8043950131906938,-0.8924142895239002,0.49783016937649216,0.8019684260207492,0.13850309814703582,0.0,1.0,0
-0.8485064433297523,-0.8904343624951314,-1.2030653794972164,-0.1101324237437275,-0.22344426047116447,1.247334306019961,0.0,0.0,0
-0.6287809940428074,0.8205684157180912,-0.995964652848339,1.1665890218087338,0.7199354111013961,-0.3655110872497484,0.0,0.0,0
-1.0133005302949611,0.3928177211647856,1.2303681586270934,0.7714133362805909,-0.7976753649066362,0.7433201206231769,1.0,0.0,0
-1.2879573419036423,1.3338692491820585,-0.32288729123948734,-0.5053081092718703,1.3351830229965445,-1.5751451322020305,0.0,0.0,0
0.7445030640005985,-0.6551714804908131,1.333918521951532,1.3793759294008106,-0.7566588574469596,-1.4743422951226737,1.0,0.0,1
-1.7274082404775322,-0.719334084673809,-0.8924142895239002,-1.5084463879202328,0.22773732158527757,-0.5671167614084621,0.0,0.0,0
1.0191598756092797,1.162768971360736,-0.42643765456392607,1.5313665776808656,1.1711169931578382,1.4489399801786749,1.0,0.0,1
0.6895717016788623,0.4569803253477816,0.764391523667119,2.048134781833052,-1.2898734544227548,0.03770026106767898,1.0,0.0,0
-1.0682318926166974,-1.553447939052755,0.039538980396048126,0.34583952109643723,-1.4949559917211375,0.23930593522639268,0.0,0.0,0
-1.5626141535123235,-0.5268462721248218,-1.7208171961194099,-0.6572987575519251,-1.7820715439388735,0.13850309814703582,0.0,0.0,0
1.6234048611483785,0.43559279062011597,1.8516703385737256,0.46743203972048114,1.7043315901336333,1.1465314689406043,1.0,1.0,1
-1.7274082404775322,0.8847310199010873,-0.7370887445372422,-1.9036220734483755,-0.30547727539051756,-0.7687224355671758,0.0,0.0,0
0.9092971509658072,-0.6765590152184786,1.9552207018981642,0.5282282990325031,-1.7820715439388735,0.7433201206231769,1.0,0.0,0
0.4149148900701811,-2.002586168333726,-0.01223620126617123,-1.2652613506721448,0.022654784286894828,-0.8695252726465327,0.0,0.0,0
-0.024536008503708785,0.563917998986108,-0.840639107861681,-0.5965024982399032,-0.3464937828501941,1.952954165575459,0.0,1.0,0
0.0853267161397637,-1.2326349181377756,-0.21933692791504864,-1.2956594803281558,-1.7820715439388735,-0.8695252726465327,0.0,0.0,0
-0.24426145779065372,-2.002586168333726,0.8679418869915578,-0.930881924456024,0.9660344558594555,-0.9703281097258895,0.0,0.0,0
-0.07946737082544503,-2.002586168333726,-1.4101661061460937,-0.4749099796158593,-0.38751029030987066,0.5417144464644632,0.0,0.0,0
-1.3428887042253785,0.8633434851734216,-2.186793831079384,-0.1101324237437275,-0.4285267977695472,-0.06310257601167786,1.0,0.0,0
0.3599835277484449,0.15755483916046792,0.2984148887071449,-0.3533174609918154,-0.264460767930841,0.34010877230574954,0.0,0.0,0
-0.3541241824341262,-0.20603325120984253,-0.5817631995505841,0.801811465936602,-1.7000385290195204,0.13850309814703582,1.0,0.0,0
1.4036794118614333,1.4621944575480506,0.9714922503159965,0.710617076968569,-0.10039473809213482,-1.0711309468052463,1.0,0.0,1
0.0853267161397637,0.6922432073521,0.7126163420048998,-0.5053081092718703,1.4172160379158976,1.5497428172580316,1.0,0.0,0
1.1839539625744884,1.6974573395523673,0.45374043369380296,1.075394632840701,0.6789189036417196,0.9449257947818905,1.0,1.0,1
1.1839539625744884,-1.403735195959098,-0.5299880178883648,1.9873385225210303,-0.05937823063245827,1.4489399801786749,0.0,1.0,0
-1.6175455158340597,-0.013545438660854517,0.3501900703693643,-0.3533174609918154,-1.7820715439388735,-0.6679195984878189,1.0,0.0,0
1.4586107741831695,-1.6389980779634163,0.2984148887071449,-0.049336164431705534,-1.1668239320437253,0.4409116093851064,0.0,0.0,0
0.9642285132875436,-0.20603325120984253,-0.11578656459060994,-1.022076313424057,0.6789189036417196,0.23930593522639268,1.0,0.0,0
-1.1231632549384336,-0.22742078593750736,-0.01223620126617123,-0.6876968872079362,-0.264460767930841,1.0457286318612475,1.0,0.0,0
-1.7274082404775322,0.6708556726244345,-1.5137164694705325,-0.3533174609918154,1.212133500617515,1.0457286318612475,1.0,0.0,0
1.1839539625744884,0.07200470024980632,0.764391523667119,0.16345074316037134,1.5402655602949271,0.23930593522639268,1.0,1.0,0
0.634640339357126,0.6708556726244345,0.8161667053293384,-1.0828725727360788,0.22773732158527757,-1.5751451322020305,1.0,0.0,0
-1.5076827911905872,0.7564058115350952,-0.271112109577268,-1.2348632210161339,0.18672081412560104,1.6505456543373884,0.0,0.0,0
-0.13439873314718126,2.2321457077439995,-0.32288729123948734,1.7745516149289533,0.6379023961820431,0.5417144464644632,1.0,1.0,1
-0.13439873314718126,-0.2915833901205034,1.0232674319782158,1.1969871514647448,1.5402655602949271,-0.6679195984878189,0.0,0.0,0
1.4586107741831695,-0.9332094319504619,-0.5299880178883648,-0.38371559064782634,1.0480674707788087,0.4409116093851064,1.0,1.0,1
1.348748049539697,0.2858800475264592,1.4892440669381901,1.2577834107767667,0.6379023961820431,-1.4743422951226737,1.0,0.0,1
-0.8485064433297523,-0.8048842235844699,-1.2030653794972164,-1.5692426472322547,-0.5515763201485769,0.9449257947818905,0.0,0.0,0
0.854365788644071,1.5477445964587113,1.5927944302626287,1.9873385225210303,2.2375461871094284,-1.4743422951226737,1.0,0.0,1
1.6783362234701147,-0.27019585539283775,1.2821433402893125,0.8930058549046349,0.8429849334804258,-0.1639054130910347,1.0,1.0,1
0.7994344263223347,-0.5482338068524866,0.09131416205826748,1.1057927624967119,1.2941665155368678,0.23930593522639268,1.0,0.0,0
-0.5189182693993349,-0.4626836679418258,0.09131416205826748,-1.8732239437923646,-1.7820715439388735,0.9449257947818905,1.0,0.0,0
-0.9583691679732248,0.7564058115350952,-0.01223620126617123,0.4066357804084592,0.35078684396430726,0.03770026106767898,0.0,0.0,0
0.2501208031049724,-0.1418706470268465,0.6090659786804611,0.07225635419233839,-0.5515763201485769,0.6425172835438201,1.0,0.0,1
-0.6287809940428074,-0.6337839457631482,-1.2030653794972164,0.4066357804084592,0.9660344558594555,-0.06310257601167786,0.0,0.0,0
-1.0133005302949611,1.7402324090076986,-1.0995150161727776,0.801811465936602,1.7863646050529864,-0.1639054130910347,0.0,0.0,0
-1.672476878155796,-0.847659293039801,-1.2030653794972164,-0.8092894058319801,-1.002757902205019,-0.06310257601167786,1.0,0.0,0
-1.1780946172601698,0.07200470024980632,-0.8924142895239002,-0.991678183768046,0.9250179483997789,-0.26470825017039157,0.0,0.0,0
1.0191598756092797,0.6922432073521,1.2303681586270934,1.2881815404327777,2.1555131721900755,-1.6759479692813875,1.0,0.0,1
0.3599835277484449,-1.6389980779634163,-1.2030653794972164,-0.23172494236777144,-0.264460767930841,-0.7687224355671758,0.0,0.0,0
0.30505216542670865,0.5211429295307776,0.45374043369380296,-0.5357062389278813,2.483645231867488,0.23930593522639268,1.0,0.0,0
1.513542136504906,-1.0615346403164538,0.8679418869915578,-0.4141137203038373,0.022654784286894828,-0.1639054130910347,0.0,1.0,0
0.0853267161397637,0.8633434851734216,-0.5299880178883648,-1.1132707023920898,0.1457043066659245,-0.1639054130910347,1.0,0.0,0
0.30505216542670865,-0.9545969666781274,-0.32288729123948734,-0.5357062389278813,0.4328198588836603,-0.3655110872497484,1.0,1.0,0
0.9642285132875436,0.7350182768074304,0.5055156153560223,1.5921628369928875,0.22773732158527757,-0.8695252726465327,0.0,0.0,0
0.0853267161397637,1.162768971360736,-2.186793831079384,0.46743203972048114,0.55586938126269,-0.5671167614084621,0.0,1.0,0
-0.7935750810080161,0.9061185546287528,-1.0995150161727776,-0.5965024982399032,1.3351830229965445,-0.3655110872497484,1.0,0.0,0
-0.13439873314718126,0.2858800475264592,-0.7370887445372422,0.74101520662458,-0.018361723172781723,-0.06310257601167786,1.0,0.0,0
-0.9583691679732248,-0.20603325120984253,-0.32288729123948734,-1.174066961704112,-1.7820715439388735,0.34010877230574954,0.0,0.0,0
-0.29919282011238996,-0.5696213415801522,-0.7888639261994616,-0.1405305533997385,-0.14141124555181137,-0.26470825017039157,0.0,1.0,0
1.0191598756092797,1.5477445964587113,0.5572907970182417,0.6194226880005361,0.35078684396430726,-0.9703281097258895,0.0,0.0,0
1.6783362234701147,-0.6979465499461435,2.3176469735336998,1.2881815404327777,0.8840014409401024,-1.373539458043317,0.0,0.0,1
0.0853267161397637,-1.0401471055887883,0.764391523667119,-1.5996407768882657,0.18672081412560104,2.5577711880516003,0.0,0.0,0
1.074091237931016,0.7136307420797648,1.3856937036137513,-0.17092868305574946,1.9094141274320162,-1.0711309468052463,0.0,0.0,1
1.348748049539697,-0.783496688856805,0.6090659786804611,-1.0828725727360788,0.8019684260207492,-0.46631392432910523,1.0,0.0,1
0.30505216542670865,-0.9545969666781274,0.6090659786804611,-0.2925212016797934,0.6379023961820431,0.5417144464644632,1.0,1.0,0
0.03039535381802745,-1.4465102654144284,-0.1675617462528293,0.832209595592613,-1.0437744096646955,0.34010877230574954,0.0,0.0,0
-0.4639869070775987,-0.4626836679418258,-0.4782128362261454,-0.7484931465199581,0.22773732158527757,0.4409116093851064,0.0,0.0,0
-0.9583691679732248,-0.056320508116184935,-0.37466247290170673,-0.8700856651440021,1.2941665155368678,-0.5671167614084621,1.0,0.0,0
1.513542136504906,0.2858800475264592,0.6090659786804611,1.5009684480248546,-0.10039473809213482,0.23930593522639268,1.0,1.0,1
-0.13439873314718126,1.0130562282670792,0.9714922503159965,1.1361908921527228,1.9504306348916927,0.03770026106767898,0.0,0.0,1
1.2388853248962246,0.563917998986108,0.764391523667119,0.5586264286885141,0.06367129174657138,-0.26470825017039157,1.0,1.0,1
0.5247776147136536,-0.16325818175451134,0.8161667053293384,0.832209595592613,-0.7976753649066362,0.23930593522639268,1.0,0.0,1
1.0191598756092797,-0.18464571648217695,1.7481199752492869,-0.5965024982399032,0.39180335142398376,1.0457286318612475,1.0,1.0,0
-0.8485064433297523,0.5425304642584424,0.14308934372048684,1.0449965031846897,0.5148528738030135,-0.06310257601167786,1.0,0.0,0
-1.5076827911905872,1.3338692491820585,-2.0832434677549454,1.6225609666488985,0.8429849334804258,-0.1639054130910347,1.0,1.0,0
-0.1893300954689175,0.15755483916046792,0.19486452538270618,0.4370339100644702,-0.9617413947453424,1.0457286318612475,1.0,0.0,1
-1.5626141535123235,-0.4626836679418258,-0.4782128362261454,-2.572380925880617,-0.4695433052292238,0.8441229577025338,1.0,0.0,0
-1.233025979581906,-0.9973720361334579,-0.21933692791504864,-1.204465091360123,-1.4949559917211375,1.4489399801786749,0.0,0.0,0
1.2938166872179608,-1.4465102654144284,0.09131416205826748,0.801811465936602,-1.371906469342108,-1.7767508063607442,1.0,0.0,0
-0.8485064433297523,0.7136307420797648,-1.0995150161727776,-0.5661043685838922,-0.8797083798259893,0.8441229577025338,0.0,0.0,0
-1.233025979581906,0.628080603169104,-0.1675617462528293,0.801811465936602,-0.9207248872856658,0.5417144464644632,0.0,1.0,0
-0.8485064433297523,0.628080603169104,-1.151290197834997,0.34583952109643723,0.39180335142398376,-0.9703281097258895,1.0,1.0,0
1.513542136504906,-0.0990955775715161,0.8679418869915578,-0.018938034775694553,1.376199530456221,0.34010877230574954,0.0,0.0,1
-0.6837123563645436,1.4835819922757145,0.6608411603426804,0.07225635419233839,-0.9617413947453424,0.9449257947818905,1.0,0.0,1
-0.4639869070775987,-0.4626836679418258,-0.37466247290170673,-1.0828725727360788,-0.18242775301148792,-0.8695252726465327,0.0,0.0,0
-1.5076827911905872,1.0130562282670792,-1.6172668327949713,-0.5661043685838922,-1.2078404395034017,0.34010877230574954,1.0,1.0,0
0.0853267161397637,-0.013545438660854517,-0.5817631995505841,-0.4445118499598483,0.47383636634333687,0.8441229577025338,0.0,0.0,0
-1.452751428868851,-0.5910088763078171,-0.7888639261994616,0.34583952109643723,-1.453939484261461,-1.1719337838846031,0.0,0.0,0
1.1290226002527521,0.628080603169104,-0.1675617462528293,2.534504856329228,-0.38751029030987066,-0.1639054130910347,1.0,0.0,0
-1.672476878155796,0.4569803253477816,-1.3583909244838746,-1.8732239437923646,0.26875382904495415,0.13850309814703582,1.0,0.0,0
-1.0682318926166974,0.3928177211647856,-0.5299880178883648,-2.0860108513844415,-0.7976753649066362,-0.8695252726465327,0.0,0.0,0
1.6234048611483785,0.11477976970513673,2.058771065222603,0.49783016937649216,0.18672081412560104,-0.8695252726465327,0.0,0.0,1
0.5797089770353898,-0.013545438660854517,0.8679418869915578,-1.143668832048101,-1.7820715439388735,-0.1639054130910347,1.0,1.0,0
0.5797089770353898,2.4887961244759835,-0.11578656459060994,0.832209595592613,2.114496664730399,0.8441229577025338,0.0,0.0,1
0.854365788644071,1.2483191102713969,1.4374688852759707,1.3185796700887886,1.4992490528352507,0.6425172835438201,1.0,0.0,1
-1.1780946172601698,0.7777933462627609,-1.0477398345105584,1.0449965031846897,-0.14141124555181137,-0.9703281097258895,0.0,1.0,0
1.0191598756092797,0.1361673044328023,-0.1675617462528293,0.6498208176565471,-1.0847909171243721,0.6425172835438201,1.0,1.0,0
0.7994344263223347,1.0558312977224096,0.45374043369380296,0.4066357804084592,1.74534809759331,-0.8695252726465327,0.0,1.0,0
1.348748049539697,0.563917998986108,2.006995883560384,-1.1132707023920898,0.022654784286894828,-1.5751451322020305,1.0,0.0,0
-0.5189182693993349,0.05061716552214149,-0.271112109577268,-0.17092868305574946,-0.6746258425276065,-0.46631392432910523,1.0,1.0,0
1.2388853248962246,-0.2915833901205034,0.8679418869915578,0.5282282990325031,2.2375461871094284,1.1465314689406043,1.0,0.0,1
-0.9034378056514886,-0.056320508116184935,0.5572907970182417,0.22424700247239332,-1.0847909171243721,0.5417144464644632,1.0,0.0,0
-0.07946737082544503,-2.002586168333726,-1.0995150161727776,-1.0828725727360788,0.18672081412560104,-0.06310257601167786,1.0,0.0,0
-1.1780946172601698,0.24310497807112874,-1.7725923777816293,-0.8092894058319801,0.10468779920624793,-0.5671167614084621,1.0,0.0,0
1.1839539625744884,-0.4626836679418258,-0.32288729123948734,-0.930881924456024,0.4328198588836603,-0.3655110872497484,0.0,0.0,0
-0.9034378056514886,1.6546822700970378,-0.37466247290170673,-2.0860108513844415,0.6379023961820431,0.03770026106767898,1.0,1.0,0
-1.3428887042253785,0.05061716552214149,-0.840639107861681,-1.5388445175762437,-0.18242775301148792,-1.1719337838846031,1.0,0.0,0
-1.5626141535123235,-1.1898598486824452,-0.01223620126617123,-2.3291958886325292,-0.7566588574469596,-0.46631392432910523,1.0,0.0,0
0.4149148900701811,-0.013545438660854517,0.45374043369380296,0.49783016937649216,-0.018361723172781723,-0.26470825017039157,1.0,0.0,0
-1.5626141535123235,-1.0401471055887883,-1.4101661061460937,-1.3260576099841668,0.39180335142398376,-1.4743422951226737,1.0,0.0,0
1.2938166872179608,0.5211429295307776,0.9197170686537771,0.16345074316037134,-0.6336093350679299,-0.7687224355671758,1.0,1.0,0
-0.4090555447558625,0.32865511698178956,-0.21933692791504864,-0.991678183768046,0.8429849334804258,0.34010877230574954,1.0,0.0,0
-1.6175455158340597,1.0130562282670792,-2.186793831079384,-2.572380925880617,0.55586938126269,-0.1639054130910347,1.0,1.0,0
-0.024536008503708785,-0.783496688856805,1.9552207018981642,1.2273852811207557,0.1457043066659245,-0.3655110872497484,0.0,1.0,0
-1.6175455158340597,0.07200470024980632,-0.7888639261994616,-1.5388445175762437,0.39180335142398376,-1.0711309468052463,0.0,0.0,0
-0.29919282011238996,-1.3823476612314332,-0.06401138292839058,-0.7788912761759691,-0.6336093350679299,1.5497428172580316,1.0,0.0,0
-0.1893300954689175,0.7564058115350952,0.2984148887071449,-1.2348632210161339,-1.4949559917211375,-0.8695252726465327,1.0,0.0,0
-0.024536008503708785,0.563917998986108,0.5055156153560223,1.0145983735286788,0.06367129174657138,0.23930593522639268,0.0,0.0,1
0.9642285132875436,0.5425304642584424,0.5572907970182417,0.6498208176565471,-0.4285267977695472,-0.46631392432910523,1.0,0.0,0
1.5684734988266422,0.029229630794475898,0.6608411603426804,-0.07973429408771651,-0.22344426047116447,0.13850309814703582,0.0,0.0,1
1.4036794118614333,0.4569803253477816,1.4374688852759707,0.34583952109643723,-0.5515763201485769,0.5417144464644632,1.0,0.0,1
1.0191598756092797,1.6760698048247034,0.9714922503159965,2.321717948737151,0.5968858887223666,-1.373539458043317,0.0,0.0,1
-0.7386437186862799,-0.27019585539283775,-1.0995150161727776,-0.4141137203038373,-1.0437744096646955,-0.06310257601167786,0.0,1.0,0
-0.6287809940428074,0.17894237388813272,0.5572907970182417,-0.38371559064782634,-1.7820715439388735,1.1465314689406043,0.0,1.0,0
-1.5076827911905872,-1.0829221750441187,-0.840639107861681,-1.6908351658562986,-0.3464937828501941,1.6505456543373884,0.0,0.0,0
-0.7935750810080161,-0.8690468277674659,-0.06401138292839058,-2.238001499664496,1.2941665155368678,-0.1639054130910347,1.0,0.0,0
-0.24426145779065372,0.1361673044328023,0.8161667053293384,-0.20132681271176045,0.4328198588836603,0.03770026106767898,1.0,0.0,1
0.5247776147136536,1.162768971360736,0.4019652520315836,0.7714133362805909,0.4328198588836603,2.2553626768135295,0.0,0.0,1
1.5684734988266422,-0.22742078593750736,1.333918521951532,1.6225609666488985,0.26875382904495415,1.1465314689406043,0.0,1.0,0
-0.5738496317210712,-0.20603325120984253,0.19486452538270618,-2.3291958886325292,-0.7976753649066362,-0.6679195984878189,1.0,1.0,0
-0.6287809940428074,-0.3985210637588298,-0.995964652848339,-1.3564557396401777,-0.4285267977695472,-0.6679195984878189,1.0,1.0,0
-1.452751428868851,-0.5268462721248218,-0.995964652848339,-1.2348632210161339,-0.8797083798259893,0.8441229577025338,1.0,0.0,0
-1.7274082404775322,0.32865511698178956,-1.151290197834997,-0.6269006278959142,-1.2898734544227548,-1.1719337838846031,1.0,0.0,0
-1.5076827911905872,-1.5106728695974243,-1.7725923777816293,-1.0524744430800679,0.55586938126269,0.9449257947818905,0.0,0.0,0
0.46984625239191735,1.3338692491820585,2.006995883560384,0.3762376507524482,-0.6746258425276065,0.34010877230574954,1.0,0.0,0
-1.1231632549384336,-0.6551714804908131,-1.8243675594438487,-0.23172494236777144,-0.14141124555181137,0.4409116093851064,1.0,0.0,0
-0.3541241824341262,0.7777933462627609,-1.2030653794972164,-0.7788912761759691,0.06367129174657138,-0.26470825017039157,1.0,0.0,0
0.7445030640005985,-1.2754099875931066,1.4892440669381901,0.8930058549046349,1.4992490528352507,-0.6679195984878189,1.0,0.0,1
0.0853267161397637,0.7136307420797648,0.5572907970182417,0.589024558344525,0.55586938126269,1.4489399801786749,1.0,0.0,1
0.9092971509658072,0.7136307420797648,-0.11578656459060994,0.2546451321284043,0.22773732158527757,-0.26470825017039157,0.0,0.0,0
-1.0133005302949611,0.41420525589245116,-0.271112109577268,1.1361908921527228,-0.4695433052292238,-0.46631392432910523,0.0,0.0,0
-0.3541241824341262,-0.9973720361334579,0.8161667053293384,1.075394632840701,-0.5515763201485769,-0.1639054130910347,0.0,0.0,0
0.6895717016788623,0.2858800475264592,0.45374043369380296,1.2273852811207557,-0.7566588574469596,0.23930593522639268,1.0,0.0,0
-0.29919282011238996,-1.1898598486824452,1.644569611924848,-2.572380925880617,-1.2488569469630781,-1.0711309468052463,0.0,0.0,0
-1.2879573419036423,-0.22742078593750736,-2.186793831079384,0.862607725248624,-1.7820715439388735,-0.6679195984878189,0.0,0.0,0
-0.3541241824341262,1.0772188324500744,0.24663970704492555,0.832209595592613,-0.5515763201485769,-0.6679195984878189,0.0,0.0,0
1.348748049539697,0.8419559504457569,1.7998951569115063,2.59530111564125,0.8429849334804258,0.8441229577025338,1.0,1.0,1
0.7994344263223347,0.05061716552214149,1.178592976964874,1.5009684480248546,0.4328198588836603,-0.8695252726465327,1.0,0.0,1
1.348748049539697,-0.9759845014057923,0.8161667053293384,1.8049497445849645,-1.7820715439388735,-1.7767508063607442,1.0,0.0,0
-0.5738496317210712,0.6922432073521,-0.6335383812128035,0.74101520662458,-0.10039473809213482,-2.0791593175988146,1.0,1.0,0
0.7994344263223347,0.05061716552214149,0.8679418869915578,1.5921628369928875,0.6789189036417196,-1.4743422951226737,1.0,0.0,0
1.2938166872179608,-2.002586168333726,1.4892440669381901,1.9569403928650193,-0.18242775301148792,1.4489399801786749,1.0,0.0,0
-0.13439873314718126,0.8419559504457569,0.3501900703693643,0.34583952109643723,-0.3464937828501941,-0.06310257601167786,1.0,0.0,0
0.5797089770353898,0.00784209606681031,1.178592976964874,-1.174066961704112,-0.30547727539051756,0.5417144464644632,0.0,0.0,0
1.6783362234701147,1.2697066449990626,0.45374043369380296,0.710617076968569,0.55586938126269,0.6425172835438201,1.0,0.0,1
0.854365788644071,-1.1043097097717842,0.45374043369380296,0.49783016937649216,-0.7566588574469596,0.03770026106767898,1.0,0.0,0
1.5684734988266422,-2.002586168333726,0.4019652520315836,0.31544139144042627,0.22773732158527757,-0.06310257601167786,0.0,1.0,0
-0.8485064433297523,0.30726758225412476,-0.8924142895239002,-1.4172519989521997,1.827381112512663,0.9449257947818905,0.0,0.0,0
-0.3541241824341262,0.32865511698178956,0.45374043369380296,-1.5388445175762437,-0.7566588574469596,0.13850309814703582,0.0,0.0,0
0.19518944078323616,-1.7031606821464125,0.19486452538270618,-0.930881924456024,-0.6746258425276065,1.3481371430993179,0.0,0.0,0
-1.7274082404775322,-0.9759845014057923,0.6608411603426804,-0.17092868305574946,-1.0847909171243721,0.5417144464644632,0.0,1.0,0
-1.3428887042253785,2.852384214846294,-0.840639107861681,1.5009684480248546,0.18672081412560104,-0.7687224355671758,0.0,0.0,1
0.9092971509658072,-0.2915833901205034,0.6608411603426804,1.1665890218087338,1.0480674707788087,-0.46631392432910523,1.0,0.0,0
0.14025807846149993,0.7777933462627609,0.14308934372048684,1.1969871514647448,-1.7820715439388735,-0.7687224355671758,1.0,0.0,0
1.5684734988266422,-0.6337839457631482,0.6608411603426804,0.46743203972048114,-0.38751029030987066,1.247334306019961,1.0,0.0,1
1.074091237931016,-2.002586168333726,0.7126163420048998,-1.5692426472322547,0.6379023961820431,-0.3655110872497484,1.0,0.0,0
-0.9583691679732248,-0.1418706470268465,0.14308934372048684,-0.839687535487991,-0.7566588574469596,-0.8695252726465327,1.0,1.0,0
0.7994344263223347,-0.24880832066517294,0.6608411603426804,0.07225635419233839,-0.715642349987283,0.34010877230574954,0.0,0.0,1
1.6783362234701147,-0.3771335290311642,0.6090659786804611,0.16345074316037134,0.6789189036417196,-0.06310257601167786,0.0,0.0,1
1.2938166872179608,-0.0990955775715161,0.24663970704492555,0.589024558344525,1.0890839782384851,0.34010877230574954,0.0,1.0,1
-0.5738496317210712,0.30726758225412476,-0.7370887445372422,0.2546451321284043,0.022654784286894828,1.8521513284961022,1.0,0.0,0
-1.0133005302949611,-0.12048311229918093,-0.6853135628750229,0.34583952109643723,-1.2488569469630781,0.8441229577025338,0.0,0.0,0
-0.3541241824341262,-1.2754099875931066,0.6090659786804611,-0.6572987575519251,-0.18242775301148792,-0.06310257601167786,0.0,0.0,0
-0.24426145779065372,0.5211429295307776,-1.151290197834997,-1.7212332955123095,-0.30547727539051756,-1.4743422951226737,1.0,0.0,0
-0.5189182693993349,-1.9811986336060605,-0.5817631995505841,-1.0524744430800679,0.022654784286894828,-0.5671167614084621,0.0,1.0,0
-1.0133005302949611,-2.002586168333726,-0.6335383812128035,-0.7788912761759691,0.55586938126269,0.6425172835438201,1.0,0.0,0
-0.4639869070775987,0.7777933462627609,-1.6690420144571907,1.1057927624967119,-1.7820715439388735,-1.2727366209639601,1.0,0.0,0
-1.672476878155796,0.5425304642584424,-1.7725923777816293,-1.0828725727360788,-0.30547727539051756,2.053757002654816,0.0,0.0,0
0.6895717016788623,-0.034932973388520104,-0.01223620126617123,0.7714133362805909,-1.453939484261461,0.03770026106767898,1.0,0.0,0
-0.3541241824341262,-1.403735195959098,-0.840639107861681,-0.17092868305574946,1.6222985752142802,0.03770026106767898,1.0,1.0,0
-1.0133005302949611,-0.6979465499461435,-0.5817631995505841,-0.5053081092718703,-1.2078404395034017,-0.7687224355671758,0.0,1.0,0
1.4586107741831695,-0.24880832066517294,0.9197170686537771,1.4097740590568215,0.9250179483997789,0.5417144464644632,0.0,0.0,1
1.2938166872179608,-1.6176105432357508,0.5055156153560223,-0.38371559064782634,-0.05937823063245827,-1.1719337838846031,1.0,0.0,0
1.0191598756092797,-0.719334084673809,1.0232674319782158,-0.23172494236777144,-0.8386918723663127,2.1545598397341728,1.0,1.0,0
-1.3978200665471148,0.6922432073521,0.24663970704492555,-0.4141137203038373,-1.0847909171243721,1.247334306019961,1.0,0.0,0
-1.6175455158340597,1.5049695270033803,0.039538980396048126,-0.930881924456024,1.4992490528352507,0.8441229577025338,0.0,0.0,0
0.7994344263223347,-0.3985210637588298,-0.840639107861681,0.710617076968569,0.8429849334804258,-1.373539458043317,1.0,1.0,0
-0.5189182693993349,0.7991808809904264,0.039538980396048126,-0.6876968872079362,1.8683976199723396,0.13850309814703582,1.0,1.0,0
0.7445030640005985,-1.9384235641507301,0.4019652520315836,0.10265448384834938,-0.14141124555181137,1.247334306019961,0.0,0.0,0
0.5797089770353898,0.7136307420797648,0.5055156153560223,0.31544139144042627,0.6789189036417196,0.6425172835438201,0.0,0.0,0
0.7994344263223347,-0.8048842235844699,0.24663970704492555,0.3762376507524482,-0.4285267977695472,-0.9703281097258895,1.0,0.0,0
1.513542136504906,0.35004265170945514,1.1268177953026546,0.28504326178441525,0.3097703365046307,-0.5671167614084621,1.0,0.0,0
0.6895717016788623,-0.22742078593750736,0.6090659786804611,-0.049336164431705534,-0.9207248872856658,-0.46631392432910523,0.0,0.0,0
-0.7935750810080161,1.376644318637389,-0.995964652848339,0.07225635419233839,0.35078684396430726,-0.6679195984878189,1.0,0.0,0
1.4036794118614333,-0.8690468277674659,0.3501900703693643,0.589024558344525,-0.715642349987283,1.5497428172580316,1.0,1.0,0
0.30505216542670865,0.6708556726244345,-0.11578656459060994,0.28504326178441525,0.7199354111013961,-1.978356480519458,0.0,0.0,0
0.14025807846149993,-0.24880832066517294,0.24663970704492555,1.5617647073368766,-0.018361723172781723,0.6425172835438201,1.0,1.0,0
1.0191598756092797,-0.1418706470268465,1.1268177953026546,-0.5053081092718703,0.4328198588836603,-1.2727366209639601,0.0,0.0,0
-0.9583691679732248,-0.16325818175451134,-0.06401138292839058,-0.4749099796158593,1.007050963319132,-1.0711309468052463,1.0,0.0,0
-0.4090555447558625,-0.847659293039801,-0.6335383812128035,-1.7820295548243315,-0.6336093350679299,-2.0791593175988146,1.0,1.0,0
1.2388853248962246,0.00784209606681031,1.0750426136404352,0.862607725248624,1.007050963319132,-0.5671167614084621,1.0,0.0,1
0.2501208031049724,-0.034932973388520104,0.8679418869915578,-0.9004837948000131,1.7863646050529864,1.5497428172580316,1.0,0.0,0
-0.24426145779065372,0.2858800475264592,0.6608411603426804,-0.2925212016797934,1.1301004856981618,0.23930593522639268,1.0,0.0,0
-1.233025979581906,0.11477976970513673,-0.9441894711861196,-0.8092894058319801,0.55586938126269,-1.2727366209639601,1.0,1.0,0
0.3599835277484449,0.8419559504457569,0.09131416205826748,0.589024558344525,0.1457043066659245,1.0457286318612475,0.0,0.0,1
1.348748049539697,0.970281158811748,1.0750426136404352,0.28504326178441525,1.007050963319132,1.247334306019961,0.0,0.0,0
-0.8485064433297523,-1.0401471055887883,-1.4619412878083131,-1.1132707023920898,-1.7820715439388735,0.03770026106767898,0.0,0.0,0
0.3599835277484449,0.9275060893564177,0.09131416205826748,1.6833572259609204,0.8840014409401024,2.053757002654816,0.0,1.0,1
-0.5738496317210712,-1.1898598486824452,0.14308934372048684,-0.23172494236777144,-0.38751029030987066,0.7433201206231769,1.0,0.0,0
-0.3541241824341262,0.628080603169104,0.19486452538270618,-0.5053081092718703,0.10468779920624793,0.6425172835438201,0.0,0.0,0
1.6234048611483785,0.6708556726244345,0.9197170686537771,0.589024558344525,1.663315082673957,-0.7687224355671758,1.0,0.0,1
0.634640339357126,-1.9384235641507301,0.6090659786804611,1.3793759294008106,-1.3308899618824312,0.6425172835438201,0.0,1.0,0
-0.4090555447558625,0.11477976970513673,-0.8924142895239002,-0.3533174609918154,1.2941665155368678,0.13850309814703582,0.0,0.0,0
-0.8485064433297523,-0.44129613321416017,-0.11578656459060994,-1.0524744430800679,0.18672081412560104,0.4409116093851064,0.0,1.0,0
-1.0682318926166974,-0.7407216194014746,-0.840639107861681,-1.204465091360123,-0.8797083798259893,-0.7687224355671758,0.0,0.0,0
-0.6837123563645436,1.4194193880927193,-0.6853135628750229,-0.4749099796158593,0.18672081412560104,0.03770026106767898,0.0,0.0,0
-0.4090555447558625,-0.6337839457631482,-0.5817631995505841,-0.839687535487991,-0.14141124555181137,-0.8695252726465327,1.0,1.0,0
-1.5626141535123235,-0.8048842235844699,-1.151290197834997,-1.9644183327603975,0.39180335142398376,-2.2807649917575286,1.0,0.0,0
-1.233025979581906,0.11477976970513673,-1.2030653794972164,-1.5084463879202328,-0.38751029030987066,0.9449257947818905,0.0,1.0,0
-1.6175455158340597,0.7350182768074304,-0.6853135628750229,-1.2652613506721448,-0.18242775301148792,-1.6759479692813875,1.0,0.0,0
0.46984625239191735,-0.12048311229918093,0.039538980396048126,0.710617076968569,-0.018361723172781723,0.13850309814703582,0.0,1.0,0
0.6895717016788623,1.226931575543732,1.644569611924848,0.22424700247239332,2.3195792020287818,0.34010877230574954,0.0,1.0,1
-0.7935750810080161,0.563917998986108,0.5055156153560223,-0.38371559064782634,-0.4285267977695472,0.23930593522639268,1.0,0.0,0
0.7994344263223347,-2.002586168333726,-0.06401138292839058,1.075394632840701,-0.22344426047116447,-0.26470825017039157,0.0,0.0,0
0.19518944078323616,-0.5054587373971562,0.19486452538270618,1.1665890218087338,1.0480674707788087,0.23930593522639268,0.0,1.0,0
0.7994344263223347,-0.5482338068524866,0.09131416205826748,-0.018938034775694553,0.022654784286894828,0.4409116093851064,0.0,1.0,0
-0.5738496317210712,0.5211429295307776,-0.6335383812128035,-0.6876968872079362,0.9660344558594555,0.6425172835438201,0.0,1.0,0
0.0853267161397637,-2.002586168333726,1.4892440669381901,-1.174066961704112,-1.2488569469630781,1.7513484914167454,0.0,0.0,0
0.7994344263223347,2.6385088675696413,0.3501900703693643,1.5313665776808656,1.2531500080771913,0.23930593522639268,0.0,0.0,1
-1.3428887042253785,0.563917998986108,-0.6853135628750229,-0.5965024982399032,1.0480674707788087,-0.06310257601167786,0.0,0.0,0
0.4149148900701811,0.17894237388813272,0.6608411603426804,-0.1405305533997385,-0.5105598126889004,-0.9703281097258895,1.0,0.0,0
0.9092971509658072,1.2483191102713969,-0.11578656459060994,-0.07973429408771651,0.6379023961820431,0.4409116093851064,1.0,1.0,0
0.634640339357126,2.4246335202929883,-0.1675617462528293,0.10265448384834938,1.4992490528352507,0.6425172835438201,0.0,0.0,1
-0.7386437186862799,0.9275060893564177,-1.4101661061460937,0.19384887281638233,-0.7976753649066362,-0.26470825017039157,1.0,1.0,0
0.5247776147136536,1.0130562282670792,-0.271112109577268,-0.7484931465199581,0.18672081412560104,0.5417144464644632,0.0,0.0,0
0.46984625239191735,0.15755483916046792,-1.7208171961194099,1.1361908921527228,0.22773732158527757,-0.26470825017039157,0.0,0.0,0
0.2501208031049724,-0.12048311229918093,0.5572907970182417,-0.38371559064782634,-0.05937823063245827,0.6425172835438201,1.0,0.0,1
-1.452751428868851,-0.4626836679418258,0.45374043369380296,-0.8092894058319801,0.35078684396430726,0.8441229577025338,0.0,1.0,0
1.074091237931016,-0.8262717583121355,0.8679418869915578,-0.930881924456024,1.2941665155368678,0.9449257947818905,0.0,1.0,0
-0.3541241824341262,-0.6765590152184786,-1.3066157428216552,-0.2925212016797934,-1.3308899618824312,0.03770026106767898,1.0,0.0,0
0.0853267161397637,-1.3609601265037676,-0.42643765456392607,-0.5357062389278813,-0.3464937828501941,-1.0711309468052463,1.0,0.0,0
1.4586107741831695,-0.056320508116184935,0.7126163420048998,0.5586264286885141,0.9660344558594555,-0.5671167614084621,1.0,1.0,0
1.2938166872179608,-1.7031606821464125,0.19486452538270618,1.5313665776808656,1.3351830229965445,0.6425172835438201,1.0,1.0,0
1.4586107741831695,0.22171744334346316,1.644569611924848,0.832209595592613,1.1301004856981618,2.5577711880516003,0.0,0.0,1
0.6895717016788623,-0.013545438660854517,1.0750426136404352,-0.4141137203038373,0.39180335142398376,-0.3655110872497484,1.0,0.0,1
-1.452751428868851,0.17894237388813272,-1.876142741106068,-1.204465091360123,0.10468779920624793,0.34010877230574954,0.0,0.0,0
0.2501208031049724,-0.5054587373971562,0.7126163420048998,0.5586264286885141,0.35078684396430726,-0.5671167614084621,1.0,1.0,1
1.348748049539697,3.1945847704889374,2.058771065222603,2.443310467361195,1.0480674707788087,-0.9703281097258895,1.0,0.0,1
0.03039535381802745,1.4194193880927193,1.3856937036137513,0.589024558344525,0.7609519185610727,-0.6679195984878189,0.0,1.0,1
1.1290226002527521,-1.2540224528654411,2.4729725185203577,0.832209595592613,1.2531500080771913,-2.0791593175988146,0.0,0.0,1
-0.5738496317210712,0.2644925127987943,-1.0477398345105584,0.3762376507524482,-0.38751029030987066,1.3481371430993179,1.0,1.0,0
-0.6287809940428074,-0.5910088763078171,1.5927944302626287,0.9234039845606459,-0.5105598126889004,-2.2807649917575286,1.0,1.0,0
-1.452751428868851,-1.0187595708611228,-1.3066157428216552,-2.572380925880617,-1.1668239320437253,-0.3655110872497484,1.0,1.0,0
-1.452751428868851,-1.3395725917761019,-1.4619412878083131,-0.26212307202378243,-1.7820715439388735,-1.2727366209639601,1.0,0.0,0
1.2388853248962246,0.4783678600754472,1.1268177953026546,1.5313665776808656,0.55586938126269,-0.8695252726465327,0.0,0.0,1
0.854365788644071,-0.6765590152184786,0.19486452538270618,-0.991678183768046,0.10468779920624793,1.4489399801786749,1.0,0.0,0
-1.5626141535123235,1.0130562282670792,-0.840639107861681,-1.2348632210161339,-0.6336093350679299,0.03770026106767898,1.0,0.0,1
-0.13439873314718126,1.0558312977224096,-1.0477398345105584,-0.5965024982399032,-0.715642349987283,-0.9703281097258895,1.0,0.0,0
-1.1780946172601698,1.440806922820385,-0.995964652848339,-0.839687535487991,-0.6336093350679299,-0.6679195984878189,0.0,0.0,0
1.6234048611483785,-0.847659293039801,2.058771065222603,0.07225635419233839,0.7609519185610727,-0.6679195984878189,0.0,0.0,1
1.6234048611483785,0.5211429295307776,1.0750426136404352,1.0145983735286788,2.4426287244078115,0.03770026106767898,1.0,0.0,1
-0.13439873314718126,0.6708556726244345,-0.01223620126617123,0.8930058549046349,1.4172160379158976,0.13850309814703582,0.0,1.0,1
-0.07946737082544503,-0.4626836679418258,0.2984148887071449,0.862607725248624,-1.5769890066404906,1.8521513284961022,1.0,0.0,0
-0.4639869070775987,-0.7621091541291395,0.5055156153560223,-1.1132707023920898,0.1457043066659245,-1.978356480519458,1.0,1.0,1
1.2388853248962246,1.6760698048247034,-0.32288729123948734,0.10265448384834938,0.5148528738030135,0.03770026106767898,0.0,0.0,1
-1.2879573419036423,0.2644925127987943,-0.4782128362261454,0.74101520662458,-0.9617413947453424,-0.46631392432910523,0.0,0.0,0
1.2388853248962246,0.6922432073521,0.6608411603426804,1.2577834107767667,0.22773732158527757,0.9449257947818905,0.0,0.0,1
-1.6175455158340597,-0.8048842235844699,-1.0477398345105584,-0.7484931465199581,-0.3464937828501941,0.23930593522639268,0.0,0.0,0
1.0191598756092797,-1.2326349181377756,1.4892440669381901,0.6194226880005361,0.7609519185610727,0.6425172835438201,1.0,1.0,1
-0.07946737082544503,-0.5482338068524866,-0.9441894711861196,-0.17092868305574946,-0.5105598126889004,0.34010877230574954,0.0,0.0,0
0.4149148900701811,-0.0990955775715161,-0.42643765456392607,0.6498208176565471,-0.10039473809213482,-0.9703281097258895,1.0,0.0,1
0.2501208031049724,-1.0615346403164538,-1.2548405611594358,-0.4141137203038373,0.06367129174657138,1.247334306019961,0.0,1.0,0
0.19518944078323616,0.029229630794475898,-0.271112109577268,0.34583952109643723,0.47383636634333687,0.7433201206231769,1.0,0.0,1
-0.4639869070775987,-1.7031606821464125,0.6090659786804611,-1.9036220734483755,0.4328198588836603,0.8441229577025338,0.0,1.0,0
-0.07946737082544503,-1.125697244499449,-0.1675617462528293,-0.8700856651440021,-1.6590220215598437,1.247334306019961,1.0,0.0,0
-1.452751428868851,0.7136307420797648,-2.0314682860927262,-1.0524744430800679,-0.22344426047116447,0.34010877230574954,1.0,0.0,0
-1.672476878155796,0.6494681378967688,-1.565491651132752,-0.8700856651440021,-1.3308899618824312,1.3481371430993179,0.0,0.0,0
-0.6837123563645436,-0.3771335290311642,-1.565491651132752,-1.204465091360123,-0.5515763201485769,0.34010877230574954,1.0,1.0,0
-0.24426145779065372,-1.0187595708611228,-0.995964652848339,-0.7788912761759691,-0.7566588574469596,-0.26470825017039157,1.0,1.0,0
-1.1780946172601698,-1.0187595708611228,-0.5817631995505841,-2.0860108513844415,-0.8797083798259893,-0.06310257601167786,1.0,1.0,0
-1.5626141535123235,-0.35574599430349935,-1.9796931044305066,-0.20132681271176045,-1.5359724991808141,-0.1639054130910347,1.0,1.0,0
-0.9583691679732248,0.6922432073521,0.14308934372048684,-0.32291933133580436,-1.453939484261461,-0.5671167614084621,1.0,0.0,0
-1.452751428868851,0.9916686935394137,-1.0995150161727776,-1.9340202031043865,-1.7820715439388735,1.5497428172580316,1.0,0.0,0
1.1839539625744884,-0.4840712026694906,0.8679418869915578,-0.3533174609918154,-0.05937823063245827,0.34010877230574954,0.0,0.0,1
0.9092971509658072,-1.1470847792271148,0.45374043369380296,0.46743203972048114,-0.5515763201485769,0.13850309814703582,1.0,0.0,0
-0.13439873314718126,0.30726758225412476,0.45374043369380296,-0.4749099796158593,-0.6336093350679299,0.34010877230574954,0.0,1.0,0
1.2938166872179608,-0.8262717583121355,1.4892440669381901,-0.26212307202378243,1.1711169931578382,3.061785373448384,0.0,0.0,0
0.30505216542670865,-0.5054587373971562,0.45374043369380296,-0.018938034775694553,-1.0437744096646955,-1.1719337838846031,1.0,1.0,0
1.0191598756092797,1.3980318533650538,1.1268177953026546,1.0449965031846897,2.196529679649752,-0.8695252726465327,0.0,0.0,1
1.6234048611483785,0.8847310199010873,0.9714922503159965,-0.4445118499598483,2.3195792020287818,-1.373539458043317,1.0,1.0,1
1.348748049539697,0.20032990861579833,1.333918521951532,1.1057927624967119,-1.3308899618824312,-0.1639054130910347,0.0,0.0,1
-1.672476878155796,-1.2754099875931066,-1.4101661061460937,-1.6908351658562986,-0.9207248872856658,0.13850309814703582,1.0,1.0,0
-0.9583691679732248,0.24310497807112874,-0.6853135628750229,-0.3533174609918154,-0.6746258425276065,-0.5671167614084621,1.0,0.0,0
-1.1780946172601698,1.1199939019054057,-1.0477398345105584,-0.26212307202378243,-1.7820715439388735,-0.6679195984878189,0.0,0.0,0
-1.3428887042253785,-0.35574599430349935,-1.3066157428216552,-1.1132707023920898,-1.7820715439388735,0.03770026106767898,0.0,0.0,0
-0.3541241824341262,1.4194193880927193,-0.7370887445372422,-0.7484931465199581,1.1301004856981618,-0.5671167614084621,0.0,0.0,0
1.0191598756092797,1.3552567839097234,1.0750426136404352,0.46743203972048114,2.6887277691658706,0.34010877230574954,1.0,0.0,1
0.6895717016788623,1.7402324090076986,1.4374688852759707,2.169727300457096,1.7863646050529864,1.1465314689406043,0.0,0.0,1
0.634640339357126,0.35004265170945514,1.2821433402893125,-0.9004837948000131,0.55586938126269,0.6425172835438201,1.0,0.0,1
-1.5076827911905872,0.628080603169104,-1.9796931044305066,1.075394632840701,-0.3464937828501941,0.7433201206231769,1.0,1.0,0
-1.452751428868851,1.4835819922757145,-0.11578656459060994,-0.5053081092718703,1.6222985752142802,0.9449257947818905,1.0,0.0,0
-0.3541241824341262,0.4783678600754472,-0.4782128362261454,0.011460094880316431,1.9504306348916927,0.23930593522639268,0.0,0.0,0
1.1839539625744884,-0.4840712026694906,1.2821433402893125,-0.5965024982399032,-0.4695433052292238,-0.1639054130910347,1.0,0.0,0
-1.5626141535123235,-0.44129613321416017,-1.7725923777816293,-1.4172519989521997,-1.7820715439388735,-0.8695252726465327,1.0,0.0,0
-0.7386437186862799,0.2644925127987943,-0.42643765456392607,-0.6876968872079362,-1.7820715439388735,-0.46631392432910523,0.0,0.0,0
-0.6837123563645436,-1.2967975223207715,-0.271112109577268,-1.5084463879202328,0.5148528738030135,-0.5671167614084621,1.0,1.0,0
0.03039535381802745,-0.12048311229918093,-1.0477398345105584,-0.20132681271176045,-0.22344426047116447,0.7433201206231769,1.0,1.0,0
-0.6837123563645436,1.162768971360736,-0.06401138292839058,-0.38371559064782634,0.39180335142398376,0.23930593522639268,1.0,0.0,0
0.9092971509658072,-2.002586168333726,1.5927944302626287,1.6529590963049094,-1.7820715439388735,0.7433201206231769,0.0,0.0,0
-1.1231632549384336,1.6119072006417066,-0.9441894711861196,-1.174066961704112,-0.38751029030987066,-1.2727366209639601,1.0,1.0,0
0.7994344263223347,1.184156506088401,1.5410192486004095,0.680218947312558,0.47383636634333687,1.4489399801786749,1.0,1.0,1
-1.7274082404775322,-0.44129613321416017,-1.3583909244838746,-0.5661043685838922,-0.715642349987283,-0.5671167614084621,0.0,0.0,0
-0.3541241824341262,0.5853055337137736,0.3501900703693643,-0.991678183768046,-0.30547727539051756,-1.1719337838846031,0.0,1.0,0
-1.0133005302949611,0.029229630794475898,-2.186793831079384,0.22424700247239332,-1.371906469342108,-0.5671167614084621,1.0,0.0,0
0.30505216542670865,1.2910941797267272,1.9552207018981642,0.04185822453632741,-0.10039473809213482,2.456968350972243,0.0,1.0,1
0.2501208031049724,1.034443762994744,1.2303681586270934,-1.9340202031043865,1.5402655602949271,-0.3655110872497484,0.0,1.0,0
1.6234048611483785,-1.403735195959098,0.9197170686537771,0.9842002438726679,0.3097703365046307,-0.26470825017039157,0.0,0.0,0
-1.1780946172601698,0.628080603169104,-2.186793831079384,-1.3564557396401777,0.35078684396430726,-0.26470825017039157,1.0,0.0,0
1.6783362234701147,-0.18464571648217695,1.3856937036137513,-0.2925212016797934,-0.4695433052292238,-0.06310257601167786,0.0,0.0,1
0.19518944078323616,0.11477976970513673,-0.8924142895239002,0.74101520662458,-1.7820715439388735,-0.7687224355671758,0.0,0.0,1
-1.0682318926166974,-0.719334084673809,-0.42643765456392607,-0.9004837948000131,-1.2898734544227548,0.03770026106767898,1.0,0.0,0
0.5797089770353898,1.8257825479183594,0.7126163420048998,1.4705703183688437,0.18672081412560104,1.0457286318612475,1.0,0.0,0
-1.6175455158340597,1.0986063671777402,-1.8243675594438487,0.680218947312558,0.18672081412560104,0.23930593522639268,1.0,0.0,0
0.03039535381802745,-0.7407216194014746,0.8161667053293384,-0.7180950168639472,2.5246617393271644,-1.1719337838846031,1.0,0.0,0
-1.452751428868851,-1.3395725917761019,-0.42643765456392607,-0.1405305533997385,-0.30547727539051756,-0.46631392432910523,0.0,0.0,0
0.9642285132875436,-0.3771335290311642,1.3856937036137513,-0.3533174609918154,2.483645231867488,-0.5671167614084621,1.0,0.0,1
1.2938166872179608,0.4783678600754472,0.9197170686537771,2.6864955046092827,1.0480674707788087,0.13850309814703582,1.0,0.0,1
-1.233025979581906,0.2858800475264592,-1.9279179227682874,-1.0524744430800679,-0.9617413947453424,1.247334306019961,0.0,0.0,0
-1.5076827911905872,1.312481714454393,-0.37466247290170673,0.6194226880005361,0.3097703365046307,-0.26470825017039157,1.0,0.0,0
-0.5189182693993349,0.8419559504457569,-0.5817631995505841,0.74101520662458,1.7043315901336333,-0.1639054130910347,0.0,0.0,0
-1.233025979581906,1.034443762994744,-1.876142741106068,0.011460094880316431,1.6222985752142802,1.6505456543373884,1.0,1.0,0
0.634640339357126,0.3714301864371207,1.4374688852759707,-0.26212307202378243,-0.22344426047116447,0.8441229577025338,1.0,0.0,0
-1.672476878155796,-1.403735195959098,0.3501900703693643,-1.1132707023920898,-0.7976753649066362,0.4409116093851064,1.0,1.0,0
-1.0682318926166974,-0.16325818175451134,-0.7888639261994616,-2.4203902776005624,-1.7820715439388735,1.8521513284961022,1.0,1.0,0
0.4149148900701811,1.1199939019054057,1.8516703385737256,0.6194226880005361,1.2941665155368678,0.4409116093851064,1.0,0.0,1
-1.672476878155796,-0.013545438660854517,-1.0995150161727776,-0.3533174609918154,0.7199354111013961,-2.0791593175988146,0.0,0.0,0
-0.6837123563645436,0.5425304642584424,-0.7888639261994616,-0.018938034775694553,-0.05937823063245827,0.7433201206231769,0.0,0.0,0
-1.7274082404775322,-0.2915833901205034,-1.6690420144571907,-2.572380925880617,-1.453939484261461,-1.7767508063607442,1.0,0.0,0
1.6783362234701147,-1.0187595708611228,2.369422155195919,-0.6572987575519251,0.4328198588836603,0.5417144464644632,0.0,0.0,1
0.2501208031049724,-0.0990955775715161,-0.37466247290170673,-0.5965024982399032,0.3097703365046307,-1.7767508063607442,0.0,1.0,0
-1.2879573419036423,0.35004265170945514,-0.37466247290170673,-0.17092868305574946,-0.30547727539051756,-0.5671167614084621,0.0,1.0,0
-0.8485064433297523,-0.6337839457631482,-0.995964652848339,-0.20132681271176045,-0.5515763201485769,-0.46631392432910523,1.0,0.0,0
-1.2879573419036423,-0.20603325120984253,-1.2548405611594358,-0.7180950168639472,-0.7976753649066362,-0.8695252726465327,1.0,0.0,0
-1.1780946172601698,-0.9332094319504619,-0.11578656459060994,-0.07973429408771651,0.06367129174657138,-0.46631392432910523,1.0,0.0,0
-0.9583691679732248,1.184156506088401,-0.9441894711861196,-1.0524744430800679,0.8019684260207492,0.9449257947818905,0.0,1.0,0
-0.4639869070775987,-0.27019585539283775,-0.6335383812128035,0.31544139144042627,-1.2898734544227548,-0.7687224355671758,0.0,1.0,0
0.30505216542670865,1.5263570617310458,1.0232674319782158,0.8930058549046349,-0.18242775301148792,0.5417144464644632,1.0,1.0,1
1.2388853248962246,1.590519665914041,2.006995883560384,1.2273852811207557,0.8429849334804258,-0.9703281097258895,1.0,0.0,1
0.14025807846149993,-0.056320508116184935,0.5572907970182417,-0.1101324237437275,0.55586938126269,-0.26470825017039157,0.0,1.0,0
-0.13439873314718126,-0.9973720361334579,-0.5817631995505841,1.4097740590568215,-0.38751029030987066,0.23930593522639268,0.0,0.0,1
-0.07946737082544503,-2.002586168333726,-0.42643765456392607,0.011460094880316431,-1.0847909171243721,-1.0711309468052463,0.0,0.0,0
0.9092971509658072,-1.4892853348697597,0.7126163420048998,-0.8092894058319801,0.06367129174657138,-1.2727366209639601,0.0,0.0,0
-1.5076827911905872,-1.3823476612314332,-0.840639107861681,-0.6876968872079362,-1.2488569469630781,0.34010877230574954,1.0,1.0,0
1.6234048611483785,1.440806922820385,0.4019652520315836,1.6833572259609204,1.9094141274320162,1.1465314689406043,0.0,1.0,1
1.513542136504906,0.15755483916046792,1.5927944302626287,0.13305261350436037,0.7609519185610727,-0.06310257601167786,0.0,0.0,1
0.634640339357126,0.43559279062011597,0.5055156153560223,1.3793759294008106,0.022654784286894828,-0.46631392432910523,1.0,0.0,0
0.9642285132875436,-2.002586168333726,-0.5817631995505841,0.34583952109643723,0.06367129174657138,0.13850309814703582,0.0,0.0,0
-1.0133005302949611,-1.2112473834101107,-1.4101661061460937,-2.572380925880617,0.39180335142398376,-0.06310257601167786,0.0,0.0,0
1.1290226002527521,0.9488936240840833,0.4019652520315836,0.9538021142166568,0.18672081412560104,0.23930593522639268,1.0,0.0,0
1.2938166872179608,0.32865511698178956,0.8679418869915578,0.2546451321284043,0.8429849334804258,-2.2807649917575286,0.0,1.0,1
-1.1780946172601698,-0.12048311229918093,0.5055156153560223,-0.018938034775694553,-0.6336093350679299,-1.1719337838846031,0.0,1.0,0
-1.2879573419036423,0.6066930684414384,-0.7370887445372422,0.46743203972048114,0.1457043066659245,-0.9703281097258895,0.0,0.0,0
0.0853267161397637,1.718844874280033,-0.5817631995505841,0.589024558344525,0.1457043066659245,0.13850309814703582,1.0,0.0,0
-1.1231632549384336,-0.20603325120984253,-0.6335383812128035,1.0145983735286788,-0.5105598126889004,0.13850309814703582,1.0,0.0,0
0.14025807846149993,0.0933922349774719,-0.1675617462528293,-0.07973429408771651,0.9660344558594555,0.6425172835438201,0.0,0.0,0
0.14025807846149993,0.22171744334346316,0.3501900703693643,0.680218947312558,-0.7976753649066362,0.23930593522639268,1.0,0.0,1
-1.7274082404775322,2.4887961244759835,-0.7888639261994616,0.5586264286885141,-0.715642349987283,-1.4743422951226737,0.0,0.0,1
0.4149148900701811,-2.002586168333726,1.178592976964874,-0.32291933133580436,-1.4949559917211375,1.4489399801786749,0.0,1.0,0
-0.5738496317210712,0.7350182768074304,-0.42643765456392607,0.6498208176565471,-1.002757902205019,1.247334306019961,1.0,1.0,0
1.513542136504906,-0.0990955775715161,2.2658717918714806,0.07225635419233839,0.8840014409401024,-1.1719337838846031,1.0,0.0,1
-0.1893300954689175,0.6066930684414384,0.5055156153560223,-0.32291933133580436,-1.1668239320437253,0.34010877230574954,1.0,0.0,0
-1.3428887042253785,-0.6551714804908131,-1.4619412878083131,-1.8732239437923646,-1.1668239320437253,-0.6679195984878189,1.0,0.0,0
-1.1780946172601698,-0.013545438660854517,0.764391523667119,-0.26212307202378243,0.022654784286894828,0.03770026106767898,0.0,0.0,1
0.46984625239191735,0.7564058115350952,0.5572907970182417,0.680218947312558,0.8019684260207492,1.0457286318612475,0.0,0.0,0
0.2501208031049724,3.215972305216603,-0.42643765456392607,1.8657460038969864,1.1711169931578382,2.1545598397341728,0.0,0.0,1
-1.0133005302949611,0.8633434851734216,0.45374043369380296,0.49783016937649216,0.1457043066659245,0.6425172835438201,0.0,1.0,0
1.513542136504906,-0.847659293039801,2.4729725185203577,0.19384887281638233,0.1457043066659245,0.34010877230574954,1.0,0.0,1
-0.13439873314718126,-0.3985210637588298,-0.11578656459060994,-1.204465091360123,-0.5515763201485769,-0.3655110872497484,0.0,0.0,0
0.14025807846149993,-0.44129613321416017,-0.271112109577268,0.3762376507524482,-0.4695433052292238,0.13850309814703582,0.0,0.0,1
-0.6287809940428074,-1.8100983557847388,-0.5817631995505841,0.3762376507524482,1.3351830229965445,1.3481371430993179,0.0,0.0,0
0.2501208031049724,-0.31297092484816896,0.7126163420048998,0.74101520662458,0.55586938126269,-0.06310257601167786,0.0,0.0,0
-1.5076827911905872,0.7777933462627609,-0.1675617462528293,0.5586264286885141,1.9914471423513693,-0.9703281097258895,1.0,0.0,0
-0.7386437186862799,-1.2754099875931066,-0.11578656459060994,-0.7484931465199581,-1.1668239320437253,-1.6759479692813875,0.0,1.0,0
1.4586107741831695,1.0986063671777402,1.0750426136404352,0.4370339100644702,0.8429849334804258,0.5417144464644632,1.0,1.0,1
-1.0133005302949611,0.5211429295307776,0.3501900703693643,-0.961280054112035,-1.4129229768017844,0.13850309814703582,1.0,1.0,0
-0.3541241824341262,-0.719334084673809,-0.4782128362261454,-0.32291933133580436,-1.2898734544227548,-0.6679195984878189,1.0,1.0,0
1.6234048611483785,-0.12048311229918093,1.9034455202359448,0.589024558344525,2.073480157270722,1.0457286318612475,0.0,0.0,1
-1.5626141535123235,1.6760698048247034,-1.3066157428216552,-0.07973429408771651,-0.30547727539051756,-0.5671167614084621,0.0,0.0,0
-0.4090555447558625,0.7777933462627609,0.039538980396048126,-0.1101324237437275,1.8683976199723396,-0.1639054130910347,0.0,0.0,0
0.6895717016788623,0.029229630794475898,0.4019652520315836,0.19384887281638233,-1.002757902205019,-0.06310257601167786,0.0,0.0,0
0.5247776147136536,-0.20603325120984253,0.2984148887071449,-0.5053081092718703,-1.002757902205019,-0.3655110872497484,0.0,0.0,0
-0.4090555447558625,0.11477976970513673,-0.5817631995505841,0.74101520662458,-0.5105598126889004,0.13850309814703582,0.0,0.0,0
-0.7935750810080161,-0.5054587373971562,0.4019652520315836,-0.3533174609918154,-0.6746258425276065,1.0457286318612475,1.0,1.0,0
0.4149148900701811,-2.002586168333726,-0.271112109577268,-0.38371559064782634,0.5148528738030135,-1.1719337838846031,1.0,0.0,0
-1.3428887042253785,2.125208034105673,-1.5137164694705325,-0.7788912761759691,0.8429849334804258,0.34010877230574954,1.0,1.0,0
0.3599835277484449,0.17894237388813272,1.7998951569115063,-1.022076313424057,-0.264460767930841,0.13850309814703582,0.0,0.0,1
0.4149148900701811,0.43559279062011597,0.9714922503159965,1.4705703183688437,0.10468779920624793,0.13850309814703582,0.0,0.0,0
-1.0133005302949611,-0.034932973388520104,-2.186793831079384,0.10265448384834938,-0.7566588574469596,0.7433201206231769,1.0,0.0,0
-0.024536008503708785,-0.719334084673809,-0.42643765456392607,-1.6300389065442766,-1.2898734544227548,0.03770026106767898,1.0,1.0,0
1.0191598756092797,-0.16325818175451134,-0.5817631995505841,1.1057927624967119,-0.6336093350679299,0.5417144464644632,0.0,1.0,0
1.5684734988266422,-1.6176105432357508,0.4019652520315836,1.1665890218087338,1.007050963319132,0.7433201206231769,1.0,0.0,0
0.30505216542670865,2.3604709161099917,-2.0832434677549454,0.7714133362805909,-0.5105598126889004,-0.5671167614084621,0.0,0.0,0
0.03039535381802745,-1.2326349181377756,-0.06401138292839058,1.2273852811207557,1.007050963319132,0.23930593522639268,0.0,1.0,1
-0.5189182693993349,-1.0401471055887883,-1.2030653794972164,-0.23172494236777144,-0.9617413947453424,-0.3655110872497484,1.0,0.0,0
1.6783362234701147,-0.41990859848649537,1.2303681586270934,-0.6572987575519251,-0.4285267977695472,-0.06310257601167786,1.0,1.0,1
-0.9583691679732248,1.3552567839097234,-1.876142741106068,0.2546451321284043,0.8840014409401024,-0.3655110872497484,0.0,0.0,0
0.03039535381802745,0.05061716552214149,0.09131416205826748,0.2546451321284043,1.2531500080771913,0.4409116093851064,0.0,0.0,0
-0.4090555447558625,-1.2326349181377756,-0.5817631995505841,-0.961280054112035,0.39180335142398376,0.03770026106767898,0.0,0.0,0
-0.8485064433297523,1.312481714454393,0.5055156153560223,0.46743203972048114,0.6789189036417196,0.34010877230574954,0.0,0.0,0
0.03039535381802745,0.7777933462627609,1.0232674319782158,-1.3260576099841668,1.2531500080771913,-0.06310257601167786,1.0,1.0,0
0.7994344263223347,0.5853055337137736,1.1268177953026546,1.3793759294008106,-1.1258074245840486,-1.5751451322020305,1.0,1.0,1
1.2388853248962246,0.7564058115350952,0.6090659786804611,-0.1101324237437275,0.18672081412560104,0.03770026106767898,0.0,0.0,0
-1.672476878155796,2.4887961244759835,0.24663970704492555,-1.0524744430800679,-0.30547727539051756,-0.06310257601167786,0.0,1.0,0
-1.0133005302949611,2.2749207771993305,-1.8243675594438487,-0.018938034775694553,1.74534809759331,0.13850309814703582,1.0,0.0,0
1.1290226002527521,-0.6765590152184786,-0.21933692791504864,0.74101520662458,-0.38751029030987066,-0.5671167614084621,0.0,0.0,0
0.4149148900701811,1.6974573395523673,0.24663970704492555,0.710617076968569,1.5812820677546038,-1.1719337838846031,0.0,0.0,0
0.4149148900701811,0.41420525589245116,1.9034455202359448,-0.4141137203038373,0.7199354111013961,0.6425172835438201,1.0,0.0,1
1.0191598756092797,0.5425304642584424,0.5572907970182417,0.10265448384834938,-0.30547727539051756,-0.26470825017039157,1.0,0.0,1
0.3599835277484449,-1.7031606821464125,0.09131416205826748,-1.2348632210161339,-0.8797083798259893,0.13850309814703582,0.0,0.0,0
1.0191598756092797,-0.1418706470268465,-0.32288729123948734,0.19384887281638233,1.3351830229965445,-0.26470825017039157,1.0,0.0,0
-1.452751428868851,-0.8048842235844699,-0.37466247290170673,0.22424700247239332,-1.6590220215598437,-0.1639054130910347,1.0,0.0,0
-1.452751428868851,0.8847310199010873,-0.32288729123948734,-0.4141137203038373,-0.05937823063245827,-0.5671167614084621,1.0,0.0,0
-1.6175455158340597,1.1199939019054057,-0.5817631995505841,0.3762376507524482,-0.8386918723663127,-1.0711309468052463,0.0,0.0,0
-1.3978200665471148,-2.002586168333726,-1.4619412878083131,0.34583952109643723,-1.2078404395034017,0.34010877230574954,0.0,0.0,0
1.0191598756092797,0.00784209606681031,0.19486452538270618,-0.1101324237437275,0.18672081412560104,-0.5671167614084621,0.0,0.0,0
-1.3428887042253785,1.184156506088401,-1.876142741106068,-0.4445118499598483,-0.715642349987283,0.03770026106767898,1.0,0.0,0
0.5247776147136536,-0.16325818175451134,0.4019652520315836,2.169727300457096,-0.8797083798259893,0.4409116093851064,0.0,0.0,1
1.074091237931016,0.7777933462627609,-0.01223620126617123,1.9569403928650193,0.8840014409401024,-0.5671167614084621,0.0,0.0,0
-0.9583691679732248,0.3928177211647856,-1.5137164694705325,-1.8124276844803424,-1.002757902205019,-1.2727366209639601,0.0,0.0,0
0.7994344263223347,0.3714301864371207,0.24663970704492555,0.7714133362805909,-0.38751029030987066,2.456968350972243,0.0,0.0,0
-0.1893300954689175,-0.24880832066517294,-0.4782128362261454,-0.1101324237437275,-1.1258074245840486,-0.5671167614084621,1.0,0.0,0
0.03039535381802745,-1.2112473834101107,-0.37466247290170673,0.5282282990325031,-0.5105598126889004,0.6425172835438201,0.0,0.0,0
1.074091237931016,-1.125697244499449,1.0750426136404352,-0.4445118499598483,0.7609519185610727,1.952954165575459,1.0,1.0,0
-0.13439873314718126,0.7564058115350952,-0.06401138292839058,-0.6572987575519251,1.5812820677546038,0.7433201206231769,0.0,0.0,0
0.3599835277484449,0.05061716552214149,0.039538980396048126,-0.4445118499598483,-0.6336093350679299,-0.3655110872497484,1.0,1.0,0
-0.29919282011238996,-0.12048311229918093,-0.06401138292839058,-0.6572987575519251,1.663315082673957,-0.1639054130910347,1.0,0.0,0
0.19518944078323616,-0.3985210637588298,-0.5817631995505841,0.74101520662458,-1.1668239320437253,-0.8695252726465327,1.0,0.0,0
-0.1893300954689175,-0.2915833901205034,-0.06401138292839058,-1.204465091360123,0.6789189036417196,0.8441229577025338,0.0,0.0,0
0.30505216542670865,1.0986063671777402,0.2984148887071449,-0.20132681271176045,-0.14141124555181137,0.5417144464644632,1.0,0.0,1
1.348748049539697,-0.31297092484816896,-0.1675617462528293,-1.1132707023920898,-0.5925928276082534,-0.46631392432910523,0.0,1.0,0
0.03039535381802745,-1.3395725917761019,0.7126163420048998,0.6498208176565471,-1.1258074245840486,-1.0711309468052463,1.0,0.0,0
1.5684734988266422,0.7991808809904264,0.45374043369380296,1.9873385225210303,0.7609519185610727,-1.2727366209639601,1.0,0.0,1
0.2501208031049724,-0.18464571648217695,0.24663970704492555,-0.23172494236777144,0.39180335142398376,0.9449257947818905,0.0,1.0,0
-0.29919282011238996,0.07200470024980632,0.6090659786804611,-0.3533174609918154,0.4328198588836603,0.03770026106767898,1.0,0.0,0
1.2388853248962246,1.6760698048247034,1.5410192486004095,1.2881815404327777,0.26875382904495415,0.23930593522639268,1.0,0.0,1
0.03039535381802745,0.00784209606681031,0.039538980396048126,1.3793759294008106,-1.002757902205019,-0.8695252726465327,0.0,1.0,0
1.6234048611483785,0.32865511698178956,0.8679418869915578,1.1361908921527228,-0.22344426047116447,-1.373539458043317,1.0,0.0,1
-1.5626141535123235,-1.1898598486824452,-0.42643765456392607,-1.5084463879202328,-1.0847909171243721,0.8441229577025338,1.0,0.0,0
-0.5738496317210712,-0.20603325120984253,0.09131416205826748,-1.7516314251683205,-0.5925928276082534,-0.06310257601167786,1.0,1.0,0
-1.672476878155796,0.6494681378967688,-1.6172668327949713,-1.5692426472322547,-1.2078404395034017,0.7433201206231769,0.0,0.0,0
-1.233025979581906,-1.5748354737804204,-1.4619412878083131,-0.7788912761759691,-0.6336093350679299,-0.46631392432910523,0.0,0.0,0
-1.5076827911905872,0.24310497807112874,-2.186793831079384,-1.143668832048101,1.5402655602949271,-0.3655110872497484,0.0,0.0,0
1.4586107741831695,0.1361673044328023,1.1268177953026546,0.832209595592613,-0.018361723172781723,0.7433201206231769,0.0,0.0,1
-1.233025979581906,0.07200470024980632,-0.9441894711861196,-0.991678183768046,-0.8797083798259893,0.6425172835438201,1.0,1.0,0
0.03039535381802745,1.0986063671777402,0.8161667053293384,-0.6876968872079362,0.9250179483997789,0.7433201206231769,1.0,0.0,1
1.1839539625744884,0.3714301864371207,1.0750426136404352,-0.4749099796158593,-0.05937823063245827,-0.26470825017039157,0.0,1.0,0
0.30505216542670865,1.5477445964587113,1.178592976964874,1.8961441335529974,1.3351830229965445,0.6425172835438201,1.0,0.0,1
-1.0682318926166974,-0.9973720361334579,-1.2548405611594358,0.16345074316037134,-1.453939484261461,1.0457286318612475,1.0,0.0,0
-0.07946737082544503,0.17894237388813272,0.764391523667119,1.5921628369928875,1.5812820677546038,-0.1639054130910347,1.0,0.0,1
0.7994344263223347,0.11477976970513673,0.19486452538270618,0.862607725248624,0.5148528738030135,-0.46631392432910523,1.0,0.0,1
0.19518944078323616,-1.0615346403164538,0.7126163420048998,-0.5357062389278813,-0.9617413947453424,1.3481371430993179,0.0,0.0,0
0.6895717016788623,1.0130562282670792,-0.5817631995505841,1.7137553556169314,0.06367129174657138,-0.6679195984878189,1.0,0.0,0
-0.4639869070775987,2.4246335202929883,-0.1675617462528293,0.31544139144042627,0.4328198588836603,0.5417144464644632,1.0,0.0,1
1.074091237931016,0.00784209606681031,-0.6853135628750229,0.6498208176565471,1.4992490528352507,-0.06310257601167786,1.0,0.0,0
1.2938166872179608,0.5425304642584424,0.7126163420048998,0.6194226880005361,-0.5515763201485769,-1.7767508063607442,0.0,0.0,0
-0.9583691679732248,0.11477976970513673,-0.37466247290170673,-2.572380925880617,-1.002757902205019,1.0457286318612475,1.0,0.0,0
-0.1893300954689175,-0.6979465499461435,-0.5299880178883648,1.2577834107767667,-1.002757902205019,-2.2807649917575286,1.0,0.0,0
-1.3428887042253785,-1.8314858905124036,-1.7208171961194099,-0.4749099796158593,-0.9207248872856658,-2.0791593175988146,0.0,0.0,0
-1.5076827911905872,-0.6979465499461435,-0.4782128362261454,-0.4445118499598483,-1.2078404395034017,0.4409116093851064,0.0,1.0,0
-0.1893300954689175,-1.403735195959098,-0.21933692791504864,-0.4141137203038373,-1.7820715439388735,0.4409116093851064,1.0,0.0,0
0.7994344263223347,1.7830074784630299,0.19486452538270618,0.862607725248624,0.6379023961820431,-0.6679195984878189,1.0,0.0,0
-1.5626141535123235,-0.0990955775715161,-1.0995150161727776,-1.204465091360123,-0.7566588574469596,0.03770026106767898,1.0,0.0,0
-1.1231632549384336,-0.33435845957583377,1.1268177953026546,0.04185822453632741,-1.2078404395034017,-2.2807649917575286,1.0,0.0,0
0.6895717016788623,0.9488936240840833,1.333918521951532,-0.6876968872079362,1.212133500617515,0.7433201206231769,1.0,1.0,1
-1.672476878155796,-1.125697244499449,-0.32288729123948734,-0.7484931465199581,-0.18242775301148792,0.13850309814703582,1.0,1.0,0
-0.29919282011238996,-0.7621091541291395,0.09131416205826748,0.2546451321284043,-0.6336093350679299,-0.06310257601167786,1.0,0.0,0
-0.07946737082544503,0.0933922349774719,0.039538980396048126,-0.17092868305574946,0.10468779920624793,-0.06310257601167786,1.0,0.0,0
1.0191598756092797,1.0772188324500744,-1.0477398345105584,1.0145983735286788,-1.2078404395034017,0.5417144464644632,0.0,0.0,0
1.0191598756092797,0.5425304642584424,0.19486452538270618,-0.3533174609918154,0.10468779920624793,0.03770026106767898,0.0,0.0,1
0.19518944078323616,0.2858800475264592,-0.21933692791504864,-0.7180950168639472,1.007050963319132,-1.877553643440101,0.0,1.0,0
0.19518944078323616,0.11477976970513673,-1.2030653794972164,0.34583952109643723,-0.38751029030987066,2.1545598397341728,1.0,0.0,0
-0.3541241824341262,0.43559279062011597,-1.0995150161727776,0.589024558344525,-0.6746258425276065,1.1465314689406043,1.0,0.0,0
0.5797089770353898,0.24310497807112874,-1.0477398345105584,-1.3868538692961887,2.2375461871094284,-1.2727366209639601,0.0,0.0,0
-0.29919282011238996,-1.0187595708611228,-0.271112109577268,0.16345074316037134,1.0890839782384851,-0.3655110872497484,1.0,1.0,0
-1.5076827911905872,0.07200470024980632,-0.4782128362261454,-1.0828725727360788,-0.18242775301148792,-0.3655110872497484,1.0,1.0,0
-0.6837123563645436,-1.0829221750441187,0.2984148887071449,-0.6876968872079362,0.35078684396430726,1.0457286318612475,0.0,1.0,0
-1.1780946172601698,0.11477976970513673,-0.5299880178883648,-1.6604370362002876,-1.7820715439388735,-2.2807649917575286,0.0,0.0,0
1.6234048611483785,-0.4626836679418258,0.45374043369380296,-0.17092868305574946,-0.5105598126889004,-0.46631392432910523,0.0,1.0,0
-1.233025979581906,2.6385088675696413,-2.186793831079384,0.9538021142166568,0.3097703365046307,-1.877553643440101,1.0,1.0,0
0.4149148900701811,-0.013545438660854517,-0.995964652848339,0.22424700247239332,-0.18242775301148792,-0.26470825017039157,1.0,0.0,0
0.30505216542670865,-1.403735195959098,-0.7370887445372422,-0.5053081092718703,-0.7976753649066362,-0.46631392432910523,0.0,0.0,0
-1.452751428868851,-0.0990955775715161,-1.6690420144571907,-0.7180950168639472,-1.7820715439388735,-0.06310257601167786,1.0,0.0,0
-1.3428887042253785,0.563917998986108,-1.0477398345105584,0.011460094880316431,0.06367129174657138,-0.6679195984878189,0.0,0.0,0
-0.5189182693993349,1.7402324090076986,-1.0995150161727776,0.5586264286885141,1.0480674707788087,-0.8695252726465327,0.0,0.0,0
0.7994344263223347,-0.5696213415801522,0.8161667053293384,0.16345074316037134,1.3351830229965445,0.6425172835438201,0.0,0.0,0
-0.3541241824341262,-1.596223008508086,-0.42643765456392607,0.5282282990325031,-1.2898734544227548,0.4409116093851064,1.0,0.0,0
0.7445030640005985,0.8633434851734216,0.5055156153560223,1.3793759294008106,-0.22344426047116447,0.5417144464644632,1.0,1.0,0
0.5797089770353898,-1.3823476612314332,1.2303681586270934,0.34583952109643723,-1.7820715439388735,-0.1639054130910347,0.0,0.0,0
-1.1231632549384336,-0.41990859848649537,-1.6690420144571907,-0.5053081092718703,-0.9617413947453424,-0.6679195984878189,0.0,0.0,0
-0.3541241824341262,-0.22742078593750736,0.039538980396048126,0.4066357804084592,0.47383636634333687,-0.1639054130910347,0.0,0.0,0
-1.0682318926166974,-0.034932973388520104,-0.7888639261994616,-0.1405305533997385,-1.0437744096646955,0.4409116093851064,1.0,0.0,0
0.4149148900701811,0.7350182768074304,0.039538980396048126,1.3185796700887886,2.3195792020287818,-2.179962154678172,1.0,0.0,0
1.6234048611483785,-0.6765590152184786,1.7998951569115063,1.3793759294008106,-0.14141124555181137,0.4409116093851064,0.0,1.0,0
-0.7935750810080161,-0.24880832066517294,0.09131416205826748,-1.2956594803281558,-0.38751029030987066,0.23930593522639268,0.0,0.0,0
-0.4090555447558625,0.00784209606681031,-0.995964652848339,-1.143668832048101,-1.4949559917211375,0.03770026106767898,0.0,0.0,0
0.03039535381802745,0.17894237388813272,-0.11578656459060994,-0.5661043685838922,0.22773732158527757,-0.1639054130910347,1.0,0.0,0
0.7994344263223347,0.1361673044328023,0.764391523667119,1.2577834107767667,-1.5769890066404906,-2.2807649917575286,0.0,1.0,1
0.4149148900701811,0.4783678600754472,0.09131416205826748,-1.143668832048101,0.8840014409401024,-0.46631392432910523,0.0,0.0,0
1.513542136504906,0.9061185546287528,1.4892440669381901,1.1969871514647448,1.4992490528352507,1.8521513284961022,0.0,1.0,1
0.5797089770353898,0.43559279062011597,0.6090659786804611,0.680218947312558,1.4992490528352507,0.03770026106767898,1.0,0.0,1
-1.1231632549384336,0.499755394803112,0.5055156153560223,0.710617076968569,-1.1668239320437253,-0.3655110872497484,1.0,1.0,0
0.634640339357126,-1.596223008508086,-0.6853135628750229,0.10265448384834938,-0.10039473809213482,0.03770026106767898,0.0,1.0,0
0.19518944078323616,0.07200470024980632,0.039538980396048126,-1.1132707023920898,0.5148528738030135,0.34010877230574954,1.0,0.0,0
0.854365788644071,0.5211429295307776,-0.06401138292839058,-0.38371559064782634,0.8019684260207492,0.6425172835438201,1.0,0.0,0
-1.5626141535123235,0.7777933462627609,-0.6853135628750229,-1.5388445175762437,-1.0437744096646955,-0.3655110872497484,0.0,0.0,0
-1.5076827911905872,-0.6765590152184786,-2.186793831079384,-1.2348632210161339,-1.7820715439388735,0.34010877230574954,1.0,0.0,0
1.2938166872179608,-0.6551714804908131,1.178592976964874,0.2546451321284043,0.3097703365046307,1.7513484914167454,0.0,0.0,0
0.2501208031049724,-0.5696213415801522,-0.271112109577268,-1.0524744430800679,-0.4285267977695472,0.9449257947818905,1.0,0.0,0
-1.3428887042253785,0.5853055337137736,-1.5137164694705325,0.9234039845606459,-0.7976753649066362,2.2553626768135295,0.0,0.0,0
1.6783362234701147,1.0986063671777402,0.14308934372048684,-0.26212307202378243,1.663315082673957,-0.5671167614084621,0.0,0.0,0
0.5247776147136536,-0.3985210637588298,0.039538980396048126,1.3793759294008106,-0.18242775301148792,1.6505456543373884,1.0,0.0,0
0.9092971509658072,0.970281158811748,1.4374688852759707,1.6833572259609204,-0.5515763201485769,-0.7687224355671758,1.0,0.0,1
-0.24426145779065372,0.15755483916046792,-0.21933692791504864,0.7714133362805909,-1.7820715439388735,0.34010877230574954,1.0,0.0,0
-0.07946737082544503,-0.0990955775715161,0.4019652520315836,-0.6572987575519251,-1.2078404395034017,0.7433201206231769,1.0,0.0,0
1.4036794118614333,-0.18464571648217695,2.214096610209261,0.862607725248624,2.4426287244078115,-0.46631392432910523,0.0,0.0,1
-1.2879573419036423,0.7991808809904264,-0.7370887445372422,-1.5084463879202328,0.47383636634333687,-0.06310257601167786,0.0,0.0,0
1.1839539625744884,0.3714301864371207,0.4019652520315836,1.4097740590568215,0.6379023961820431,0.9449257947818905,1.0,0.0,1
1.0191598756092797,2.3604709161099917,1.0750426136404352,0.862607725248624,1.212133500617515,-0.6679195984878189,1.0,0.0,1
-0.1893300954689175,-0.847659293039801,-0.5299880178883648,-0.6269006278959142,-0.7566588574469596,1.6505456543373884,1.0,0.0,0
-1.0133005302949611,0.563917998986108,-1.0995150161727776,-1.3868538692961887,0.8840014409401024,-1.4743422951226737,0.0,0.0,0
0.4149148900701811,-0.5054587373971562,-0.840639107861681,-2.177205240352474,-0.6746258425276065,1.952954165575459,1.0,0.0,0
0.46984625239191735,-0.8690468277674659,0.9714922503159965,-0.930881924456024,0.22773732158527757,1.0457286318612475,0.0,1.0,0
-0.5738496317210712,0.00784209606681031,-0.6853135628750229,0.801811465936602,-0.6336093350679299,-0.1639054130910347,0.0,1.0,0
-1.1780946172601698,0.17894237388813272,-0.6853135628750229,-0.8092894058319801,1.3351830229965445,-0.46631392432910523,0.0,0.0,0
-0.5189182693993349,3.0234844926676154,-1.151290197834997,0.28504326178441525,1.827381112512663,-0.5671167614084621,1.0,0.0,0
-1.7274082404775322,-0.16325818175451134,-0.8924142895239002,-0.1405305533997385,0.35078684396430726,-0.26470825017039157,0.0,1.0,0
0.7445030640005985,-1.125697244499449,-0.01223620126617123,1.7441534852729423,-0.7566588574469596,-0.06310257601167786,1.0,0.0,0
0.2501208031049724,0.30726758225412476,0.09131416205826748,1.3793759294008106,1.0890839782384851,1.247334306019961,1.0,0.0,0
-0.6287809940428074,-2.002586168333726,0.19486452538270618,-1.5692426472322547,-0.9617413947453424,1.952954165575459,0.0,0.0,0
-0.3541241824341262,-0.056320508116184935,0.2984148887071449,-1.9036220734483755,-0.14141124555181137,0.13850309814703582,0.0,0.0,0
0.7445030640005985,0.05061716552214149,0.5055156153560223,2.473708597017206,1.6222985752142802,-0.8695252726465327,1.0,0.0,1
0.19518944078323616,0.8419559504457569,-1.151290197834997,2.3521160783931623,-0.5925928276082534,-0.5671167614084621,1.0,0.0,0
1.1839539625744884,1.034443762994744,2.4729725185203577,0.8930058549046349,0.9660344558594555,-0.1639054130910347,1.0,1.0,1
-0.5189182693993349,-0.4840712026694906,0.8679418869915578,-1.4476501286082106,-0.14141124555181137,-1.0711309468052463,1.0,0.0,0
1.348748049539697,-0.12048311229918093,1.4892440669381901,1.4401721887128327,0.7609519185610727,-1.1719337838846031,1.0,1.0,1
-1.7274082404775322,-0.7621091541291395,-1.7725923777816293,-0.961280054112035,-1.453939484261461,1.952954165575459,1.0,0.0,0
1.6783362234701147,-1.125697244499449,1.0750426136404352,0.3762376507524482,1.9914471423513693,0.34010877230574954,1.0,0.0,0
1.1839539625744884,0.35004265170945514,0.45374043369380296,1.4097740590568215,-0.715642349987283,-0.7687224355671758,0.0,0.0,0
1.2388853248962246,-1.2754099875931066,1.7998951569115063,0.5586264286885141,1.2531500080771913,0.8441229577025338,0.0,0.0,0
1.0191598756092797,-0.3985210637588298,0.9197170686537771,-0.7180950168639472,1.1301004856981618,-1.1719337838846031,0.0,0.0,0
0.4149148900701811,-0.9973720361334579,-0.271112109577268,-0.32291933133580436,1.376199530456221,-1.0711309468052463,1.0,1.0,0
-0.9583691679732248,0.5853055337137736,-1.0477398345105584,0.34583952109643723,-1.5769890066404906,-0.8695252726465327,0.0,1.0,0
-0.6287809940428074,1.8685576173736906,0.3501900703693643,0.6194226880005361,-0.22344426047116447,1.5497428172580316,0.0,0.0,0
0.7994344263223347,-1.2967975223207715,1.6963447935870675,0.31544139144042627,1.1711169931578382,-0.26470825017039157,0.0,1.0,0
-1.2879573419036423,-1.874260959967734,0.19486452538270618,-0.07973429408771651,-1.7820715439388735,-2.2807649917575286,0.0,1.0,0
1.1290226002527521,-0.0990955775715161,1.333918521951532,0.13305261350436037,-1.2488569469630781,1.247334306019961,0.0,0.0,1
-1.2879573419036423,0.05061716552214149,-1.0995150161727776,-0.3533174609918154,-0.9617413947453424,-0.3655110872497484,0.0,0.0,0
-1.233025979581906,0.24310497807112874,-2.186793831079384,-2.572380925880617,-0.22344426047116447,-1.978356480519458,1.0,0.0,0
1.074091237931016,-0.41990859848649537,0.9714922503159965,-0.049336164431705534,1.4992490528352507,-0.26470825017039157,0.0,0.0,0
1.348748049539697,-0.18464571648217695,0.9197170686537771,1.2273852811207557,0.06367129174657138,0.5417144464644632,0.0,0.0,0
1.1290226002527521,0.41420525589245116,0.8679418869915578,0.22424700247239332,-0.10039473809213482,0.4409116093851064,0.0,0.0,0
-0.3541241824341262,1.0986063671777402,-0.21933692791504864,-0.32291933133580436,0.55586938126269,1.7513484914167454,0.0,0.0,1
0.46984625239191735,-1.9811986336060605,-0.6335383812128035,-1.174066961704112,0.10468779920624793,-0.8695252726465327,1.0,0.0,0
0.14025807846149993,-0.35574599430349935,0.5055156153560223,0.9234039845606459,0.1457043066659245,0.03770026106767898,1.0,0.0,0
1.6783362234701147,0.24310497807112874,1.644569611924848,1.2577834107767667,0.39180335142398376,-0.6679195984878189,0.0,0.0,1
1.074091237931016,-0.9118218972227963,1.2303681586270934,1.0145983735286788,-1.7820715439388735,-1.5751451322020305,0.0,0.0,0
-0.4090555447558625,1.8043950131906938,0.4019652520315836,-1.3564557396401777,-0.22344426047116447,0.8441229577025338,0.0,0.0,0
-0.3541241824341262,-0.6123964110354826,0.19486452538270618,-0.4141137203038373,0.7609519185610727,0.4409116093851064,1.0,0.0,0
-1.1780946172601698,-0.013545438660854517,-1.151290197834997,-0.7180950168639472,-0.3464937828501941,0.13850309814703582,1.0,0.0,0
0.30505216542670865,0.6066930684414384,0.14308934372048684,0.011460094880316431,-0.018361723172781723,0.4409116093851064,0.0,0.0,0
-1.672476878155796,-0.5696213415801522,-1.0995150161727776,-1.3564557396401777,0.06367129174657138,-0.7687224355671758,0.0,1.0,0
-1.3978200665471148,-1.874260959967734,-0.8924142895239002,-1.2652613506721448,-1.7820715439388735,-1.1719337838846031,0.0,1.0,0
-0.7935750810080161,-0.41990859848649537,0.14308934372048684,0.3762376507524482,-0.7976753649066362,-0.06310257601167786,1.0,0.0,0
-0.29919282011238996,1.0772188324500744,0.24663970704492555,-1.6300389065442766,0.4328198588836603,1.1465314689406043,0.0,0.0,0
0.0853267161397637,-0.31297092484816896,1.5410192486004095,1.5921628369928875,-0.6336093350679299,1.5497428172580316,1.0,0.0,0
-0.29919282011238996,-0.847659293039801,1.3856937036137513,0.16345074316037134,-0.4695433052292238,0.7433201206231769,0.0,0.0,0
-0.8485064433297523,0.970281158811748,-0.5299880178883648,-0.17092868305574946,-0.10039473809213482,-0.06310257601167786,1.0,0.0,0
0.5797089770353898,-0.31297092484816896,-2.186793831079384,1.0145983735286788,-1.3308899618824312,0.23930593522639268,1.0,1.0,0
1.4586107741831695,-0.4840712026694906,1.9034455202359448,-0.8092894058319801,0.3097703365046307,0.03770026106767898,0.0,0.0,1
0.634640339357126,0.17894237388813272,0.039538980396048126,-0.2925212016797934,-1.002757902205019,-1.0711309468052463,0.0,0.0,0
1.4586107741831695,0.8205684157180912,0.45374043369380296,0.680218947312558,0.9250179483997789,0.03770026106767898,1.0,0.0,1
1.0191598756092797,2.467408589748318,0.4019652520315836,2.2001254301131072,2.647711261706194,-1.373539458043317,0.0,1.0,1
1.1839539625744884,0.8847310199010873,0.5055156153560223,0.6498208176565471,0.47383636634333687,-0.06310257601167786,1.0,0.0,0
-0.4639869070775987,1.226931575543732,0.09131416205826748,0.49783016937649216,-0.7566588574469596,1.5497428172580316,1.0,1.0,0
-0.4090555447558625,-0.4840712026694906,-1.4101661061460937,-0.8092894058319801,-0.5925928276082534,0.7433201206231769,1.0,1.0,0
-1.3978200665471148,-1.0187595708611228,-1.7725923777816293,-0.32291933133580436,-1.7000385290195204,-1.0711309468052463,1.0,0.0,0
1.074091237931016,0.0933922349774719,1.0232674319782158,2.0177366521770415,0.8429849334804258,-0.06310257601167786,1.0,0.0,1
-1.452751428868851,0.1361673044328023,-0.5817631995505841,0.34583952109643723,-0.6746258425276065,-0.9703281097258895,1.0,1.0,0
1.1290226002527521,-1.0829221750441187,1.2303681586270934,0.19384887281638233,1.458232545375574,-0.06310257601167786,1.0,1.0,1
-0.4639869070775987,-0.1418706470268465,-0.8924142895239002,0.4066357804084592,0.7199354111013961,0.9449257947818905,0.0,0.0,0
0.03039535381802745,0.43559279062011597,-0.6853135628750229,0.6498208176565471,-0.018361723172781723,0.6425172835438201,1.0,0.0,0
0.9092971509658072,0.3928177211647856,0.24663970704492555,0.9234039845606459,1.007050963319132,2.5577711880516003,0.0,0.0,1
-0.1893300954689175,0.5425304642584424,0.039538980396048126,1.075394632840701,-0.264460767930841,1.1465314689406043,1.0,0.0,0
1.6783362234701147,0.32865511698178956,2.2658717918714806,1.7745516149289533,0.6379023961820431,0.23930593522639268,0.0,1.0,1
0.5797089770353898,-0.4840712026694906,-1.0995150161727776,0.04185822453632741,-0.4695433052292238,0.6425172835438201,1.0,0.0,0
-0.5738496317210712,-0.5054587373971562,-0.5817631995505841,0.2546451321284043,0.1457043066659245,-0.26470825017039157,1.0,0.0,0
-0.3541241824341262,-1.2112473834101107,-1.2030653794972164,-0.7484931465199581,0.7199354111013961,-1.1719337838846031,1.0,0.0,0
-0.24426145779065372,1.8685576173736906,-1.3583909244838746,-0.5357062389278813,1.4172160379158976,1.247334306019961,1.0,1.0,0
0.9642285132875436,0.05061716552214149,1.3856937036137513,0.19384887281638233,1.0480674707788087,1.0457286318612475,1.0,0.0,0
-0.6287809940428074,-0.20603325120984253,-0.06401138292839058,-0.3533174609918154,0.39180335142398376,-0.26470825017039157,0.0,0.0,0
0.9092971509658072,-0.9332094319504619,0.9714922503159965,-1.3260576099841668,0.35078684396430726,0.34010877230574954,0.0,0.0,0
-1.3978200665471148,3.0448720273952814,-0.32288729123948734,0.862607725248624,-0.14141124555181137,1.1465314689406043,0.0,1.0,0
-0.8485064433297523,-1.0829221750441187,-0.9441894711861196,-2.572380925880617,0.8019684260207492,0.7433201206231769,0.0,0.0,0
-0.6837123563645436,-0.41990859848649537,-0.7888639261994616,2.108931041145074,1.0890839782384851,-1.5751451322020305,1.0,0.0,0
0.46984625239191735,0.4569803253477816,1.9034455202359448,1.6833572259609204,0.06367129174657138,0.23930593522639268,1.0,1.0,1
0.9092971509658072,0.6494681378967688,0.45374043369380296,0.28504326178441525,0.18672081412560104,-0.1639054130910347,1.0,0.0,1
-0.6837123563645436,1.0130562282670792,0.039538980396048126,-0.049336164431705534,0.6789189036417196,1.0457286318612475,1.0,1.0,0
1.1839539625744884,1.8899451521013562,0.8161667053293384,1.1969871514647448,1.7043315901336333,1.0457286318612475,1.0,1.0,1
-0.5738496317210712,0.5425304642584424,-1.7725923777816293,-0.6572987575519251,-0.22344426047116447,1.247334306019961,0.0,0.0,0
-0.24426145779065372,-1.0615346403164538,-1.6690420144571907,-0.1405305533997385,-1.6590220215598437,-1.1719337838846031,1.0,0.0,0
1.6783362234701147,-0.22742078593750736,0.764391523667119,0.5282282990325031,0.5968858887223666,-0.7687224355671758,1.0,0.0,1
1.5684734988266422,0.35004265170945514,1.8516703385737256,0.6498208176565471,1.0890839782384851,1.1465314689406043,0.0,0.0,0
0.4149148900701811,2.1465955688333387,0.8679418869915578,0.801811465936602,1.7043315901336333,-0.5671167614084621,0.0,0.0,0
0.9092971509658072,-1.403735195959098,1.2821433402893125,-1.1132707023920898,0.1457043066659245,-1.4743422951226737,1.0,0.0,0
-1.3978200665471148,1.2697066449990626,-1.7208171961194099,-0.26212307202378243,-0.22344426047116447,0.4409116093851064,0.0,0.0,0
-1.7274082404775322,0.22171744334346316,-0.06401138292839058,-0.5053081092718703,0.3097703365046307,-0.6679195984878189,0.0,0.0,0
-0.024536008503708785,0.8847310199010873,-0.7370887445372422,0.31544139144042627,0.35078684396430726,1.7513484914167454,1.0,0.0,0
-1.0682318926166974,-0.07770804284385052,-0.6335383812128035,-0.6269006278959142,-0.9207248872856658,0.23930593522639268,1.0,1.0,0
-0.13439873314718126,-0.8262717583121355,-0.11578656459060994,0.832209595592613,-0.6746258425276065,0.13850309814703582,1.0,0.0,0
-0.5189182693993349,0.7991808809904264,-0.4782128362261454,-0.3533174609918154,-1.4949559917211375,-0.46631392432910523,0.0,0.0,0
1.0191598756092797,0.6922432073521,1.6963447935870675,0.801811465936602,0.39180335142398376,1.6505456543373884,0.0,0.0,1
1.4586107741831695,1.034443762994744,0.5055156153560223,2.0177366521770415,1.4992490528352507,0.4409116093851064,1.0,0.0,1
1.2938166872179608,0.00784209606681031,-0.06401138292839058,0.46743203972048114,0.6379023961820431,-0.3655110872497484,1.0,1.0,0
-0.7386437186862799,-0.5910088763078171,-0.5299880178883648,-0.23172494236777144,0.7199354111013961,-0.8695252726465327,0.0,1.0,0
1.6234048611483785,-1.5748354737804204,0.8679418869915578,0.2546451321284043,-0.14141124555181137,-0.06310257601167786,1.0,1.0,0
-0.024536008503708785,0.8633434851734216,2.4211973368581385,1.3185796700887886,0.7199354111013961,-1.0711309468052463,1.0,0.0,1
-0.13439873314718126,0.4569803253477816,0.4019652520315836,-0.17092868305574946,0.7609519185610727,0.9449257947818905,0.0,0.0,0
-0.1893300954689175,-0.9545969666781274,-0.42643765456392607,0.8930058549046349,1.5812820677546038,-1.877553643440101,0.0,0.0,0
0.9092971509658072,-0.5268462721248218,-0.11578656459060994,0.19384887281638233,0.06367129174657138,-0.1639054130910347,0.0,0.0,0
0.6895717016788623,-0.44129613321416017,-0.8924142895239002,-0.5661043685838922,-1.0437744096646955,0.6425172835438201,0.0,1.0,0
-0.1893300954689175,-1.4892853348697597,-0.8924142895239002,0.22424700247239332,0.22773732158527757,0.34010877230574954,0.0,1.0,0
-0.13439873314718126,-0.8048842235844699,-0.01223620126617123,-0.4749099796158593,1.1711169931578382,-0.7687224355671758,1.0,0.0,0
-0.9034378056514886,-1.125697244499449,0.4019652520315836,-0.018938034775694553,-1.0437744096646955,0.5417144464644632,0.0,0.0,0
0.4149148900701811,-0.3985210637588298,1.0750426136404352,-2.389992147944551,0.5968858887223666,-0.8695252726465327,1.0,1.0,0
-0.7386437186862799,-0.719334084673809,-0.37466247290170673,-0.4445118499598483,0.39180335142398376,-0.06310257601167786,0.0,1.0,0
-0.7935750810080161,-1.6389980779634163,-0.7888639261994616,-1.0828725727360788,0.18672081412560104,0.5417144464644632,1.0,0.0,0
-1.7274082404775322,2.103820499378009,-1.0477398345105584,-1.2348632210161339,0.4328198588836603,0.34010877230574954,0.0,1.0,0
-1.0133005302949611,1.312481714454393,-1.0995150161727776,-0.6269006278959142,-0.4695433052292238,-0.7687224355671758,1.0,0.0,0
1.0191598756092797,-0.7621091541291395,1.9552207018981642,-0.26212307202378243,-0.18242775301148792,1.247334306019961,1.0,0.0,1
0.7994344263223347,0.30726758225412476,0.4019652520315836,0.3762376507524482,0.7199354111013961,0.13850309814703582,1.0,0.0,0
0.9642285132875436,0.4569803253477816,0.6090659786804611,-0.7484931465199581,1.2531500080771913,0.7433201206231769,1.0,0.0,1
-1.672476878155796,1.2483191102713969,-2.186793831079384,-0.1101324237437275,0.22773732158527757,1.4489399801786749,0.0,0.0,0
1.1839539625744884,-0.8048842235844699,0.7126163420048998,1.5921628369928875,-0.38751029030987066,1.1465314689406043,0.0,1.0,1
-0.24426145779065372,1.1413814366330706,0.4019652520315836,0.4066357804084592,0.8429849334804258,1.0457286318612475,1.0,0.0,1
0.9092971509658072,-0.5268462721248218,-0.11578656459060994,1.0145983735286788,0.7199354111013961,0.23930593522639268,1.0,1.0,0
0.9642285132875436,-1.3395725917761019,0.14308934372048684,1.1361908921527228,0.22773732158527757,0.8441229577025338,1.0,0.0,0
-0.13439873314718126,0.7777933462627609,0.45374043369380296,1.2577834107767667,-0.5515763201485769,0.13850309814703582,1.0,0.0,0
0.30505216542670865,1.3552567839097234,-0.840639107861681,2.1393291708010853,0.47383636634333687,-1.2727366209639601,1.0,0.0,1
1.0191598756092797,2.6812839370249706,1.4892440669381901,0.5586264286885141,2.360595709488458,0.34010877230574954,0.0,0.0,1
1.6783362234701147,-1.2112473834101107,0.8161667053293384,-0.20132681271176045,-1.1258074245840486,0.34010877230574954,1.0,0.0,0
-1.5626141535123235,0.7564058115350952,-1.4101661061460937,0.2546451321284043,-1.7820715439388735,0.4409116093851064,1.0,1.0,0
-1.7274082404775322,-0.3985210637588298,-2.0314682860927262,-0.1405305533997385,0.47383636634333687,-0.26470825017039157,1.0,0.0,0
-1.3428887042253785,0.8419559504457569,-0.6853135628750229,0.34583952109643723,0.3097703365046307,-0.8695252726465327,1.0,0.0,0
-0.1893300954689175,-1.4892853348697597,1.644569611924848,1.3489777997447996,0.022654784286894828,0.6425172835438201,1.0,0.0,0
1.2388853248962246,-1.2754099875931066,1.4374688852759707,0.2546451321284043,-1.002757902205019,-1.2727366209639601,0.0,1.0,0
0.3599835277484449,-0.7621091541291395,-0.37466247290170673,0.3762376507524482,0.3097703365046307,1.4489399801786749,1.0,1.0,0
-1.6175455158340597,0.11477976970513673,-0.32288729123948734,-1.5388445175762437,-0.3464937828501941,-0.3655110872497484,1.0,1.0,0
-0.024536008503708785,-0.6337839457631482,-0.271112109577268,1.8049497445849645,-1.7820715439388735,0.23930593522639268,1.0,1.0,0
-1.233025979581906,0.7136307420797648,0.09131416205826748,-0.6572987575519251,1.0890839782384851,0.4409116093851064,1.0,0.0,0
-1.233025979581906,1.0772188324500744,-0.271112109577268,-0.5357062389278813,0.1457043066659245,0.5417144464644632,1.0,1.0,0
-0.7386437186862799,0.6494681378967688,-2.186793831079384,-0.4749099796158593,-0.4285267977695472,-1.4743422951226737,0.0,1.0,0
0.7445030640005985,1.6974573395523673,-0.21933692791504864,0.10265448384834938,0.5968858887223666,0.8441229577025338,0.0,0.0,1
0.0853267161397637,0.4569803253477816,0.7126163420048998,-0.5053081092718703,-1.7000385290195204,0.23930593522639268,0.0,0.0,0
1.513542136504906,-1.2112473834101107,1.178592976964874,-0.07973429408771651,0.5968858887223666,-0.5671167614084621,1.0,0.0,0
0.03039535381802745,1.4194193880927193,-0.7370887445372422,-0.9004837948000131,0.8019684260207492,-0.7687224355671758,1.0,0.0,0
-0.5189182693993349,-0.5910088763078171,-0.840639107861681,-1.0524744430800679,-0.7566588574469596,-0.3655110872497484,0.0,1.0,0
1.2388853248962246,0.970281158811748,-0.5299880178883648,2.504106726673217,1.9094141274320162,-1.2727366209639601,0.0,1.0,0
-0.24426145779065372,1.6546822700970378,-0.21933692791504864,0.9234039845606459,-0.6336093350679299,1.6505456543373884,0.0,1.0,1
-0.024536008503708785,0.499755394803112,1.5927944302626287,0.9538021142166568,-0.4285267977695472,1.4489399801786749,1.0,0.0,0
0.9642285132875436,-1.5106728695974243,1.2821433402893125,1.1665890218087338,-0.9207248872856658,0.4409116093851064,1.0,1.0,0
-1.3978200665471148,-0.9118218972227963,0.6090659786804611,0.9234039845606459,-1.1668239320437253,-0.3655110872497484,1.0,0.0,0
-0.1893300954689175,1.376644318637389,0.5055156153560223,-1.3868538692961887,0.55586938126269,-0.26470825017039157,0.0,1.0,0
-1.3428887042253785,-0.1418706470268465,-0.21933692791504864,-1.6908351658562986,-0.264460767930841,0.6425172835438201,0.0,0.0,0
-1.7274082404775322,0.11477976970513673,0.19486452538270618,-1.4172519989521997,-0.9617413947453424,1.6505456543373884,0.0,0.0,0
1.348748049539697,0.7991808809904264,1.2303681586270934,0.31544139144042627,-0.05937823063245827,-0.5671167614084621,1.0,0.0,1
1.2388853248962246,0.7350182768074304,0.7126163420048998,0.4066357804084592,2.1555131721900755,-1.0711309468052463,0.0,0.0,0
-1.6175455158340597,0.30726758225412476,-0.42643765456392607,-0.991678183768046,1.663315082673957,1.4489399801786749,1.0,0.0,0
-0.4639869070775987,-0.18464571648217695,0.7126163420048998,-0.018938034775694553,-0.22344426047116447,-1.877553643440101,1.0,0.0,0
-0.5189182693993349,-0.2915833901205034,-0.7370887445372422,-0.23172494236777144,-1.1258074245840486,-1.0711309468052463,1.0,0.0,0
1.4586107741831695,0.9061185546287528,0.5055156153560223,0.16345074316037134,2.1555131721900755,-0.1639054130910347,0.0,0.0,1
1.6783362234701147,0.6066930684414384,1.2821433402893125,-1.143668832048101,-0.5515763201485769,-1.4743422951226737,1.0,0.0,1
1.5684734988266422,-0.22742078593750736,1.6963447935870675,-0.2925212016797934,-0.018361723172781723,1.1465314689406043,1.0,0.0,1
-1.3428887042253785,1.1413814366330706,-0.37466247290170673,-0.8092894058319801,-0.6336093350679299,0.7433201206231769,0.0,0.0,0
1.1839539625744884,-0.0990955775715161,-0.21933692791504864,0.2546451321284043,-0.7976753649066362,-0.5671167614084621,1.0,1.0,0
1.348748049539697,-0.847659293039801,2.3176469735336998,-0.6269006278959142,-0.264460767930841,1.3481371430993179,1.0,0.0,1
0.7994344263223347,-0.7407216194014746,0.09131416205826748,-0.26212307202378243,-0.9617413947453424,1.4489399801786749,1.0,0.0,0
0.2501208031049724,-0.9759845014057923,-0.01223620126617123,-1.1132707023920898,-0.3464937828501941,-0.1639054130910347,1.0,1.0,0
-1.6175455158340597,-0.24880832066517294,-1.8243675594438487,-0.8092894058319801,-0.7566588574469596,-0.5671167614084621,0.0,1.0,0
1.0191598756092797,1.2910941797267272,2.4729725185203577,-0.26212307202378243,0.26875382904495415,2.2553626768135295,1.0,0.0,1
0.03039535381802745,-0.8048842235844699,0.19486452538270618,-0.930881924456024,-0.7976753649066362,0.7433201206231769,1.0,0.0,0
-0.24426145779065372,0.22171744334346316,-0.7888639261994616,-1.2348632210161339,-0.30547727539051756,0.23930593522639268,0.0,0.0,0
0.7994344263223347,-0.6551714804908131,1.178592976964874,0.07225635419233839,0.55586938126269,1.3481371430993179,0.0,0.0,0
-1.3428887042253785,-0.22742078593750736,-0.37466247290170673,-1.3868538692961887,-0.7976753649066362,0.23930593522639268,0.0,0.0,0
0.0853267161397637,-1.5106728695974243,-0.06401138292839058,0.5586264286885141,0.3097703365046307,-0.5671167614084621,1.0,0.0,0
0.14025807846149993,-0.20603325120984253,0.7126163420048998,0.4066357804084592,0.35078684396430726,0.03770026106767898,1.0,1.0,1
-0.024536008503708785,-0.16325818175451134,-0.6335383812128035,-0.07973429408771651,0.3097703365046307,1.0457286318612475,0.0,1.0,0
-0.4639869070775987,0.5853055337137736,-0.6853135628750229,-0.7788912761759691,1.2531500080771913,-2.0791593175988146,0.0,0.0,0
-1.0133005302949611,0.2644925127987943,-2.186793831079384,0.011460094880316431,-1.3308899618824312,-0.3655110872497484,0.0,0.0,0
-0.024536008503708785,-1.2112473834101107,-0.995964652848339,0.3762376507524482,-0.8797083798259893,1.3481371430993179,0.0,1.0,0
1.2938166872179608,1.1413814366330706,2.214096610209261,0.9234039845606459,2.4426287244078115,-0.46631392432910523,0.0,0.0,1
0.7445030640005985,0.24310497807112874,1.6963447935870675,1.8353478742409755,0.022654784286894828,1.5497428172580316,1.0,0.0,1
0.5797089770353898,0.24310497807112874,0.45374043369380296,0.74101520662458,-1.7820715439388735,1.4489399801786749,1.0,0.0,0
-0.9034378056514886,0.029229630794475898,0.5572907970182417,0.46743203972048114,-0.5925928276082534,-0.1639054130910347,0.0,0.0,0
-1.5626141535123235,-0.5054587373971562,-1.2030653794972164,-0.6269006278959142,-0.7566588574469596,-0.6679195984878189,1.0,0.0,0
1.074091237931016,0.24310497807112874,0.5572907970182417,1.1361908921527228,-1.7820715439388735,-0.26470825017039157,1.0,0.0,0
0.2501208031049724,0.5211429295307776,0.19486452538270618,-0.5053081092718703,1.4172160379158976,2.658574025130957,0.0,0.0,0
1.1839539625744884,-1.7673232863294077,0.764391523667119,-0.2925212016797934,-0.715642349987283,1.952954165575459,0.0,0.0,0
-0.6287809940428074,-0.5268462721248218,-0.6335383812128035,-0.049336164431705534,-0.264460767930841,0.03770026106767898,1.0,0.0,0
-1.0133005302949611,-0.22742078593750736,0.09131416205826748,-0.1405305533997385,-0.7566588574469596,-0.6679195984878189,1.0,0.0,0
-0.07946737082544503,0.2858800475264592,0.039538980396048126,0.49783016937649216,-1.1668239320437253,0.03770026106767898,1.0,0.0,0
1.2388853248962246,1.2483191102713969,1.3856937036137513,1.8049497445849645,-0.05937823063245827,0.23930593522639268,0.0,0.0,1
0.854365788644071,-0.7621091541291395,1.333918521951532,-1.0828725727360788,-1.002757902205019,-1.2727366209639601,0.0,0.0,0
-0.7935750810080161,-0.4840712026694906,-0.271112109577268,-1.2956594803281558,0.35078684396430726,0.03770026106767898,1.0,0.0,0
-1.3978200665471148,-0.5054587373971562,-1.7208171961194099,-0.4749099796158593,-0.9617413947453424,1.247334306019961,1.0,1.0,0
-1.233025979581906,-0.783496688856805,-1.876142741106068,-1.3260576099841668,-1.3308899618824312,-1.877553643440101,0.0,0.0,0
-1.3978200665471148,-0.33435845957583377,-0.8924142895239002,2.443310467361195,-1.5769890066404906,0.7433201206231769,1.0,0.0,0
0.03039535381802745,0.8205684157180912,-0.11578656459060994,0.680218947312558,1.376199530456221,1.3481371430993179,0.0,0.0,0
-0.5189182693993349,-1.0615346403164538,-0.32288729123948734,-0.5053081092718703,0.6789189036417196,-0.6679195984878189,0.0,0.0,0
-0.6287809940428074,0.4783678600754472,-0.4782128362261454,-0.6269006278959142,0.9660344558594555,1.6505456543373884,1.0,1.0,0
-0.7386437186862799,-1.7245482168740773,1.333918521951532,-1.0828725727360788,-0.264460767930841,-0.7687224355671758,0.0,1.0,0
0.854365788644071,-0.5482338068524866,-0.37466247290170673,0.28504326178441525,0.18672081412560104,0.4409116093851064,1.0,0.0,0
1.5684734988266422,-0.31297092484816896,-0.32288729123948734,0.710617076968569,-0.8386918723663127,-0.26470825017039157,1.0,0.0,1
-0.7386437186862799,1.7402324090076986,-0.271112109577268,-0.32291933133580436,0.26875382904495415,-0.3655110872497484,0.0,1.0,0
0.19518944078323616,-0.24880832066517294,-0.1675617462528293,-0.20132681271176045,-0.7976753649066362,-0.6679195984878189,1.0,0.0,1
-0.1893300954689175,-2.002586168333726,0.09131416205826748,0.74101520662458,-1.7820715439388735,0.6425172835438201,0.0,0.0,0
1.513542136504906,-2.002586168333726,1.4892440669381901,1.4705703183688437,1.007050963319132,0.9449257947818905,0.0,0.0,1
-0.7935750810080161,0.07200470024980632,0.3501900703693643,-0.07973429408771651,-0.9617413947453424,-0.1639054130910347,1.0,0.0,0
-1.672476878155796,0.6494681378967688,-2.186793831079384,-1.7516314251683205,0.7199354111013961,-1.4743422951226737,1.0,0.0,0
-1.7274082404775322,0.41420525589245116,-1.6172668327949713,-0.1101324237437275,0.3097703365046307,0.23930593522639268,1.0,0.0,0
0.7994344263223347,0.20032990861579833,0.8679418869915578,1.8049497445849645,0.7609519185610727,0.4409116093851064,1.0,1.0,1
-1.5076827911905872,1.226931575543732,-0.5299880178883648,0.8930058549046349,0.5148528738030135,-0.3655110872497484,1.0,0.0,0
-0.6837123563645436,-0.5268462721248218,1.0750426136404352,0.28504326178441525,-1.1668239320437253,1.8521513284961022,1.0,0.0,0
-1.1780946172601698,0.9488936240840833,-0.1675617462528293,1.0145983735286788,1.6222985752142802,-1.6759479692813875,1.0,0.0,0
0.5247776147136536,-1.6389980779634163,0.2984148887071449,-0.07973429408771651,-0.264460767930841,-2.2807649917575286,0.0,0.0,0
1.6783362234701147,-0.8904343624951314,0.5572907970182417,1.1057927624967119,0.39180335142398376,-0.6679195984878189,0.0,0.0,0
-1.672476878155796,-1.8314858905124036,-1.6172668327949713,-1.6908351658562986,-1.6180055141001672,0.5417144464644632,0.0,0.0,0
-1.6175455158340597,-0.24880832066517294,-1.565491651132752,-0.4445118499598483,-1.6180055141001672,-1.1719337838846031,1.0,0.0,0
-0.5189182693993349,-0.013545438660854517,0.09131416205826748,1.0145983735286788,0.1457043066659245,-1.0711309468052463,1.0,0.0,1
1.2388853248962246,0.1361673044328023,1.0750426136404352,0.011460094880316431,0.55586938126269,0.9449257947818905,0.0,0.0,0
-1.1231632549384336,0.0933922349774719,-1.7725923777816293,-1.204465091360123,-1.1668239320437253,0.34010877230574954,1.0,0.0,0
-0.6837123563645436,-0.9332094319504619,-0.7888639261994616,-0.38371559064782634,-1.7820715439388735,0.34010877230574954,1.0,0.0,0
-1.5076827911905872,-0.16325818175451134,-0.42643765456392607,-0.839687535487991,-1.7820715439388735,0.6425172835438201,0.0,1.0,0
0.2501208031049724,-1.5106728695974243,0.4019652520315836,0.3762376507524482,0.7199354111013961,-0.46631392432910523,0.0,0.0,0
0.30505216542670865,1.4194193880927193,0.6090659786804611,0.04185822453632741,0.10468779920624793,-0.3655110872497484,0.0,0.0,0
-0.13439873314718126,-0.2915833901205034,0.19486452538270618,1.4705703183688437,-0.5925928276082534,0.7433201206231769,1.0,0.0,0
-1.2879573419036423,-0.4626836679418258,0.24663970704492555,-1.7820295548243315,0.55586938126269,-1.4743422951226737,0.0,1.0,0
0.0853267161397637,1.6546822700970378,0.24663970704492555,1.5617647073368766,-0.30547727539051756,-2.179962154678172,0.0,0.0,0
1.1290226002527521,-1.2540224528654411,0.5055156153560223,-0.4749099796158593,-0.715642349987283,-0.3655110872497484,0.0,0.0,0
0.634640339357126,-1.125697244499449,-0.21933692791504864,-1.5996407768882657,-0.9207248872856658,0.9449257947818905,0.0,0.0,0
0.14025807846149993,-1.1043097097717842,0.24663970704492555,0.04185822453632741,1.0480674707788087,0.23930593522639268,0.0,1.0,0
1.074091237931016,-0.034932973388520104,-0.995964652848339,0.22424700247239332,2.0324636498110458,0.8441229577025338,1.0,0.0,0
1.4036794118614333,0.4783678600754472,0.8679418869915578,-0.32291933133580436,1.2531500080771913,-1.978356480519458,1.0,0.0,0
-0.5738496317210712,0.7991808809904264,-0.5817631995505841,-1.5996407768882657,0.8019684260207492,0.23930593522639268,0.0,0.0,0
0.634640339357126,2.659896402297305,-0.5299880178883648,0.832209595592613,0.8429849334804258,0.6425172835438201,0.0,0.0,1
-0.4639869070775987,-2.002586168333726,-0.995964652848339,0.28504326178441525,1.1301004856981618,-1.373539458043317,0.0,1.0,0
-0.8485064433297523,0.6494681378967688,-0.01223620126617123,0.34583952109643723,0.1457043066659245,0.7433201206231769,1.0,0.0,0
-1.233025979581906,-0.5482338068524866,-0.7370887445372422,-0.5661043685838922,-0.018361723172781723,-0.26470825017039157,1.0,0.0,0
-0.13439873314718126,-0.5696213415801522,-0.01223620126617123,0.28504326178441525,-0.5105598126889004,3.061785373448384,0.0,0.0,0
1.2938166872179608,-0.6123964110354826,1.1268177953026546,0.4066357804084592,-0.22344426047116447,-2.179962154678172,0.0,0.0,0
1.4586107741831695,-0.9118218972227963,1.0750426136404352,-0.8700856651440021,1.5402655602949271,1.4489399801786749,0.0,0.0,0
0.7445030640005985,1.7616199437353641,1.4374688852759707,-0.5965024982399032,1.458232545375574,-0.3655110872497484,0.0,0.0,1
-0.5189182693993349,0.8847310199010873,-0.271112109577268,-0.20132681271176045,1.458232545375574,-1.6759479692813875,0.0,0.0,0
-0.024536008503708785,0.05061716552214149,-1.0995150161727776,-0.1405305533997385,0.1457043066659245,-0.5671167614084621,0.0,1.0,0
-0.8485064433297523,1.4194193880927193,0.5572907970182417,0.74101520662458,-0.4695433052292238,0.23930593522639268,0.0,0.0,0
0.9642285132875436,-1.53206040432509,0.9197170686537771,0.7714133362805909,-0.6746258425276065,1.0457286318612475,0.0,1.0,1
1.0191598756092797,-1.3395725917761019,0.2984148887071449,0.710617076968569,-0.018361723172781723,1.7513484914167454,0.0,1.0,0
-0.8485064433297523,-2.002586168333726,-1.5137164694705325,-1.022076313424057,-1.2898734544227548,1.3481371430993179,1.0,1.0,0
-1.0133005302949611,-0.6979465499461435,-0.42643765456392607,-1.8124276844803424,-1.7820715439388735,-1.0711309468052463,1.0,0.0,0
-1.2879573419036423,0.20032990861579833,-0.995964652848339,-0.1101324237437275,0.6379023961820431,1.0457286318612475,0.0,0.0,0
0.4149148900701811,0.1361673044328023,1.4374688852759707,0.710617076968569,-0.38751029030987066,0.34010877230574954,1.0,0.0,1
-1.672476878155796,0.17894237388813272,-1.4619412878083131,-2.572380925880617,-0.4695433052292238,-0.7687224355671758,1.0,1.0,0
0.6895717016788623,-1.4251227306867635,-0.11578656459060994,-0.7484931465199581,0.022654784286894828,-0.1639054130910347,1.0,0.0,0
-0.4090555447558625,0.8633434851734216,0.3501900703693643,-0.5965024982399032,-0.38751029030987066,-0.7687224355671758,1.0,0.0,0
0.3599835277484449,0.2858800475264592,0.9197170686537771,0.34583952109643723,1.458232545375574,0.03770026106767898,1.0,0.0,0
-1.2879573419036423,0.7777933462627609,-0.7888639261994616,-1.0828725727360788,-1.1668239320437253,-0.8695252726465327,1.0,1.0,0
1.1839539625744884,-1.9170360294230653,1.333918521951532,0.07225635419233839,0.18672081412560104,-0.9703281097258895,0.0,1.0,1
-0.5738496317210712,0.35004265170945514,-0.42643765456392607,-0.3533174609918154,0.06367129174657138,0.4409116093851064,1.0,1.0,0
0.5797089770353898,-1.1898598486824452,0.5572907970182417,-0.1405305533997385,-0.30547727539051756,0.6425172835438201,1.0,0.0,0
0.7445030640005985,-0.3771335290311642,1.3856937036137513,-0.4141137203038373,-1.2078404395034017,-0.1639054130910347,1.0,0.0,1
-1.5626141535123235,0.5853055337137736,-0.6335383812128035,-1.0828725727360788,0.4328198588836603,1.247334306019961,0.0,0.0,0
-0.3541241824341262,0.11477976970513673,-0.37466247290170673,-1.0828725727360788,0.47383636634333687,-0.3655110872497484,1.0,0.0,0
1.4036794118614333,-0.847659293039801,1.9552207018981642,0.7714133362805909,-0.5925928276082534,-0.26470825017039157,0.0,0.0,0
-0.1893300954689175,0.029229630794475898,-1.876142741106068,0.46743203972048114,0.47383636634333687,0.6425172835438201,0.0,0.0,0
0.6895717016788623,-1.553447939052755,1.9552207018981642,-0.7180950168639472,0.10468779920624793,-0.1639054130910347,0.0,0.0,0
0.0853267161397637,1.2055440408160665,-1.2030653794972164,1.6833572259609204,-0.6746258425276065,0.03770026106767898,1.0,1.0,0
-0.5189182693993349,-0.18464571648217695,-0.840639107861681,-0.5357062389278813,-1.1668239320437253,-2.2807649917575286,0.0,0.0,0
0.2501208031049724,1.184156506088401,0.14308934372048684,1.7745516149289533,1.5812820677546038,0.03770026106767898,1.0,0.0,0
-1.1780946172601698,-0.5054587373971562,-0.9441894711861196,-1.174066961704112,-0.4695433052292238,-1.978356480519458,0.0,1.0,0
-1.452751428868851,-0.5054587373971562,-0.32288729123948734,-2.541982796224606,-1.371906469342108,-1.373539458043317,0.0,0.0,0
-0.7935750810080161,-0.7621091541291395,-1.3583909244838746,-0.1101324237437275,-1.4949559917211375,-1.4743422951226737,1.0,0.0,0
-0.6287809940428074,0.9275060893564177,-0.271112109577268,0.19384887281638233,-0.3464937828501941,-1.0711309468052463,1.0,0.0,0
0.5247776147136536,-0.6979465499461435,-0.06401138292839058,0.10265448384834938,-0.6746258425276065,-0.5671167614084621,1.0,0.0,0
0.19518944078323616,0.6922432073521,0.3501900703693643,-0.3533174609918154,-0.4695433052292238,-0.46631392432910523,0.0,0.0,0
0.46984625239191735,-0.35574599430349935,0.2984148887071449,0.10265448384834938,-1.7000385290195204,0.6425172835438201,1.0,1.0,0
0.30505216542670865,-2.002586168333726,0.2984148887071449,-0.7484931465199581,0.6789189036417196,0.23930593522639268,0.0,1.0,0
0.0853267161397637,-0.5482338068524866,-0.32288729123948734,-0.3533174609918154,0.5148528738030135,-1.978356480519458,1.0,0.0,0
-0.8485064433297523,-1.1898598486824452,-0.995964652848339,0.16345074316037134,-1.7820715439388735,0.03770026106767898,0.0,0.0,0
0.2501208031049724,0.07200470024980632,0.4019652520315836,0.31544139144042627,0.1457043066659245,0.34010877230574954,0.0,1.0,0
-0.4090555447558625,-1.1898598486824452,0.4019652520315836,0.13305261350436037,-1.4129229768017844,-0.3655110872497484,0.0,0.0,0
0.30505216542670865,0.970281158811748,-0.21933692791504864,0.13305261350436037,0.22773732158527757,-0.06310257601167786,0.0,0.0,0
1.4036794118614333,-0.056320508116184935,0.3501900703693643,0.28504326178441525,0.022654784286894828,0.23930593522639268,1.0,1.0,0
-1.1231632549384336,-0.16325818175451134,-0.37466247290170673,-1.5388445175762437,-0.9617413947453424,0.6425172835438201,1.0,0.0,0
-0.5189182693993349,0.6922432073521,-0.37466247290170673,-0.38371559064782634,1.8683976199723396,-1.6759479692813875,0.0,0.0,0
1.1290226002527521,1.0130562282670792,1.3856937036137513,-2.3291958886325292,0.35078684396430726,-0.26470825017039157,1.0,0.0,0
0.5247776147136536,0.00784209606681031,-0.271112109577268,-0.2925212016797934,-0.6746258425276065,1.5497428172580316,1.0,0.0,0
-0.5738496317210712,-0.7621091541291395,-1.7208171961194099,-0.4749099796158593,-1.3308899618824312,1.3481371430993179,1.0,1.0,0
-0.6287809940428074,-1.7887108210570732,-0.840639107861681,-0.1101324237437275,0.26875382904495415,0.7433201206231769,1.0,0.0,0
-0.29919282011238996,-0.6765590152184786,-0.7888639261994616,-0.5053081092718703,-1.7820715439388735,0.4409116093851064,1.0,0.0,0
1.348748049539697,-0.6123964110354826,0.8679418869915578,0.7714133362805909,-0.6336093350679299,1.7513484914167454,0.0,0.0,0
-0.07946737082544503,0.1361673044328023,-0.5299880178883648,-1.9644183327603975,1.212133500617515,1.8521513284961022,1.0,1.0,0
-1.452751428868851,-0.33435845957583377,-0.4782128362261454,-0.7180950168639472,-0.5515763201485769,-0.26470825017039157,0.0,0.0,0
-0.29919282011238996,0.7350182768074304,-0.42643765456392607,-1.4780482582642216,0.3097703365046307,-1.0711309468052463,1.0,0.0,0
0.4149148900701811,-0.5910088763078171,0.4019652520315836,-1.0524744430800679,1.663315082673957,-0.26470825017039157,0.0,0.0,0
0.0853267161397637,-0.034932973388520104,0.14308934372048684,-0.1405305533997385,0.10468779920624793,3.061785373448384,1.0,0.0,0
-1.1231632549384336,1.2483191102713969,-0.6853135628750229,0.9842002438726679,-0.5515763201485769,-1.6759479692813875,0.0,0.0,0
0.6895717016788623,0.3714301864371207,0.45374043369380296,0.710617076968569,0.022654784286894828,-0.46631392432910523,0.0,1.0,0
1.348748049539697,-0.034932973388520104,1.333918521951532,0.589024558344525,-0.715642349987283,-1.373539458043317,1.0,0.0,1
1.1290226002527521,-0.5910088763078171,0.19486452538270618,0.34583952109643723,1.1301004856981618,0.13850309814703582,0.0,0.0,1
-1.3978200665471148,-0.6123964110354826,0.039538980396048126,-1.3564557396401777,-0.3464937828501941,-1.373539458043317,0.0,1.0,0
-1.233025979581906,-0.847659293039801,-1.0477398345105584,-1.174066961704112,0.1457043066659245,-0.1639054130910347,0.0,1.0,0
0.6895717016788623,-0.5268462721248218,-0.4782128362261454,0.589024558344525,0.9660344558594555,-1.978356480519458,0.0,1.0,0
-0.8485064433297523,0.7991808809904264,-0.4782128362261454,-1.4172519989521997,-0.38751029030987066,0.5417144464644632,1.0,1.0,1
-0.3541241824341262,-0.20603325120984253,-0.8924142895239002,0.3762376507524482,-1.1668239320437253,1.1465314689406043,0.0,0.0,0
-0.6287809940428074,-1.3609601265037676,0.039538980396048126,-0.9004837948000131,-0.715642349987283,-0.46631392432910523,1.0,1.0,0
-0.24426145779065372,1.8471700826460251,1.4374688852759707,1.075394632840701,-0.10039473809213482,-0.1639054130910347,1.0,0.0,1
1.6234048611483785,0.35004265170945514,0.5572907970182417,1.6529590963049094,0.7609519185610727,-0.06310257601167786,0.0,0.0,1
1.4036794118614333,-1.4251227306867635,1.2303681586270934,-1.2348632210161339,1.0480674707788087,0.23930593522639268,1.0,0.0,0
0.7445030640005985,-0.41990859848649537,-0.7370887445372422,-0.2925212016797934,-0.22344426047116447,-0.06310257601167786,0.0,0.0,0
-1.672476878155796,0.1361673044328023,-0.840639107861681,-1.4172519989521997,-0.4695433052292238,0.6425172835438201,0.0,0.0,0
1.513542136504906,1.7830074784630299,0.4019652520315836,-0.6269006278959142,1.1711169931578382,1.247334306019961,0.0,0.0,1
1.1839539625744884,-1.1043097097717842,0.4019652520315836,-0.6572987575519251,0.6789189036417196,-0.7687224355671758,0.0,1.0,0
0.5797089770353898,1.034443762994744,-0.37466247290170673,2.716893634265294,-0.018361723172781723,-0.26470825017039157,1.0,0.0,0
-1.7274082404775322,1.4621944575480506,-0.6853135628750229,0.16345074316037134,-1.7820715439388735,0.7433201206231769,1.0,0.0,0
1.0191598756092797,-0.6123964110354826,1.4374688852759707,2.048134781833052,0.35078684396430726,-1.373539458043317,1.0,1.0,0
1.1290226002527521,-0.24880832066517294,0.8161667053293384,1.1969871514647448,1.0480674707788087,-1.978356480519458,1.0,0.0,1
0.19518944078323616,-1.0401471055887883,-0.4782128362261454,-0.8092894058319801,0.022654784286894828,0.23930593522639268,1.0,0.0,0
1.0191598756092797,-0.18464571648217695,1.8516703385737256,0.04185822453632741,-0.4285267977695472,0.5417144464644632,1.0,1.0,1
-0.3541241824341262,-0.013545438660854517,-0.7888639261994616,0.4066357804084592,-1.2488569469630781,-0.7687224355671758,0.0,0.0,0
-0.1893300954689175,0.7136307420797648,-1.7208171961194099,0.49783016937649216,0.5968858887223666,-0.6679195984878189,0.0,0.0,0
-0.6287809940428074,1.1413814366330706,-0.11578656459060994,-0.5357062389278813,0.35078684396430726,-0.8695252726465327,1.0,0.0,0
-1.1780946172601698,-0.7407216194014746,-1.6172668327949713,-1.9948164624164084,-0.9617413947453424,-0.9703281097258895,0.0,0.0,0
0.4149148900701811,-1.9811986336060605,1.0232674319782158,2.7776898935773158,1.3351830229965445,0.6425172835438201,1.0,0.0,1
-1.1780946172601698,0.00784209606681031,-1.0995150161727776,-0.5965024982399032,-1.371906469342108,-1.2727366209639601,1.0,1.0,0
0.19518944078323616,0.32865511698178956,0.5572907970182417,-0.1405305533997385,1.7043315901336333,-0.26470825017039157,0.0,0.0,0
0.9092971509658072,0.2858800475264592,1.644569611924848,0.5586264286885141,0.35078684396430726,-0.8695252726465327,0.0,0.0,1
1.4586107741831695,-0.31297092484816896,0.14308934372048684,0.34583952109643723,-1.4129229768017844,-1.373539458043317,0.0,0.0,0
0.3599835277484449,0.15755483916046792,-0.1675617462528293,0.31544139144042627,-0.05937823063245827,0.8441229577025338,1.0,1.0,0
0.4149148900701811,1.590519665914041,0.24663970704492555,1.7137553556169314,1.663315082673957,-0.5671167614084621,0.0,1.0,1
0.14025807846149993,0.41420525589245116,1.2303681586270934,0.04185822453632741,-0.18242775301148792,0.13850309814703582,0.0,0.0,1
1.1839539625744884,-0.35574599430349935,0.3501900703693643,-0.6269006278959142,-1.2078404395034017,-1.4743422951226737,0.0,0.0,0
0.0853267161397637,-0.4840712026694906,-0.37466247290170673,-0.20132681271176045,-0.4695433052292238,-0.7687224355671758,0.0,0.0,0
1.2388853248962246,-0.1418706470268465,1.2303681586270934,0.07225635419233839,-0.5515763201485769,0.8441229577025338,0.0,0.0,0
0.7994344263223347,1.718844874280033,0.14308934372048684,2.0177366521770415,1.4172160379158976,2.658574025130957,0.0,0.0,1
-0.4639869070775987,-0.16325818175451134,-0.21933692791504864,0.862607725248624,0.35078684396430726,-2.0791593175988146,0.0,1.0,0
1.1839539625744884,0.00784209606681031,-0.271112109577268,0.6194226880005361,-0.6746258425276065,-0.1639054130910347,0.0,1.0,1
-0.5738496317210712,-0.4626836679418258,1.178592976964874,-1.4780482582642216,-1.1668239320437253,0.34010877230574954,0.0,0.0,0
-1.5076827911905872,1.162768971360736,-2.0314682860927262,-1.4780482582642216,0.6379023961820431,-0.7687224355671758,1.0,0.0,0
1.2938166872179608,2.0396578951950124,0.6608411603426804,1.0145983735286788,0.5148528738030135,0.8441229577025338,0.0,0.0,1
0.03039535381802745,0.499755394803112,-0.01223620126617123,0.4370339100644702,-0.8386918723663127,-0.8695252726465327,1.0,0.0,0
1.4036794118614333,0.11477976970513673,2.369422155195919,0.28504326178441525,-0.6336093350679299,0.23930593522639268,1.0,0.0,1
0.19518944078323616,0.07200470024980632,-0.840639107861681,-0.32291933133580436,0.3097703365046307,-0.5671167614084621,0.0,1.0,0
0.7994344263223347,-2.002586168333726,2.006995883560384,-0.6269006278959142,0.10468779920624793,1.247334306019961,0.0,1.0,0
-0.6837123563645436,0.7991808809904264,0.039538980396048126,-0.1101324237437275,-0.5925928276082534,-0.7687224355671758,0.0,0.0,1
-0.7386437186862799,0.15755483916046792,-0.21933692791504864,-2.4203902776005624,-0.264460767930841,-0.46631392432910523,1.0,0.0,0
0.14025807846149993,0.4783678600754472,-0.6335383812128035,-0.839687535487991,1.5402655602949271,0.9449257947818905,0.0,1.0,0
1.074091237931016,-0.6979465499461435,1.178592976964874,-0.26212307202378243,-0.9617413947453424,-0.9703281097258895,1.0,1.0,0
0.5797089770353898,-0.35574599430349935,-0.11578656459060994,1.2881815404327777,-1.7820715439388735,0.03770026106767898,0.0,0.0,0
-0.8485064433297523,-0.3985210637588298,0.2984148887071449,-1.174066961704112,-0.18242775301148792,-1.877553643440101,0.0,1.0,0
1.6234048611483785,1.0772188324500744,0.45374043369380296,1.075394632840701,0.8429849334804258,-1.0711309468052463,0.0,0.0,1
1.4586107741831695,-0.35574599430349935,0.9197170686537771,0.74101520662458,-0.4285267977695472,0.4409116093851064,0.0,1.0,1
0.6895717016788623,2.167983103561004,0.09131416205826748,1.9569403928650193,1.74534809759331,-0.9703281097258895,0.0,0.0,1
0.5797089770353898,0.4783678600754472,-0.32288729123948734,1.5009684480248546,1.0480674707788087,-0.5671167614084621,0.0,0.0,1
0.0853267161397637,-1.2754099875931066,0.6090659786804611,-0.26212307202378243,-1.7820715439388735,0.4409116093851064,1.0,1.0,0
-1.2879573419036423,-0.0990955775715161,-0.5299880178883648,-0.961280054112035,-1.1668239320437253,-0.6679195984878189,1.0,0.0,0
-0.3541241824341262,-0.6337839457631482,0.6090659786804611,-0.8700856651440021,1.5402655602949271,0.7433201206231769,0.0,0.0,0
-1.672476878155796,-2.002586168333726,-2.186793831079384,-1.3260576099841668,-0.5105598126889004,0.13850309814703582,0.0,0.0,0
1.1290226002527521,1.6760698048247034,1.5410192486004095,0.4370339100644702,1.663315082673957,0.4409116093851064,1.0,0.0,1
-1.2879573419036423,0.7564058115350952,0.9197170686537771,0.13305261350436037,0.8840014409401024,1.1465314689406043,0.0,0.0,0
-1.2879573419036423,0.5853055337137736,-1.2548405611594358,-0.018938034775694553,-0.264460767930841,0.23930593522639268,1.0,0.0,0
0.4149148900701811,0.20032990861579833,1.644569611924848,0.7714133362805909,0.8429849334804258,1.5497428172580316,1.0,0.0,0
-0.8485064433297523,-1.3823476612314332,-0.7888639261994616,0.5282282990325031,-0.10039473809213482,0.8441229577025338,0.0,0.0,0
-1.7274082404775322,-0.4626836679418258,-2.186793831079384,0.8930058549046349,-0.4285267977695472,-0.6679195984878189,0.0,0.0,0
-0.4090555447558625,0.8847310199010873,-0.5299880178883648,0.13305261350436037,-0.10039473809213482,1.247334306019961,0.0,0.0,0
1.5684734988266422,-1.0401471055887883,1.8516703385737256,1.4401721887128327,0.22773732158527757,0.34010877230574954,1.0,1.0,1
0.5797089770353898,-2.002586168333726,-0.21933692791504864,-0.5053081092718703,-0.7976753649066362,-0.3655110872497484,1.0,1.0,0
0.4149148900701811,-0.20603325120984253,-0.1675617462528293,1.2273852811207557,-0.05937823063245827,0.23930593522639268,0.0,1.0,0
0.5247776147136536,-0.12048311229918093,0.8161667053293384,1.1665890218087338,-1.0437744096646955,1.1465314689406043,0.0,0.0,0
-0.4090555447558625,0.17894237388813272,-0.271112109577268,0.801811465936602,-0.8797083798259893,0.4409116093851064,1.0,0.0,0
0.3599835277484449,0.7777933462627609,0.6608411603426804,0.4066357804084592,0.10468779920624793,1.8521513284961022,0.0,0.0,1
0.14025807846149993,0.6922432073521,0.24663970704492555,-0.38371559064782634,-0.5925928276082534,1.0457286318612475,1.0,1.0,0
-1.6175455158340597,0.2858800475264592,-0.7888639261994616,-1.8732239437923646,-0.9617413947453424,0.4409116093851064,0.0,1.0,0
0.9642285132875436,1.2483191102713969,0.3501900703693643,0.6498208176565471,0.6789189036417196,-0.9703281097258895,0.0,0.0,1
0.2501208031049724,-1.53206040432509,0.3501900703693643,1.1969871514647448,-0.018361723172781723,-0.1639054130910347,1.0,0.0,0
0.634640339357126,0.5425304642584424,-0.21933692791504864,0.10265448384834938,1.212133500617515,0.03770026106767898,1.0,1.0,1
0.634640339357126,0.6708556726244345,1.3856937036137513,1.1361908921527228,-0.018361723172781723,0.7433201206231769,0.0,0.0,1
1.0191598756092797,-1.2326349181377756,0.24663970704492555,0.9538021142166568,1.0890839782384851,0.6425172835438201,0.0,0.0,0
-0.13439873314718126,-1.5106728695974243,0.7126163420048998,-0.6269006278959142,0.35078684396430726,0.13850309814703582,0.0,0.0,0
0.30505216542670865,-0.7407216194014746,0.039538980396048126,1.1969871514647448,0.10468779920624793,0.13850309814703582,0.0,0.0,0
0.0853267161397637,-0.6551714804908131,0.19486452538270618,-2.572380925880617,-0.264460767930841,0.7433201206231769,0.0,0.0,0
-1.1231632549384336,0.7991808809904264,-1.151290197834997,-1.3868538692961887,0.18672081412560104,-0.9703281097258895,0.0,0.0,0
-0.7386437186862799,-0.5910088763078171,-1.2548405611594358,-1.2652613506721448,0.4328198588836603,1.6505456543373884,0.0,1.0,0
0.2501208031049724,-0.847659293039801,-1.0995150161727776,-0.8092894058319801,0.7199354111013961,-2.0791593175988146,1.0,0.0,0
0.634640339357126,-0.5910088763078171,-0.32288729123948734,0.46743203972048114,1.007050963319132,1.4489399801786749,1.0,0.0,1
1.4586107741831695,1.184156506088401,0.764391523667119,1.1361908921527228,0.9660344558594555,0.03770026106767898,1.0,0.0,1
1.4586107741831695,0.05061716552214149,1.178592976964874,0.9842002438726679,0.8840014409401024,1.0457286318612475,0.0,0.0,1
0.9092971509658072,-0.16325818175451134,1.3856937036137513,0.8930058549046349,1.3351830229965445,0.34010877230574954,1.0,0.0,0
1.5684734988266422,-0.07770804284385052,0.764391523667119,-0.23172494236777144,-0.18242775301148792,0.4409116093851064,0.0,0.0,0
-0.8485064433297523,1.3552567839097234,-1.2548405611594358,-1.143668832048101,-0.018361723172781723,0.4409116093851064,0.0,0.0,0
-1.233025979581906,-0.7407216194014746,-1.9279179227682874,-0.2925212016797934,-0.8386918723663127,0.7433201206231769,0.0,0.0,0
1.348748049539697,1.376644318637389,1.2821433402893125,0.28504326178441525,1.827381112512663,-0.26470825017039157,1.0,0.0,1
1.2388853248962246,0.24310497807112874,1.8516703385737256,-0.839687535487991,1.2531500080771913,1.0457286318612475,1.0,0.0,0
0.9092971509658072,-0.1418706470268465,1.5410192486004095,1.2577834107767667,-0.10039473809213482,-1.0711309468052463,1.0,1.0,1
0.7994344263223347,2.59573379811431,1.0750426136404352,2.169727300457096,0.022654784286894828,0.03770026106767898,1.0,0.0,1
-1.1231632549384336,-1.0615346403164538,-0.32288729123948734,0.74101520662458,-0.6336093350679299,0.7433201206231769,1.0,1.0,0
1.6234048611483785,-0.33435845957583377,2.369422155195919,0.801811465936602,-0.5515763201485769,1.0457286318612475,0.0,1.0,1
-0.9034378056514886,-1.2326349181377756,-0.42643765456392607,-0.049336164431705534,-1.7820715439388735,0.34010877230574954,0.0,1.0,0
-0.4639869070775987,1.0130562282670792,0.14308934372048684,1.2881815404327777,-0.9207248872856658,-0.46631392432910523,0.0,1.0,0
-0.7386437186862799,1.7616199437353641,-0.7370887445372422,-0.5053081092718703,0.7609519185610727,0.8441229577025338,0.0,0.0,0
-1.3428887042253785,1.7402324090076986,-1.9279179227682874,0.832209595592613,1.4992490528352507,-0.7687224355671758,1.0,0.0,0
-0.07946737082544503,1.2910941797267272,-0.5817631995505841,0.49783016937649216,0.5148528738030135,1.7513484914167454,0.0,1.0,0
-0.6287809940428074,-0.16325818175451134,-0.4782128362261454,0.5586264286885141,-0.22344426047116447,-0.1639054130910347,0.0,0.0,0
-0.8485064433297523,-0.35574599430349935,-0.5817631995505841,-0.23172494236777144,0.5148528738030135,-1.6759479692813875,1.0,1.0,0
-0.5189182693993349,-1.6817731474187467,1.0232674319782158,0.6194226880005361,-1.7820715439388735,-1.2727366209639601,0.0,0.0,0
0.2501208031049724,2.125208034105673,0.24663970704492555,0.7714133362805909,1.458232545375574,0.03770026106767898,1.0,0.0,1
1.1839539625744884,0.5211429295307776,1.6963447935870675,-0.7484931465199581,0.5148528738030135,0.13850309814703582,0.0,0.0,0
-0.9034378056514886,-0.4840712026694906,-0.9441894711861196,0.862607725248624,-0.14141124555181137,1.8521513284961022,0.0,1.0,1
-1.452751428868851,1.3980318533650538,-1.2548405611594358,-1.143668832048101,-0.38751029030987066,-1.1719337838846031,1.0,0.0,0
-1.3428887042253785,-0.9759845014057923,-1.9279179227682874,0.4066357804084592,-1.6590220215598437,-0.06310257601167786,0.0,1.0,0
-0.4090555447558625,0.4569803253477816,-0.840639107861681,-0.1405305533997385,0.10468779920624793,-1.1719337838846031,0.0,0.0,0
-0.7935750810080161,-0.1418706470268465,-0.1675617462528293,0.74101520662458,1.0480674707788087,-0.5671167614084621,0.0,0.0,0
-0.4090555447558625,0.6922432073521,-0.271112109577268,1.0145983735286788,0.8429849334804258,1.6505456543373884,1.0,0.0,0
-1.1231632549384336,-0.034932973388520104,-0.11578656459060994,-0.07973429408771651,-0.9617413947453424,-1.2727366209639601,0.0,0.0,0
-0.9583691679732248,-1.467897800142094,-0.5299880178883648,-0.23172494236777144,-1.7820715439388735,0.5417144464644632,1.0,0.0,0
1.4586107741831695,0.11477976970513673,0.764391523667119,1.0449965031846897,-1.0847909171243721,0.4409116093851064,1.0,0.0,0
-0.3541241824341262,1.0986063671777402,1.2821433402893125,-1.7212332955123095,1.4992490528352507,-0.06310257601167786,1.0,0.0,1
0.46984625239191735,0.00784209606681031,0.24663970704492555,0.31544139144042627,-0.7976753649066362,0.5417144464644632,0.0,1.0,0
0.6895717016788623,0.8205684157180912,1.333918521951532,-0.5357062389278813,0.22773732158527757,-1.1719337838846031,0.0,0.0,0
-0.3541241824341262,-1.0401471055887883,-0.5299880178883648,-0.20132681271176045,0.5968858887223666,1.6505456543373884,0.0,1.0,0
0.7994344263223347,0.00784209606681031,1.0750426136404352,-0.6876968872079362,-1.2898734544227548,1.952954165575459,0.0,1.0,1
-0.024536008503708785,-0.6123964110354826,0.6608411603426804,-1.204465091360123,0.9250179483997789,0.03770026106767898,1.0,1.0,0
-1.233025979581906,0.7991808809904264,-0.7370887445372422,1.1361908921527228,-0.38751029030987066,2.3561655138928863,1.0,0.0,0
-0.9034378056514886,0.07200470024980632,-2.186793831079384,0.6194226880005361,-1.4129229768017844,-0.46631392432910523,1.0,0.0,0
-1.3978200665471148,0.7350182768074304,-0.995964652848339,-0.4141137203038373,-0.4695433052292238,0.34010877230574954,1.0,1.0,0
-0.8485064433297523,1.1413814366330706,0.2984148887071449,0.07225635419233839,-0.5105598126889004,1.3481371430993179,1.0,0.0,0
-0.5189182693993349,0.7350182768074304,-0.01223620126617123,-0.26212307202378243,0.47383636634333687,-0.5671167614084621,1.0,0.0,0
-0.3541241824341262,0.30726758225412476,0.039538980396048126,0.46743203972048114,-0.6746258425276065,-1.4743422951226737,1.0,0.0,0
-0.6287809940428074,-0.9973720361334579,-1.7208171961194099,-1.0828725727360788,-1.7820715439388735,-1.6759479692813875,1.0,0.0,0
-0.5738496317210712,0.029229630794475898,-0.9441894711861196,0.680218947312558,-0.5105598126889004,2.053757002654816,1.0,0.0,0
1.4036794118614333,-0.5268462721248218,1.2821433402893125,0.2546451321284043,-1.1258074245840486,-0.46631392432910523,1.0,0.0,1
-1.3978200665471148,-0.33435845957583377,-0.6853135628750229,-1.022076313424057,-0.5515763201485769,-0.26470825017039157,0.0,1.0,0
-1.0133005302949611,-0.35574599430349935,0.14308934372048684,-0.4749099796158593,-1.7000385290195204,-1.1719337838846031,0.0,0.0,0
-0.9583691679732248,-0.9759845014057923,-0.7888639261994616,-1.143668832048101,-1.2078404395034017,0.8441229577025338,0.0,0.0,0
1.1290226002527521,-1.9811986336060605,1.0750426136404352,0.3762376507524482,0.10468779920624793,-0.7687224355671758,1.0,1.0,0
-1.3978200665471148,-0.6551714804908131,-0.995964652848339,-1.204465091360123,-1.0847909171243721,-0.5671167614084621,1.0,0.0,0
-1.2879573419036423,0.22171744334346316,-1.6172668327949713,-0.049336164431705534,-0.22344426047116447,0.23930593522639268,0.0,0.0,0
1.0191598756092797,-1.3609601265037676,-0.9441894711861196,1.2577834107767667,0.5148528738030135,-1.0711309468052463,1.0,1.0,0
0.854365788644071,0.05061716552214149,0.9197170686537771,-0.26212307202378243,-0.8386918723663127,-0.1639054130910347,1.0,1.0,0
-1.3428887042253785,1.975495291012017,-0.840639107861681,-0.23172494236777144,0.3097703365046307,1.3481371430993179,1.0,0.0,0
0.9642285132875436,1.0772188324500744,0.24663970704492555,1.075394632840701,-1.7820715439388735,0.4409116093851064,1.0,0.0,0
1.4586107741831695,1.718844874280033,-0.1675617462528293,0.589024558344525,1.4172160379158976,0.13850309814703582,1.0,0.0,0
-0.5189182693993349,0.43559279062011597,0.09131416205826748,0.31544139144042627,-0.3464937828501941,0.13850309814703582,1.0,0.0,0
-0.1893300954689175,1.226931575543732,-0.32288729123948734,0.710617076968569,-0.4695433052292238,-0.46631392432910523,0.0,0.0,0
-0.7935750810080161,-0.719334084673809,-0.1675617462528293,0.5282282990325031,-0.4285267977695472,1.952954165575459,1.0,0.0,0
-0.07946737082544503,-0.6337839457631482,1.2821433402893125,-0.7180950168639472,0.5968858887223666,-0.8695252726465327,1.0,1.0,0
-0.13439873314718126,-2.002586168333726,-1.6690420144571907,-1.3260576099841668,-0.9207248872856658,0.13850309814703582,0.0,1.0,0
1.074091237931016,1.2483191102713969,0.24663970704492555,0.4370339100644702,-0.018361723172781723,0.13850309814703582,1.0,0.0,1
0.3599835277484449,1.6119072006417066,0.09131416205826748,-0.38371559064782634,0.9250179483997789,1.0457286318612475,1.0,0.0,1
0.14025807846149993,-0.5482338068524866,1.1268177953026546,0.46743203972048114,-1.5359724991808141,1.0457286318612475,0.0,0.0,0
-0.7935750810080161,-0.22742078593750736,-1.7725923777816293,-1.4172519989521997,-1.0847909171243721,-0.06310257601167786,1.0,0.0,0
1.4586107741831695,-0.7407216194014746,2.4211973368581385,2.59530111564125,1.1301004856981618,0.34010877230574954,1.0,1.0,1
0.5247776147136536,0.41420525589245116,0.45374043369380296,1.5009684480248546,0.3097703365046307,0.34010877230574954,1.0,0.0,1
0.3599835277484449,1.184156506088401,0.19486452538270618,0.4370339100644702,-1.1258074245840486,-2.2807649917575286,1.0,0.0,0
-0.8485064433297523,-1.7673232863294077,-0.7370887445372422,0.07225635419233839,-1.7820715439388735,-1.6759479692813875,0.0,0.0,0
-1.0133005302949611,0.4569803253477816,-1.0477398345105584,-1.8124276844803424,-0.10039473809213482,-0.6679195984878189,0.0,0.0,0
-0.07946737082544503,-0.24880832066517294,0.7126163420048998,2.230523559769118,0.5148528738030135,-0.5671167614084621,1.0,0.0,0
-0.4639869070775987,0.1361673044328023,-1.0995150161727776,-0.6876968872079362,-1.6590220215598437,-1.2727366209639601,0.0,0.0,0
0.14025807846149993,0.499755394803112,0.3501900703693643,0.07225635419233839,0.5968858887223666,0.7433201206231769,1.0,0.0,1
0.634640339357126,-0.16325818175451134,0.14308934372048684,-1.4476501286082106,1.212133500617515,0.03770026106767898,1.0,1.0,0
1.513542136504906,-0.07770804284385052,0.5055156153560223,1.075394632840701,2.073480157270722,-0.1639054130910347,0.0,1.0,1
0.6895717016788623,-0.18464571648217695,2.369422155195919,-0.7484931465199581,0.3097703365046307,-1.2727366209639601,1.0,1.0,1
0.0853267161397637,1.034443762994744,0.3501900703693643,0.3762376507524482,0.8840014409401024,-0.06310257601167786,1.0,1.0,0
-1.6175455158340597,0.4569803253477816,-0.6853135628750229,-1.0524744430800679,-1.7820715439388735,-2.2807649917575286,1.0,0.0,0
0.2501208031049724,0.2644925127987943,0.9714922503159965,-0.8092894058319801,1.9914471423513693,-0.1639054130910347,1.0,0.0,0
0.5797089770353898,-1.2754099875931066,-0.6335383812128035,-0.7484931465199581,-0.7976753649066362,0.03770026106767898,1.0,0.0,0
0.4149148900701811,-0.35574599430349935,1.5410192486004095,0.31544139144042627,-1.002757902205019,0.23930593522639268,0.0,0.0,0
-0.3541241824341262,0.9488936240840833,-2.0832434677549454,-1.0828725727360788,-0.018361723172781723,-1.6759479692813875,1.0,0.0,0
1.2388853248962246,0.07200470024980632,0.2984148887071449,-0.1405305533997385,1.7043315901336333,0.23930593522639268,1.0,1.0,1
-0.5189182693993349,0.7136307420797648,-0.6853135628750229,0.5586264286885141,2.0324636498110458,-1.0711309468052463,1.0,0.0,0
0.634640339357126,1.8471700826460251,0.8679418869915578,3.0512730604814147,1.0890839782384851,-0.7687224355671758,0.0,0.0,1
0.3599835277484449,1.0986063671777402,0.4019652520315836,0.832209595592613,1.4172160379158976,0.7433201206231769,0.0,0.0,1
-0.9583691679732248,0.11477976970513673,-0.7888639261994616,-1.204465091360123,-0.3464937828501941,1.952954165575459,0.0,0.0,0
1.2938166872179608,-0.5054587373971562,0.9197170686537771,0.10265448384834938,-0.8386918723663127,0.13850309814703582,0.0,1.0,0
0.9092971509658072,-2.002586168333726,-0.06401138292839058,-0.018938034775694553,1.1711169931578382,-0.7687224355671758,0.0,0.0,0
-1.5626141535123235,-0.1418706470268465,-2.186793831079384,-0.991678183768046,-1.2488569469630781,0.03770026106767898,1.0,0.0,0
-0.1893300954689175,-0.31297092484816896,0.4019652520315836,0.680218947312558,1.0480674707788087,0.9449257947818905,0.0,0.0,0
-0.5738496317210712,0.43559279062011597,0.09131416205826748,0.07225635419233839,1.0890839782384851,0.5417144464644632,0.0,0.0,0
-0.4090555447558625,-0.12048311229918093,0.8679418869915578,0.6498208176565471,0.22773732158527757,2.658574025130957,0.0,0.0,0
-1.0682318926166974,-0.2915833901205034,-1.3583909244838746,-0.7788912761759691,1.0480674707788087,-0.7687224355671758,0.0,1.0,0
-0.7935750810080161,-1.7887108210570732,-0.06401138292839058,0.5282282990325031,1.2941665155368678,0.13850309814703582,1.0,1.0,0
0.03039535381802745,-0.9332094319504619,-0.1675617462528293,-0.32291933133580436,-0.5925928276082534,1.5497428172580316,1.0,0.0,0
-0.9034378056514886,0.5211429295307776,0.19486452538270618,-1.143668832048101,-0.8797083798259893,1.4489399801786749,1.0,1.0,0
0.6895717016788623,1.7830074784630299,1.2303681586270934,2.656097374953272,-0.715642349987283,-1.978356480519458,0.0,0.0,1
0.5247776147136536,-0.07770804284385052,0.5055156153560223,-1.4476501286082106,2.0324636498110458,0.03770026106767898,1.0,0.0,1
0.634640339357126,0.3714301864371207,0.19486452538270618,-0.32291933133580436,-0.10039473809213482,1.4489399801786749,1.0,0.0,0
1.6234048611483785,1.0130562282670792,1.8516703385737256,0.34583952109643723,1.9504306348916927,2.9609825363690274,0.0,0.0,1
-1.672476878155796,-0.8048842235844699,-0.7370887445372422,1.4401721887128327,-1.7000385290195204,0.5417144464644632,1.0,1.0,0
1.2388853248962246,0.41420525589245116,0.3501900703693643,2.260921689425129,1.8683976199723396,-0.3655110872497484,0.0,0.0,1
0.14025807846149993,-0.7407216194014746,-0.8924142895239002,1.2881815404327777,-1.0437744096646955,-1.0711309468052463,1.0,0.0,0
0.5247776147136536,0.9275060893564177,0.14308934372048684,0.13305261350436037,-0.5515763201485769,2.2553626768135295,1.0,0.0,0
0.0853267161397637,0.17894237388813272,1.1268177953026546,2.29131981908114,-0.18242775301148792,0.7433201206231769,1.0,0.0,1
-0.13439873314718126,0.32865511698178956,0.7126163420048998,0.3762376507524482,-0.4695433052292238,-0.8695252726465327,0.0,1.0,1
1.4586107741831695,-0.783496688856805,0.19486452538270618,1.3489777997447996,0.55586938126269,-0.1639054130910347,1.0,0.0,1
1.2388853248962246,0.7564058115350952,0.039538980396048126,0.862607725248624,0.6379023961820431,0.34010877230574954,1.0,0.0,1
-1.0682318926166974,2.167983103561004,0.14308934372048684,-0.018938034775694553,1.1301004856981618,0.4409116093851064,0.0,0.0,0
-1.0682318926166974,-0.9973720361334579,-1.565491651132752,-0.8700856651440021,-1.0847909171243721,-0.9703281097258895,1.0,0.0,0
-0.7935750810080161,-0.31297092484816896,-0.21933692791504864,-0.5661043685838922,-1.1258074245840486,-0.6679195984878189,0.0,1.0,0
-0.024536008503708785,0.2644925127987943,-0.4782128362261454,0.6194226880005361,-0.5105598126889004,-1.6759479692813875,0.0,1.0,0
-0.024536008503708785,0.8419559504457569,1.1268177953026546,0.5282282990325031,2.114496664730399,1.0457286318612475,1.0,0.0,1
0.14025807846149993,-0.5482338068524866,-0.4782128362261454,-0.07973429408771651,-0.14141124555181137,-0.3655110872497484,0.0,0.0,0
1.4586107741831695,-2.002586168333726,1.8516703385737256,1.5617647073368766,-1.7410550364791968,0.5417144464644632,1.0,0.0,1
0.3599835277484449,1.4194193880927193,0.4019652520315836,-2.238001499664496,0.22773732158527757,1.4489399801786749,0.0,1.0,0
0.7445030640005985,0.8205684157180912,0.7126163420048998,0.9538021142166568,0.5968858887223666,0.23930593522639268,1.0,1.0,0
1.074091237931016,-1.7673232863294077,-0.6853135628750229,0.74101520662458,1.5812820677546038,-0.06310257601167786,0.0,0.0,0
-0.1893300954689175,-0.5910088763078171,-1.7208171961194099,0.862607725248624,0.47383636634333687,0.13850309814703582,1.0,0.0,0
1.6234048611483785,1.633294735369372,0.9714922503159965,0.9842002438726679,0.39180335142398376,0.13850309814703582,0.0,0.0,1
0.9092971509658072,1.5049695270033803,0.8161667053293384,0.8930058549046349,3.098892843762636,1.247334306019961,1.0,0.0,1
-0.1893300954689175,0.9916686935394137,-0.9441894711861196,1.0449965031846897,0.26875382904495415,0.23930593522639268,1.0,1.0,0
1.6234048611483785,-0.1418706470268465,0.3501900703693643,2.0177366521770415,1.4992490528352507,-0.46631392432910523,1.0,1.0,1
1.1290226002527521,0.11477976970513673,1.178592976964874,0.22424700247239332,-0.715642349987283,1.0457286318612475,1.0,0.0,0
0.634640339357126,-0.0990955775715161,0.8679418869915578,0.49783016937649216,-1.7820715439388735,1.247334306019961,0.0,0.0,0
1.348748049539697,1.184156506088401,0.8679418869915578,2.3521160783931623,-0.3464937828501941,-1.2727366209639601,1.0,0.0,1
-0.9034378056514886,-0.8690468277674659,-0.06401138292839058,-2.4811865369125843,-1.7820715439388735,1.4489399801786749,0.0,0.0,0
1.2938166872179608,-0.8048842235844699,0.039538980396048126,-0.26212307202378243,1.8683976199723396,0.4409116093851064,0.0,0.0,0
0.634640339357126,1.0558312977224096,0.19486452538270618,1.8353478742409755,0.8019684260207492,0.23930593522639268,0.0,1.0,0
0.7994344263223347,-0.013545438660854517,1.7481199752492869,1.3489777997447996,-0.6746258425276065,1.0457286318612475,1.0,1.0,1
1.348748049539697,1.440806922820385,0.9714922503159965,1.3489777997447996,1.458232545375574,-0.5671167614084621,1.0,0.0,1
-1.233025979581906,-0.6551714804908131,-0.7888639261994616,-1.0524744430800679,-0.6746258425276065,0.8441229577025338,0.0,0.0,0
-0.13439873314718126,-0.034932973388520104,1.5927944302626287,-0.839687535487991,0.39180335142398376,-0.46631392432910523,1.0,0.0,0
-0.4090555447558625,-0.9118218972227963,-1.3066157428216552,-0.9004837948000131,0.5148528738030135,-1.5751451322020305,1.0,0.0,0
1.6783362234701147,0.029229630794475898,1.7481199752492869,2.1393291708010853,0.18672081412560104,-0.9703281097258895,0.0,0.0,1
0.3599835277484449,-1.4892853348697597,1.4374688852759707,-0.7180950168639472,-1.1258074245840486,0.5417144464644632,0.0,1.0,0
-0.6837123563645436,-0.4626836679418258,-0.7370887445372422,-0.26212307202378243,0.18672081412560104,-1.0711309468052463,0.0,0.0,0
-1.5076827911905872,-1.4465102654144284,-0.42643765456392607,-1.5996407768882657,-0.22344426047116447,1.5497428172580316,1.0,0.0,0
-1.7274082404775322,0.7350182768074304,-1.9279179227682874,0.22424700247239332,-0.264460767930841,1.0457286318612475,0.0,0.0,0
-0.13439873314718126,0.7564058115350952,-0.5817631995505841,-0.38371559064782634,2.1555131721900755,1.3481371430993179,1.0,0.0,0
0.9092971509658072,-1.7459357516017429,0.9197170686537771,-0.07973429408771651,-0.5515763201485769,0.13850309814703582,1.0,0.0,0
-1.6175455158340597,1.3980318533650538,-0.5817631995505841,-1.9036220734483755,-0.7976753649066362,0.13850309814703582,0.0,1.0,0
0.6895717016788623,2.59573379811431,1.2821433402893125,-0.6269006278959142,1.74534809759331,-1.1719337838846031,1.0,0.0,0
-1.0133005302949611,0.07200470024980632,0.4019652520315836,-0.38371559064782634,-1.0437744096646955,0.9449257947818905,1.0,0.0,0
1.2938166872179608,-0.6337839457631482,0.8679418869915578,-0.7788912761759691,0.47383636634333687,0.4409116093851064,1.0,0.0,0
-0.13439873314718126,2.9379343537569547,0.764391523667119,2.504106726673217,0.5148528738030135,0.5417144464644632,0.0,1.0,1
0.9642285132875436,-1.3181850570484372,0.4019652520315836,-1.7516314251683205,-0.5105598126889004,1.7513484914167454,0.0,1.0,0
-1.5626141535123235,0.05061716552214149,-0.4782128362261454,-1.3564557396401777,1.0890839782384851,-0.7687224355671758,0.0,1.0,0
-0.7935750810080161,0.22171744334346316,-0.42643765456392607,-0.26212307202378243,-0.6336093350679299,-0.1639054130910347,0.0,0.0,0
1.6234048611483785,1.4194193880927193,1.4374688852759707,0.6498208176565471,0.39180335142398376,0.34010877230574954,1.0,0.0,1
0.2501208031049724,0.3928177211647856,0.45374043369380296,-0.8092894058319801,1.212133500617515,-0.9703281097258895,1.0,1.0,1
-0.4090555447558625,-0.4840712026694906,-1.4619412878083131,-1.143668832048101,-1.4129229768017844,-0.26470825017039157,1.0,0.0,0
0.854365788644071,-0.9545969666781274,-0.21933692791504864,-0.7484931465199581,-0.7976753649066362,0.5417144464644632,1.0,0.0,0
-1.7274082404775322,-0.31297092484816896,-1.151290197834997,-1.022076313424057,-0.30547727539051756,-0.46631392432910523,1.0,0.0,0
1.1290226002527521,-0.9973720361334579,-0.42643765456392607,2.048134781833052,0.7609519185610727,1.3481371430993179,0.0,1.0,1
0.7445030640005985,0.07200470024980632,1.1268177953026546,0.4066357804084592,1.2531500080771913,-1.4743422951226737,1.0,1.0,0
-0.9583691679732248,-0.5482338068524866,-0.06401138292839058,0.589024558344525,-1.371906469342108,1.0457286318612475,1.0,1.0,0
-1.2879573419036423,-1.5106728695974243,-0.6853135628750229,-0.38371559064782634,-0.3464937828501941,0.5417144464644632,1.0,0.0,0
-0.9583691679732248,1.312481714454393,-1.5137164694705325,0.9234039845606459,-0.22344426047116447,-0.6679195984878189,1.0,0.0,0
0.9092971509658072,-0.4840712026694906,1.644569611924848,-2.2683996293205073,-0.5925928276082534,-0.8695252726465327,0.0,1.0,0
1.348748049539697,-1.2754099875931066,2.4211973368581385,0.011460094880316431,1.0890839782384851,-2.0791593175988146,1.0,1.0,1
-0.4639869070775987,-0.1418706470268465,-0.21933692791504864,0.9842002438726679,-0.8386918723663127,-0.8695252726465327,1.0,1.0,0
-1.5626141535123235,0.0933922349774719,-0.7370887445372422,-1.143668832048101,-0.3464937828501941,0.9449257947818905,0.0,1.0,0
-1.1231632549384336,-1.7673232863294077,-0.6335383812128035,0.7714133362805909,-0.715642349987283,-0.1639054130910347,1.0,0.0,0
1.4586107741831695,0.3714301864371207,1.3856937036137513,2.048134781833052,-0.4285267977695472,1.247334306019961,1.0,0.0,1
1.4036794118614333,-1.0401471055887883,0.9197170686537771,-0.049336164431705534,0.8840014409401024,-0.5671167614084621,1.0,0.0,1
0.2501208031049724,1.7830074784630299,0.14308934372048684,0.04185822453632741,1.3351830229965445,0.6425172835438201,0.0,0.0,0
1.5684734988266422,0.563917998986108,1.7481199752492869,-0.1405305533997385,-1.1258074245840486,-0.6679195984878189,0.0,0.0,1
0.2501208031049724,-0.3771335290311642,1.8516703385737256,-0.5357062389278813,0.022654784286894828,-0.9703281097258895,0.0,1.0,0
0.5797089770353898,-0.7407216194014746,-0.6335383812128035,-1.022076313424057,-0.9617413947453424,-0.06310257601167786,1.0,0.0,0
1.513542136504906,-0.07770804284385052,0.9714922503159965,1.0145983735286788,1.3351830229965445,-0.6679195984878189,0.0,0.0,1
-1.452751428868851,0.6494681378967688,-1.876142741106068,-1.7820295548243315,-1.5769890066404906,-1.6759479692813875,1.0,1.0,0
0.3599835277484449,0.00784209606681031,1.3856937036137513,0.710617076968569,-0.30547727539051756,-0.1639054130910347,1.0,0.0,0
1.2938166872179608,-0.18464571648217695,0.5055156153560223,1.075394632840701,0.55586938126269,0.13850309814703582,1.0,0.0,0
1.6783362234701147,0.0933922349774719,0.14308934372048684,-0.7788912761759691,0.55586938126269,1.3481371430993179,1.0,1.0,1
0.7445030640005985,-0.5910088763078171,0.9714922503159965,1.6225609666488985,0.55586938126269,0.9449257947818905,1.0,0.0,1
-0.4639869070775987,-0.31297092484816896,0.9197170686537771,0.22424700247239332,-1.7820715439388735,1.1465314689406043,0.0,1.0,0
-1.1780946172601698,-2.002586168333726,-0.37466247290170673,-0.23172494236777144,0.6379023961820431,0.6425172835438201,0.0,0.0,0
1.6234048611483785,1.034443762994744,1.2821433402893125,0.22424700247239332,1.4172160379158976,0.34010877230574954,1.0,0.0,1
-1.0682318926166974,0.32865511698178956,-0.4782128362261454,0.22424700247239332,0.9250179483997789,-1.373539458043317,1.0,0.0,1
0.0853267161397637,-0.7621091541291395,1.0750426136404352,0.9234039845606459,0.35078684396430726,0.13850309814703582,1.0,1.0,0
-0.4090555447558625,1.975495291012017,-0.9441894711861196,0.16345074316037134,0.6789189036417196,0.5417144464644632,1.0,0.0,1
-1.3978200665471148,0.11477976970513673,-1.0995150161727776,1.2881815404327777,-1.7000385290195204,1.3481371430993179,0.0,0.0,0
1.074091237931016,-1.0401471055887883,0.4019652520315836,0.28504326178441525,-0.5925928276082534,0.7433201206231769,1.0,1.0,0
-1.5626141535123235,0.9061185546287528,-1.9796931044305066,0.589024558344525,1.212133500617515,1.1465314689406043,0.0,0.0,0
1.4586107741831695,0.43559279062011597,0.764391523667119,0.9842002438726679,1.827381112512663,-0.9703281097258895,1.0,0.0,1
-1.3428887042253785,0.43559279062011597,-0.1675617462528293,0.07225635419233839,-0.9207248872856658,-0.46631392432910523,1.0,0.0,0
-0.6837123563645436,-0.3985210637588298,-0.06401138292839058,-1.8732239437923646,-1.7820715439388735,0.34010877230574954,1.0,1.0,0
-0.1893300954689175,0.499755394803112,0.3501900703693643,0.3762376507524482,-0.14141124555181137,1.1465314689406043,1.0,0.0,1
1.6783362234701147,-0.24880832066517294,1.2821433402893125,-0.018938034775694553,0.06367129174657138,-0.06310257601167786,1.0,1.0,1
1.1839539625744884,0.6066930684414384,1.2303681586270934,-0.1405305533997385,0.35078684396430726,-0.06310257601167786,0.0,0.0,1
1.1290226002527521,-1.9170360294230653,0.19486452538270618,1.6529590963049094,0.39180335142398376,0.7433201206231769,1.0,0.0,0
1.0191598756092797,-0.41990859848649537,0.5055156153560223,0.16345074316037134,0.8019684260207492,-1.0711309468052463,0.0,0.0,0
0.6895717016788623,1.8043950131906938,0.6090659786804611,-0.23172494236777144,1.8683976199723396,1.6505456543373884,1.0,1.0,1
0.7445030640005985,-0.7621091541291395,0.7126163420048998,-0.17092868305574946,0.18672081412560104,-0.8695252726465327,1.0,0.0,0
-1.233025979581906,-0.5910088763078171,-0.6335383812128035,-1.8124276844803424,-1.7820715439388735,-2.0791593175988146,1.0,0.0,0
0.5797089770353898,-0.44129613321416017,0.2984148887071449,1.4705703183688437,-0.4285267977695472,0.03770026106767898,0.0,0.0,0
0.0853267161397637,-1.2112473834101107,-0.21933692791504864,-0.839687535487991,1.663315082673957,1.6505456543373884,1.0,0.0,0
1.348748049539697,-2.002586168333726,2.4729725185203577,0.6194226880005361,0.35078684396430726,0.6425172835438201,0.0,0.0,1
-0.3541241824341262,-0.20603325120984253,0.4019652520315836,1.075394632840701,-0.018361723172781723,0.7433201206231769,1.0,0.0,0
0.46984625239191735,0.17894237388813272,0.6090659786804611,-0.20132681271176045,0.47383636634333687,0.03770026106767898,0.0,1.0,0
0.9092971509658072,-0.034932973388520104,0.45374043369380296,0.862607725248624,0.55586938126269,-0.1639054130910347,1.0,0.0,1
1.4036794118614333,-0.12048311229918093,0.6608411603426804,-0.3533174609918154,-1.7820715439388735,-1.4743422951226737,0.0,0.0,0
-1.6175455158340597,0.07200470024980632,-1.2548405611594358,1.5921628369928875,-0.8386918723663127,-2.2807649917575286,0.0,0.0,0
1.2938166872179608,1.0772188324500744,1.1268177953026546,1.6225609666488985,0.8019684260207492,0.23930593522639268,0.0,1.0,1
-1.452751428868851,-0.16325818175451134,-2.186793831079384,-0.8092894058319801,0.47383636634333687,1.247334306019961,1.0,0.0,0
-1.5076827911905872,-0.5696213415801522,-2.186793831079384,-1.4476501286082106,-0.8386918723663127,0.23930593522639268,1.0,1.0,0
-1.5076827911905872,-0.24880832066517294,-1.5137164694705325,-0.7788912761759691,-1.7820715439388735,0.5417144464644632,1.0,0.0,0
1.1839539625744884,0.628080603169104,0.9714922503159965,0.34583952109643723,0.9660344558594555,1.6505456543373884,0.0,0.0,0
0.7994344263223347,1.4835819922757145,0.4019652520315836,2.443310467361195,0.1457043066659245,0.34010877230574954,0.0,1.0,1
-0.5189182693993349,-0.6123964110354826,0.7126163420048998,-1.4476501286082106,-1.7000385290195204,-0.1639054130910347,0.0,0.0,0
0.9092971509658072,0.1361673044328023,-0.42643765456392607,0.5586264286885141,-0.5105598126889004,-0.7687224355671758,1.0,0.0,1
-1.2879573419036423,0.3714301864371207,-1.4619412878083131,-0.4445118499598483,0.10468779920624793,1.952954165575459,1.0,0.0,0
0.14025807846149993,-0.9973720361334579,1.178592976964874,-0.23172494236777144,0.7199354111013961,0.5417144464644632,1.0,0.0,0
-0.6837123563645436,0.05061716552214149,-0.37466247290170673,-0.3533174609918154,0.10468779920624793,-1.0711309468052463,0.0,0.0,0
1.4036794118614333,-1.467897800142094,1.644569611924848,0.19384887281638233,0.5968858887223666,-1.1719337838846031,0.0,1.0,1
0.9092971509658072,-1.7887108210570732,2.110546246884822,0.801811465936602,0.26875382904495415,1.247334306019961,0.0,1.0,1
1.5684734988266422,0.41420525589245116,0.6090659786804611,1.3185796700887886,0.7199354111013961,-0.9703281097258895,1.0,0.0,1
1.4586107741831695,-0.35574599430349935,0.9714922503159965,0.9234039845606459,0.8429849334804258,1.952954165575459,0.0,1.0,1
0.5247776147136536,0.24310497807112874,0.14308934372048684,-2.4811865369125843,-1.7820715439388735,-2.2807649917575286,0.0,0.0,0
0.14025807846149993,0.00784209606681031,-1.3066157428216552,0.34583952109643723,0.022654784286894828,1.4489399801786749,1.0,1.0,0
0.9642285132875436,-0.9759845014057923,0.45374043369380296,-1.2956594803281558,-1.0847909171243721,0.5417144464644632,0.0,0.0,0
-0.7935750810080161,-0.013545438660854517,0.09131416205826748,0.28504326178441525,0.6789189036417196,0.03770026106767898,0.0,0.0,0
1.6234048611483785,-1.2326349181377756,1.5410192486004095,1.7745516149289533,-0.05937823063245827,-0.1639054130910347,0.0,1.0,1
-0.8485064433297523,1.4621944575480506,-0.1675617462528293,-0.8700856651440021,0.3097703365046307,1.8521513284961022,0.0,0.0,0
-0.4639869070775987,-1.3609601265037676,-0.6335383812128035,-0.7180950168639472,-1.7820715439388735,0.6425172835438201,1.0,0.0,0
-1.6175455158340597,-0.16325818175451134,-1.6172668327949713,-1.2348632210161339,0.18672081412560104,-1.0711309468052463,1.0,0.0,0
-0.024536008503708785,-1.0401471055887883,0.9197170686537771,0.9234039845606459,0.10468779920624793,-1.7767508063607442,0.0,0.0,0
0.14025807846149993,0.6066930684414384,-0.271112109577268,0.28504326178441525,0.7199354111013961,0.13850309814703582,1.0,0.0,0
0.30505216542670865,-0.31297092484816896,0.4019652520315836,1.6529590963049094,-0.8797083798259893,-0.06310257601167786,0.0,0.0,0
-1.0682318926166974,-0.5054587373971562,-0.6335383812128035,-0.17092868305574946,-1.4129229768017844,-1.5751451322020305,0.0,0.0,0
1.2938166872179608,0.9061185546287528,1.9552207018981642,0.9538021142166568,0.9660344558594555,-0.06310257601167786,0.0,0.0,1
1.5684734988266422,0.05061716552214149,1.7998951569115063,0.74101520662458,-0.18242775301148792,-0.5671167614084621,0.0,1.0,1
0.7994344263223347,0.563917998986108,-0.37466247290170673,1.2273852811207557,0.8019684260207492,0.03770026106767898,1.0,0.0,0
-0.4090555447558625,-0.9759845014057923,-1.151290197834997,-1.9340202031043865,-1.7820715439388735,0.6425172835438201,1.0,0.0,0
-1.2879573419036423,-1.403735195959098,-0.4782128362261454,-0.7484931465199581,-1.3308899618824312,1.4489399801786749,1.0,0.0,0
-1.5626141535123235,0.1361673044328023,-1.151290197834997,-0.6572987575519251,1.0480674707788087,0.8441229577025338,1.0,0.0,0
-1.0133005302949611,-0.2915833901205034,-1.0477398345105584,0.19384887281638233,-0.18242775301148792,-0.7687224355671758,1.0,0.0,0
0.2501208031049724,0.6708556726244345,0.9197170686537771,0.10265448384834938,0.4328198588836603,0.34010877230574954,1.0,0.0,0
0.0853267161397637,-0.056320508116184935,0.19486452538270618,-0.9004837948000131,1.663315082673957,0.03770026106767898,0.0,0.0,1
-1.1780946172601698,0.24310497807112874,-0.7888639261994616,-0.4141137203038373,-1.7820715439388735,-1.4743422951226737,0.0,0.0,0
0.46984625239191735,-1.6389980779634163,0.8679418869915578,-1.1132707023920898,-1.0437744096646955,0.4409116093851064,1.0,1.0,0
1.2938166872179608,1.975495291012017,0.6090659786804611,-0.7788912761759691,0.9250179483997789,1.952954165575459,1.0,0.0,1
-1.6175455158340597,-0.1418706470268465,-0.01223620126617123,-0.018938034775694553,0.06367129174657138,-0.06310257601167786,0.0,0.0,0
1.4586107741831695,0.7350182768074304,0.45374043369380296,1.3185796700887886,1.4992490528352507,-1.5751451322020305,1.0,0.0,1
-0.24426145779065372,-0.8262717583121355,0.2984148887071449,0.16345074316037134,-1.3308899618824312,-0.06310257601167786,1.0,0.0,0
-0.1893300954689175,0.35004265170945514,0.9197170686537771,1.1969871514647448,0.8840014409401024,-1.2727366209639601,1.0,0.0,0
-1.2879573419036423,-1.3181850570484372,-1.9279179227682874,-1.4172519989521997,-1.2488569469630781,0.7433201206231769,0.0,1.0,0
-1.6175455158340597,0.499755394803112,-1.4101661061460937,-1.8428258141363536,0.6789189036417196,0.4409116093851064,1.0,0.0,0
-0.4090555447558625,-0.33435845957583377,0.5055156153560223,-0.2925212016797934,-1.3308899618824312,-0.26470825017039157,0.0,0.0,0
0.0853267161397637,0.05061716552214149,0.8679418869915578,-0.26212307202378243,-0.18242775301148792,-0.3655110872497484,1.0,0.0,1
-1.1231632549384336,0.7564058115350952,-0.9441894711861196,-1.0524744430800679,-0.5515763201485769,-0.26470825017039157,1.0,1.0,0
0.5247776147136536,-1.2326349181377756,-0.1675617462528293,-0.1101324237437275,0.6789189036417196,0.03770026106767898,1.0,0.0,1
-1.2879573419036423,-0.6765590152184786,-0.21933692791504864,-1.2348632210161339,-1.3308899618824312,-0.8695252726465327,1.0,0.0,0
-0.9583691679732248,0.499755394803112,0.19486452538270618,-1.9644183327603975,-0.22344426047116447,-1.4743422951226737,0.0,1.0,0
0.4149148900701811,2.1893706382886697,-0.5817631995505841,0.2546451321284043,1.5402655602949271,1.1465314689406043,0.0,0.0,1
-0.4090555447558625,-0.12048311229918093,-1.151290197834997,-1.204465091360123,0.18672081412560104,-0.46631392432910523,0.0,0.0,0
-1.5076827911905872,0.628080603169104,-0.8924142895239002,-0.26212307202378243,0.47383636634333687,0.03770026106767898,0.0,1.0,0
-1.1780946172601698,-0.07770804284385052,-0.37466247290170673,-1.0828725727360788,-0.3464937828501941,0.13850309814703582,0.0,0.0,0
1.4586107741831695,2.018270360467347,0.8161667053293384,2.0785329114890634,0.9660344558594555,0.34010877230574954,0.0,0.0,1
0.0853267161397637,-1.7673232863294077,0.5572907970182417,1.1361908921527228,-0.7566588574469596,-1.1719337838846031,0.0,1.0,0
-0.4639869070775987,0.1361673044328023,-0.840639107861681,0.46743203972048114,-0.18242775301148792,-1.7767508063607442,1.0,0.0,0
1.513542136504906,-1.6389980779634163,-0.4782128362261454,-1.1132707023920898,0.26875382904495415,-0.5671167614084621,1.0,0.0,0
-0.9583691679732248,-2.002586168333726,-0.995964652848339,0.5586264286885141,-0.9207248872856658,0.34010877230574954,1.0,1.0,0
0.30505216542670865,0.32865511698178956,0.24663970704492555,1.6529590963049094,0.1457043066659245,-0.7687224355671758,0.0,0.0,0
-1.3428887042253785,0.17894237388813272,-1.151290197834997,-0.4749099796158593,-1.7820715439388735,-0.46631392432910523,1.0,0.0,0
1.4586107741831695,-0.27019585539283775,0.19486452538270618,1.7745516149289533,0.8429849334804258,2.1545598397341728,1.0,0.0,0
-1.5076827911905872,-0.07770804284385052,-2.186793831079384,-1.143668832048101,-0.5105598126889004,-1.978356480519458,0.0,1.0,0
0.854365788644071,3.215972305216603,0.24663970704492555,-0.6572987575519251,2.6066947542465173,-0.7687224355671758,0.0,0.0,1
-0.3541241824341262,-0.22742078593750736,0.4019652520315836,-0.8700856651440021,-0.3464937828501941,1.8521513284961022,0.0,1.0,0
-0.7935750810080161,0.5425304642584424,0.3501900703693643,1.3793759294008106,-1.7000385290195204,-0.1639054130910347,1.0,0.0,0
-1.452751428868851,-0.6337839457631482,-0.1675617462528293,-2.0860108513844415,-1.2488569469630781,-0.8695252726465327,0.0,0.0,0
0.2501208031049724,0.32865511698178956,-0.42643765456392607,0.19384887281638233,-0.05937823063245827,1.1465314689406043,1.0,0.0,0
1.513542136504906,-0.20603325120984253,0.24663970704492555,0.6194226880005361,0.9660344558594555,0.13850309814703582,1.0,0.0,0
0.854365788644071,-0.3985210637588298,0.9714922503159965,-0.17092868305574946,-1.7820715439388735,-0.3655110872497484,1.0,0.0,0
-1.0682318926166974,1.8899451521013562,-0.32288729123948734,-0.4445118499598483,0.47383636634333687,0.13850309814703582,1.0,0.0,0
-0.24426145779065372,1.2483191102713969,0.09131416205826748,0.2546451321284043,0.8840014409401024,-0.6679195984878189,1.0,0.0,1
-1.5076827911905872,0.17894237388813272,-2.186793831079384,-1.0828725727360788,-1.1258074245840486,-1.1719337838846031,0.0,1.0,0
-1.0682318926166974,-2.002586168333726,-1.4101661061460937,-2.1468071106964635,-0.7566588574469596,-0.1639054130910347,1.0,0.0,0
-0.8485064433297523,-0.33435845957583377,-0.6335383812128035,-0.20132681271176045,-1.1258074245840486,-1.0711309468052463,0.0,0.0,0
0.9642285132875436,2.809609145390963,1.0232674319782158,1.9873385225210303,0.8840014409401024,0.03770026106767898,0.0,0.0,1
0.4149148900701811,-0.20603325120984253,0.8161667053293384,0.9234039845606459,-0.4285267977695472,0.34010877230574954,1.0,1.0,0
0.6895717016788623,1.162768971360736,0.6090659786804611,-0.20132681271176045,0.022654784286894828,0.8441229577025338,1.0,0.0,1
-0.024536008503708785,1.5049695270033803,0.19486452538270618,-0.8092894058319801,1.212133500617515,1.1465314689406043,1.0,0.0,0
1.6234048611483785,0.2644925127987943,1.178592976964874,0.49783016937649216,-0.10039473809213482,-0.3655110872497484,0.0,1.0,1
-0.1893300954689175,-0.8262717583121355,0.3501900703693643,1.1969871514647448,-1.3308899618824312,0.4409116093851064,1.0,0.0,0
1.0191598756092797,-2.002586168333726,0.9197170686537771,0.589024558344525,1.458232545375574,0.5417144464644632,1.0,0.0,0
1.4036794118614333,0.7350182768074304,1.0232674319782158,1.4097740590568215,1.5812820677546038,0.34010877230574954,1.0,0.0,1
-1.6175455158340597,-0.8048842235844699,-1.3583909244838746,-0.018938034775694553,-1.7820715439388735,-0.5671167614084621,0.0,0.0,0
1.2938166872179608,0.20032990861579833,0.9714922503159965,0.9842002438726679,-0.264460767930841,-0.9703281097258895,0.0,0.0,1
0.4149148900701811,-1.2540224528654411,0.6608411603426804,0.04185822453632741,-0.10039473809213482,0.5417144464644632,1.0,0.0,0
0.0853267161397637,-0.24880832066517294,0.24663970704492555,0.589024558344525,0.10468779920624793,-1.7767508063607442,0.0,0.0,1
0.4149148900701811,0.07200470024980632,0.5572907970182417,-0.2925212016797934,-1.2898734544227548,-0.26470825017039157,0.0,0.0,0
-0.29919282011238996,0.30726758225412476,0.764391523667119,-1.3260576099841668,0.9660344558594555,-2.2807649917575286,0.0,0.0,0
-1.0682318926166974,-1.125697244499449,-0.5817631995505841,-0.018938034775694553,-0.05937823063245827,-1.4743422951226737,0.0,0.0,0
0.6895717016788623,1.2483191102713969,-0.01223620126617123,1.6833572259609204,1.1711169931578382,-0.8695252726465327,0.0,1.0,1
0.03039535381802745,-0.5910088763078171,0.6608411603426804,-1.1132707023920898,0.8429849334804258,1.0457286318612475,0.0,0.0,0
-1.452751428868851,-1.6817731474187467,-2.0314682860927262,-0.20132681271176045,-0.5515763201485769,0.5417144464644632,0.0,1.0,1
-0.4639869070775987,-0.07770804284385052,-1.0995150161727776,1.3489777997447996,0.10468779920624793,-0.6679195984878189,1.0,1.0,0
-0.7386437186862799,0.07200470024980632,-0.271112109577268,-0.2925212016797934,1.0890839782384851,0.6425172835438201,1.0,1.0,0
-0.9034378056514886,0.20032990861579833,-0.271112109577268,-1.0524744430800679,0.6789189036417196,0.8441229577025338,1.0,1.0,0
0.4149148900701811,1.4194193880927193,-0.6335383812128035,0.589024558344525,-0.05937823063245827,-0.1639054130910347,0.0,0.0,1
-0.24426145779065372,-0.20603325120984253,-0.4782128362261454,-0.6269006278959142,0.26875382904495415,-1.4743422951226737,0.0,0.0,0
0.03039535381802745,-0.0990955775715161,-0.42643765456392607,-0.5661043685838922,-0.7566588574469596,-0.26470825017039157,1.0,0.0,0
1.4586107741831695,-1.1043097097717842,0.6608411603426804,0.7714133362805909,0.47383636634333687,-0.06310257601167786,0.0,1.0,1
1.4586107741831695,0.8633434851734216,1.6963447935870675,-0.6572987575519251,1.212133500617515,-1.1719337838846031,1.0,0.0,1
0.854365788644071,0.22171744334346316,1.1268177953026546,-0.9004837948000131,-0.9617413947453424,0.34010877230574954,1.0,0.0,0
0.46984625239191735,-0.3985210637588298,0.2984148887071449,0.13305261350436037,-0.264460767930841,0.23930593522639268,0.0,0.0,0
-1.0682318926166974,-1.9170360294230653,-1.151290197834997,-0.8700856651440021,-0.5925928276082534,0.34010877230574954,1.0,0.0,0
0.5797089770353898,1.5049695270033803,-0.5817631995505841,0.8930058549046349,0.39180335142398376,0.23930593522639268,1.0,1.0,0
0.6895717016788623,-1.2326349181377756,1.4892440669381901,1.7441534852729423,0.06367129174657138,0.7433201206231769,0.0,0.0,1
-0.4090555447558625,-0.5696213415801522,0.14308934372048684,-0.17092868305574946,0.18672081412560104,-0.26470825017039157,0.0,0.0,0
1.1290226002527521,0.3928177211647856,0.2984148887071449,1.1057927624967119,0.4328198588836603,0.23930593522639268,1.0,0.0,1
0.5247776147136536,-1.1898598486824452,0.8679418869915578,-0.9004837948000131,-0.10039473809213482,-0.3655110872497484,0.0,0.0,0
0.19518944078323616,-1.5106728695974243,0.09131416205826748,0.46743203972048114,0.8429849334804258,-0.5671167614084621,0.0,0.0,0
1.6783362234701147,-2.002586168333726,0.9714922503159965,-0.20132681271176045,0.5148528738030135,1.4489399801786749,1.0,0.0,1
-0.29919282011238996,0.7777933462627609,0.09131416205826748,0.13305261350436037,0.35078684396430726,-2.0791593175988146,1.0,0.0,0
0.30505216542670865,-0.5268462721248218,-0.32288729123948734,-0.07973429408771651,-1.1258074245840486,0.8441229577025338,0.0,1.0,0
1.513542136504906,3.0448720273952814,0.8161667053293384,2.230523559769118,2.4426287244078115,-0.5671167614084621,1.0,0.0,1
-1.3978200665471148,-0.9973720361334579,-0.8924142895239002,-1.9644183327603975,-0.6336093350679299,-0.8695252726465327,0.0,0.0,0
-1.5076827911905872,-0.9118218972227963,-1.4101661061460937,-2.572380925880617,0.18672081412560104,0.13850309814703582,0.0,0.0,0
0.5797089770353898,-0.5482338068524866,0.8679418869915578,-0.049336164431705534,-0.14141124555181137,-1.4743422951226737,0.0,0.0,0
0.6895717016788623,0.2858800475264592,1.8516703385737256,0.801811465936602,-1.371906469342108,-0.8695252726465327,1.0,1.0,0
1.4036794118614333,-0.4626836679418258,0.45374043369380296,0.6498208176565471,-1.4129229768017844,-0.7687224355671758,0.0,0.0,0
1.348748049539697,0.6494681378967688,-0.271112109577268,1.8353478742409755,1.2941665155368678,-0.1639054130910347,1.0,0.0,0
1.0191598756092797,-0.9759845014057923,-0.7370887445372422,0.6194226880005361,-0.6336093350679299,-0.7687224355671758,1.0,0.0,0
-0.07946737082544503,-1.3823476612314332,-0.1675617462528293,-0.839687535487991,-0.10039473809213482,1.5497428172580316,1.0,0.0,0
-0.5189182693993349,-1.8100983557847388,-0.840639107861681,-2.572380925880617,-0.5105598126889004,1.7513484914167454,1.0,0.0,0
0.5247776147136536,-2.002586168333726,0.5055156153560223,-0.4141137203038373,-0.4285267977695472,-2.0791593175988146,0.0,1.0,0
-1.233025979581906,-0.5054587373971562,-0.7888639261994616,0.34583952109643723,-0.8386918723663127,0.4409116093851064,1.0,0.0,0
-0.024536008503708785,-0.27019585539283775,-1.2030653794972164,-0.4141137203038373,-1.0437744096646955,0.8441229577025338,1.0,0.0,0
0.5797089770353898,-0.6123964110354826,-0.8924142895239002,0.16345074316037134,-0.22344426047116447,0.5417144464644632,0.0,0.0,0
1.1290226002527521,1.312481714454393,1.0232674319782158,1.1361908921527228,0.35078684396430726,-0.6679195984878189,1.0,1.0,1
-0.13439873314718126,1.2910941797267272,-0.01223620126617123,-0.6876968872079362,0.10468779920624793,-0.26470825017039157,0.0,1.0,0
0.3599835277484449,-0.31297092484816896,-0.06401138292839058,0.680218947312558,-0.4285267977695472,-0.7687224355671758,1.0,0.0,0
-0.07946737082544503,-1.8100983557847388,-1.2548405611594358,1.075394632840701,-0.6746258425276065,-0.46631392432910523,0.0,0.0,0
-0.7935750810080161,-0.5482338068524866,-0.21933692791504864,-0.5965024982399032,0.18672081412560104,-1.2727366209639601,0.0,0.0,1
0.19518944078323616,-0.5910088763078171,1.0750426136404352,-1.0524744430800679,-0.4695433052292238,-0.1639054130910347,1.0,1.0,1
-1.672476878155796,-0.6551714804908131,-0.995964652848339,-0.8700856651440021,-0.05937823063245827,-1.6759479692813875,1.0,0.0,0
-1.0133005302949611,-0.6765590152184786,-1.3583909244838746,-2.572380925880617,0.5968858887223666,-0.26470825017039157,1.0,1.0,0
-1.0682318926166974,-0.6337839457631482,-0.7370887445372422,-0.26212307202378243,-0.018361723172781723,-1.373539458043317,0.0,0.0,0
-0.1893300954689175,-0.3771335290311642,-1.151290197834997,0.2546451321284043,0.10468779920624793,0.13850309814703582,1.0,0.0,0
-1.1231632549384336,-0.6337839457631482,-0.01223620126617123,0.9538021142166568,-0.5105598126889004,-0.7687224355671758,1.0,0.0,0
0.3599835277484449,0.24310497807112874,0.2984148887071449,0.04185822453632741,0.8840014409401024,0.23930593522639268,1.0,1.0,0
-1.672476878155796,0.3928177211647856,-2.186793831079384,-0.23172494236777144,-0.38751029030987066,0.9449257947818905,1.0,0.0,0
-0.024536008503708785,-0.9118218972227963,-0.21933692791504864,-0.961280054112035,0.4328198588836603,1.5497428172580316,1.0,1.0,0
-1.0682318926166974,1.3338692491820585,-0.42643765456392607,-0.4749099796158593,0.7199354111013961,-2.2807649917575286,0.0,1.0,0
0.7445030640005985,-0.9759845014057923,0.2984148887071449,-1.2652613506721448,-0.5515763201485769,-0.8695252726465327,1.0,0.0,0
-0.29919282011238996,-1.6389980779634163,-0.42643765456392607,-0.6269006278959142,0.26875382904495415,-0.3655110872497484,1.0,0.0,0
0.9092971509658072,0.41420525589245116,-0.271112109577268,0.19384887281638233,0.47383636634333687,0.4409116093851064,0.0,0.0,0
0.46984625239191735,-0.8048842235844699,0.7126163420048998,0.31544139144042627,-0.38751029030987066,-1.6759479692813875,0.0,0.0,0
-0.8485064433297523,0.35004265170945514,-1.0995150161727776,-0.839687535487991,-0.6746258425276065,-1.0711309468052463,1.0,0.0,0
0.4149148900701811,-2.002586168333726,-1.2548405611594358,-0.17092868305574946,-0.18242775301148792,0.13850309814703582,1.0,0.0,0
-0.07946737082544503,1.4621944575480506,-0.32288729123948734,-0.018938034775694553,1.458232545375574,0.03770026106767898,1.0,0.0,0
0.0853267161397637,0.7136307420797648,0.764391523667119,-0.1101324237437275,1.0480674707788087,0.34010877230574954,0.0,0.0,0
1.513542136504906,-1.5106728695974243,0.764391523667119,0.4066357804084592,0.35078684396430726,0.5417144464644632,1.0,0.0,1
-0.4639869070775987,-1.4892853348697597,0.9197170686537771,-0.4445118499598483,-0.05937823063245827,0.23930593522639268,0.0,1.0,1
0.6895717016788623,1.7402324090076986,0.8161667053293384,1.3793759294008106,2.114496664730399,0.23930593522639268,0.0,1.0,1
0.14025807846149993,-0.719334084673809,0.3501900703693643,-0.20132681271176045,-0.5515763201485769,0.03770026106767898,0.0,0.0,0
0.854365788644071,-0.8262717583121355,0.5055156153560223,-0.1101324237437275,-1.1668239320437253,0.6425172835438201,1.0,1.0,0
-1.452751428868851,-2.002586168333726,-1.0995150161727776,-1.174066961704112,0.22773732158527757,-2.2807649917575286,1.0,0.0,0
-0.7386437186862799,-0.33435845957583377,-0.7370887445372422,-1.022076313424057,-1.002757902205019,1.4489399801786749,1.0,0.0,0
-0.13439873314718126,-0.20603325120984253,-0.32288729123948734,-0.4141137203038373,-0.8797083798259893,-2.2807649917575286,1.0,0.0,0
-1.3978200665471148,0.7564058115350952,-0.6335383812128035,1.4401721887128327,-1.7820715439388735,-1.1719337838846031,0.0,0.0,0
-1.233025979581906,-1.403735195959098,-1.565491651132752,-1.6300389065442766,-0.3464937828501941,-0.3655110872497484,0.0,1.0,0
0.46984625239191735,-1.53206040432509,-0.4782128362261454,-0.38371559064782634,-1.7820715439388735,0.6425172835438201,0.0,0.0,0
-0.024536008503708785,0.499755394803112,-0.840639107861681,-0.23172494236777144,-0.5515763201485769,-2.2807649917575286,0.0,1.0,0
0.0853267161397637,1.0558312977224096,1.5410192486004095,0.04185822453632741,0.9660344558594555,-0.06310257601167786,1.0,0.0,1
1.6783362234701147,-1.5748354737804204,1.5410192486004095,0.07225635419233839,0.7609519185610727,0.8441229577025338,1.0,0.0,1
-0.24426145779065372,1.1413814366330706,0.039538980396048126,0.4066357804084592,-0.22344426047116447,0.9449257947818905,1.0,0.0,0
1.513542136504906,0.07200470024980632,0.2984148887071449,-0.9004837948000131,0.3097703365046307,-0.6679195984878189,0.0,1.0,0
-0.9583691679732248,1.1413814366330706,-0.21933692791504864,0.801811465936602,-0.6746258425276065,-0.3655110872497484,0.0,0.0,0
-0.13439873314718126,-0.034932973388520104,-0.1675617462528293,0.5282282990325031,-0.6746258425276065,-0.6679195984878189,0.0,0.0,0
0.2501208031049724,-2.002586168333726,0.2984148887071449,-1.4476501286082106,-0.14141124555181137,-0.46631392432910523,1.0,1.0,1
-0.1893300954689175,-0.12048311229918093,-0.840639107861681,-2.1468071106964635,-0.6746258425276065,-1.0711309468052463,1.0,0.0,0
-0.5738496317210712,1.1199939019054057,-0.32288729123948734,-0.8700856651440021,0.022654784286894828,-0.9703281097258895,0.0,0.0,0
-1.5626141535123235,-0.8904343624951314,-1.4101661061460937,-1.0524744430800679,-1.7820715439388735,0.34010877230574954,1.0,0.0,0
-0.6837123563645436,-0.3771335290311642,-1.0477398345105584,2.0177366521770415,0.5148528738030135,0.03770026106767898,0.0,0.0,0
-0.024536008503708785,-0.1418706470268465,0.5055156153560223,0.46743203972048114,0.26875382904495415,0.4409116093851064,0.0,0.0,1
0.19518944078323616,-2.002586168333726,-0.995964652848339,-1.9644183327603975,0.3097703365046307,0.23930593522639268,0.0,0.0,0
0.9642285132875436,1.7402324090076986,1.0750426136404352,0.16345074316037134,2.196529679649752,0.7433201206231769,1.0,0.0,1
-1.5626141535123235,-0.8904343624951314,-0.6335383812128035,-0.8700856651440021,-1.7410550364791968,0.7433201206231769,1.0,0.0,0
-0.29919282011238996,0.5425304642584424,-0.840639107861681,0.22424700247239332,-0.264460767930841,-1.7767508063607442,1.0,1.0,0
-0.8485064433297523,-0.056320508116184935,-1.2030653794972164,-1.5388445175762437,-1.7820715439388735,-0.9703281097258895,1.0,0.0,0
-1.1231632549384336,1.312481714454393,-0.9441894711861196,-0.2925212016797934,2.9758433213836066,-0.3655110872497484,1.0,0.0,0
-0.5738496317210712,0.43559279062011597,-0.21933692791504864,-0.7788912761759691,-0.22344426047116447,-0.06310257601167786,0.0,0.0,0
-0.8485064433297523,-0.20603325120984253,-0.7370887445372422,-1.3868538692961887,0.4328198588836603,-0.7687224355671758,0.0,1.0,0
-1.233025979581906,-0.8904343624951314,-0.5817631995505841,-0.4445118499598483,-1.7820715439388735,0.8441229577025338,1.0,0.0,0
1.1839539625744884,0.8419559504457569,2.110546246884822,1.3793759294008106,1.5812820677546038,2.053757002654816,1.0,0.0,1
-1.7274082404775322,-1.8956484946953998,-1.6172668327949713,-0.3533174609918154,0.6379023961820431,0.03770026106767898,1.0,1.0,0
-0.5738496317210712,0.6922432073521,-1.6690420144571907,0.4370339100644702,-0.018361723172781723,0.03770026106767898,1.0,0.0,0
-0.3541241824341262,-1.1043097097717842,0.3501900703693643,-0.8092894058319801,-1.4949559917211375,0.8441229577025338,0.0,0.0,0
1.2938166872179608,1.312481714454393,2.110546246884822,1.4705703183688437,0.8429849334804258,-1.877553643440101,1.0,0.0,1
1.4586107741831695,0.20032990861579833,1.2821433402893125,0.9538021142166568,-1.5359724991808141,0.03770026106767898,1.0,0.0,1
-0.7935750810080161,0.6922432073521,-1.3583909244838746,-0.049336164431705534,-0.10039473809213482,0.9449257947818905,1.0,0.0,0
0.9642285132875436,0.11477976970513673,0.6090659786804611,-0.1101324237437275,1.007050963319132,-0.6679195984878189,0.0,0.0,0
-1.0133005302949611,-1.7673232863294077,-1.5137164694705325,-1.2348632210161339,-0.8386918723663127,-1.373539458043317,0.0,0.0,0
0.7994344263223347,-0.847659293039801,1.0232674319782158,0.22424700247239332,-0.4285267977695472,-0.1639054130910347,1.0,0.0,1
-0.1893300954689175,0.7136307420797648,-1.0995150161727776,2.321717948737151,0.6379023961820431,-0.06310257601167786,1.0,1.0,1
-1.1231632549384336,0.20032990861579833,-0.995964652848339,-0.1405305533997385,0.1457043066659245,-0.9703281097258895,0.0,0.0,0
0.19518944078323616,1.2483191102713969,-0.5817631995505841,-0.20132681271176045,-0.9617413947453424,2.053757002654816,0.0,1.0,0
1.4586107741831695,0.43559279062011597,1.1268177953026546,-0.049336164431705534,0.6789189036417196,-0.46631392432910523,1.0,0.0,1
0.14025807846149993,-0.9545969666781274,-0.1675617462528293,-0.5661043685838922,1.7863646050529864,-1.1719337838846031,0.0,0.0,0
1.074091237931016,-0.783496688856805,0.8679418869915578,2.29131981908114,-1.2898734544227548,-0.06310257601167786,0.0,0.0,0
1.5684734988266422,0.1361673044328023,1.1268177953026546,0.34583952109643723,0.39180335142398376,0.9449257947818905,0.0,0.0,1
-1.1231632549384336,-2.002586168333726,-1.5137164694705325,-0.049336164431705534,0.9250179483997789,-0.06310257601167786,0.0,0.0,0
-1.3978200665471148,1.7402324090076986,-0.5299880178883648,-0.5357062389278813,1.2531500080771913,0.34010877230574954,0.0,0.0,1
-0.1893300954689175,0.4783678600754472,-0.1675617462528293,0.28504326178441525,-0.4285267977695472,-0.9703281097258895,1.0,0.0,0
-1.1780946172601698,1.2910941797267272,-1.565491651132752,0.5282282990325031,0.3097703365046307,1.4489399801786749,0.0,0.0,0
0.03039535381802745,-1.596223008508086,1.644569611924848,-0.839687535487991,-0.4695433052292238,0.5417144464644632,0.0,0.0,1
-1.452751428868851,1.312481714454393,-0.6853135628750229,-0.9004837948000131,-0.6336093350679299,0.9449257947818905,0.0,0.0,0
0.7994344263223347,2.317695846654662,0.45374043369380296,2.3521160783931623,1.212133500617515,0.34010877230574954,1.0,0.0,1
-0.9583691679732248,-1.3181850570484372,0.3501900703693643,0.22424700247239332,-1.0437744096646955,0.7433201206231769,0.0,0.0,0
-0.024536008503708785,0.8205684157180912,1.333918521951532,0.8930058549046349,0.39180335142398376,-0.8695252726465327,0.0,0.0,0
1.0191598756092797,0.029229630794475898,0.6090659786804611,1.1665890218087338,-0.4285267977695472,-0.46631392432910523,1.0,0.0,0
-1.1780946172601698,-1.553447939052755,-0.5817631995505841,-0.38371559064782634,-1.7820715439388735,1.247334306019961,0.0,0.0,0
1.4036794118614333,0.5425304642584424,0.24663970704492555,2.564902985985239,0.5968858887223666,1.6505456543373884,0.0,1.0,1
-0.5189182693993349,0.8847310199010873,-0.4782128362261454,0.04185822453632741,1.663315082673957,-1.1719337838846031,0.0,0.0,0
-0.3541241824341262,-0.5910088763078171,-0.42643765456392607,0.2546451321284043,-0.4285267977695472,0.23930593522639268,1.0,0.0,0
0.0853267161397637,1.226931575543732,0.19486452538270618,-1.022076313424057,0.18672081412560104,-0.46631392432910523,1.0,0.0,0
0.7445030640005985,-1.6817731474187467,0.764391523667119,-0.7788912761759691,0.47383636634333687,-0.6679195984878189,0.0,0.0,0
0.0853267161397637,-1.5106728695974243,0.45374043369380296,-1.3564557396401777,-0.5925928276082534,0.23930593522639268,1.0,1.0,0
-0.1893300954689175,0.17894237388813272,0.039538980396048126,1.1361908921527228,1.5812820677546038,1.1465314689406043,0.0,0.0,1
-1.5626141535123235,0.05061716552214149,-1.9796931044305066,-2.572380925880617,-0.6336093350679299,0.34010877230574954,1.0,1.0,0
-0.8485064433297523,-0.6979465499461435,-1.3066157428216552,-0.839687535487991,-0.10039473809213482,-0.3655110872497484,1.0,0.0,0
0.14025807846149993,0.8633434851734216,-0.32288729123948734,-2.4811865369125843,-0.3464937828501941,0.5417144464644632,1.0,0.0,0
-1.0682318926166974,0.563917998986108,-0.9441894711861196,-1.0524744430800679,0.26875382904495415,-0.46631392432910523,0.0,0.0,0
0.46984625239191735,0.9061185546287528,1.0750426136404352,-0.049336164431705534,0.7199354111013961,0.4409116093851064,1.0,0.0,1
0.3599835277484449,-0.0990955775715161,-0.5817631995505841,1.4097740590568215,-0.10039473809213482,1.3481371430993179,1.0,1.0,0
-0.9583691679732248,0.6494681378967688,-0.9441894711861196,0.10265448384834938,-0.5925928276082534,-2.179962154678172,1.0,0.0,0
1.2388853248962246,-0.41990859848649537,1.5410192486004095,-0.32291933133580436,-0.4695433052292238,0.8441229577025338,1.0,0.0,1
-0.1893300954689175,2.1465955688333387,-0.37466247290170673,1.3793759294008106,1.0890839782384851,-1.5751451322020305,0.0,0.0,0
-0.1893300954689175,-0.8048842235844699,0.19486452538270618,-0.23172494236777144,0.06367129174657138,1.1465314689406043,0.0,0.0,0
-1.1780946172601698,2.1893706382886697,-0.9441894711861196,0.04185822453632741,0.4328198588836603,-0.7687224355671758,1.0,0.0,0
1.074091237931016,0.07200470024980632,0.9197170686537771,-0.6269006278959142,0.55586938126269,-1.1719337838846031,0.0,1.0,0
-0.024536008503708785,-1.3823476612314332,-0.1675617462528293,-1.204465091360123,-0.5105598126889004,0.6425172835438201,1.0,1.0,0
-1.672476878155796,1.440806922820385,-0.6853135628750229,-1.1132707023920898,0.10468779920624793,0.23930593522639268,0.0,0.0,0
0.7994344263223347,0.15755483916046792,-0.5817631995505841,0.4370339100644702,0.06367129174657138,-0.9703281097258895,0.0,0.0,0
-1.0133005302949611,0.9061185546287528,-0.995964652848339,-0.1405305533997385,-0.018361723172781723,-1.373539458043317,0.0,0.0,0
-0.6837123563645436,1.2910941797267272,-0.271112109577268,1.4097740590568215,2.729744276625547,-0.26470825017039157,1.0,0.0,0
-0.5738496317210712,0.3714301864371207,-0.01223620126617123,0.19384887281638233,0.1457043066659245,-1.2727366209639601,0.0,1.0,0
-1.1780946172601698,-0.5696213415801522,0.24663970704492555,-2.572380925880617,-0.18242775301148792,-1.1719337838846031,1.0,0.0,0
-0.29919282011238996,1.034443762994744,-0.4782128362261454,0.34583952109643723,0.6789189036417196,0.03770026106767898,0.0,1.0,0
-1.6175455158340597,0.029229630794475898,-0.06401138292839058,-1.9644183327603975,-0.8797083798259893,-1.0711309468052463,1.0,1.0,0
-0.8485064433297523,0.7350182768074304,-1.0995150161727776,-1.0524744430800679,1.1301004856981618,0.34010877230574954,0.0,0.0,0
1.6234048611483785,-2.002586168333726,2.110546246884822,-0.4749099796158593,-0.18242775301148792,1.5497428172580316,0.0,0.0,0
0.634640339357126,0.4783678600754472,1.0232674319782158,-0.23172494236777144,1.2941665155368678,-0.1639054130910347,0.0,1.0,1
1.2938166872179608,-0.6337839457631482,0.24663970704492555,-0.839687535487991,-0.30547727539051756,0.13850309814703582,1.0,0.0,0
-0.24426145779065372,1.718844874280033,0.039538980396048126,0.46743203972048114,-0.22344426047116447,1.952954165575459,0.0,0.0,0
-0.1893300954689175,0.6708556726244345,-0.1675617462528293,-1.204465091360123,0.47383636634333687,-1.2727366209639601,1.0,1.0,0
-0.6287809940428074,0.2858800475264592,-0.01223620126617123,0.13305261350436037,-1.1668239320437253,1.1465314689406043,0.0,0.0,0
0.7994344263223347,0.5211429295307776,0.4019652520315836,2.504106726673217,0.8840014409401024,1.0457286318612475,1.0,0.0,1
-0.9034378056514886,-0.9973720361334579,-0.8924142895239002,-1.7820295548243315,-1.7820715439388735,0.7433201206231769,1.0,0.0,0
0.2501208031049724,1.6974573395523673,1.178592976964874,0.22424700247239332,0.5148528738030135,1.247334306019961,0.0,1.0,1
1.4586107741831695,2.0824329646503434,0.9714922503159965,-1.2348632210161339,0.06367129174657138,0.34010877230574954,1.0,0.0,1
-0.6837123563645436,0.43559279062011597,0.09131416205826748,-0.4445118499598483,2.4016122169481346,-0.6679195984878189,1.0,0.0,1
-1.452751428868851,1.6546822700970378,-1.2030653794972164,0.34583952109643723,-1.2898734544227548,0.9449257947818905,1.0,1.0,0
-0.7386437186862799,-0.5482338068524866,0.6608411603426804,0.2546451321284043,-0.6336093350679299,1.0457286318612475,1.0,1.0,0
1.348748049539697,-0.783496688856805,0.45374043369380296,0.46743203972048114,1.007050963319132,1.1465314689406043,0.0,1.0,1
-1.5076827911905872,0.07200470024980632,-1.5137164694705325,0.22424700247239332,0.35078684396430726,-0.06310257601167786,0.0,1.0,0
-1.6175455158340597,0.4783678600754472,-0.06401138292839058,1.7745516149289533,0.35078684396430726,-0.8695252726465327,1.0,1.0,0
1.4586107741831695,-0.3771335290311642,0.7126163420048998,2.108931041145074,-0.10039473809213482,0.23930593522639268,1.0,0.0,1
-1.7274082404775322,0.5853055337137736,-0.06401138292839058,-1.0524744430800679,0.8019684260207492,0.8441229577025338,1.0,0.0,0
1.4036794118614333,0.35004265170945514,1.644569611924848,-0.6572987575519251,1.3351830229965445,1.0457286318612475,1.0,0.0,1
1.513542136504906,-0.9973720361334579,0.9714922503159965,0.07225635419233839,0.22773732158527757,-0.3655110872497484,0.0,0.0,0
0.30505216542670865,0.563917998986108,-1.0995150161727776,-0.5965024982399032,0.47383636634333687,0.34010877230574954,0.0,0.0,0
-0.9583691679732248,0.9061185546287528,-0.6853135628750229,0.22424700247239332,-0.264460767930841,-1.373539458043317,1.0,0.0,0
0.0853267161397637,0.20032990861579833,0.14308934372048684,-0.991678183768046,-0.7976753649066362,0.9449257947818905,1.0,1.0,0
1.5684734988266422,1.2055440408160665,1.9552207018981642,0.862607725248624,2.114496664730399,-0.7687224355671758,1.0,0.0,1
0.14025807846149993,-1.2112473834101107,1.2303681586270934,0.589024558344525,0.7609519185610727,0.7433201206231769,0.0,0.0,0
0.9092971509658072,0.499755394803112,0.14308934372048684,0.4066357804084592,-0.38751029030987066,-1.1719337838846031,0.0,1.0,0
-0.4090555447558625,-1.1684723139547804,0.2984148887071449,-1.2652613506721448,-0.715642349987283,0.9449257947818905,1.0,1.0,0
-0.4639869070775987,-1.1043097097717842,0.19486452538270618,0.6498208176565471,-0.7566588574469596,0.23930593522639268,1.0,0.0,0
-1.1231632549384336,-0.6123964110354826,-0.01223620126617123,-2.298797758976518,-0.7976753649066362,-0.8695252726465327,0.0,0.0,0
-0.7935750810080161,-0.9332094319504619,-0.21933692791504864,-0.8092894058319801,-0.6746258425276065,0.6425172835438201,0.0,0.0,0
-0.9583691679732248,-0.5268462721248218,-2.0832434677549454,-0.5357062389278813,0.1457043066659245,-0.6679195984878189,1.0,1.0,0
0.634640339357126,-0.18464571648217695,0.3501900703693643,0.2546451321284043,-0.6746258425276065,0.7433201206231769,1.0,1.0,0
-0.9034378056514886,0.8847310199010873,-1.4619412878083131,-0.018938034775694553,-0.7566588574469596,-0.3655110872497484,1.0,0.0,0
-0.29919282011238996,-0.2915833901205034,-0.37466247290170673,0.3762376507524482,0.7609519185610727,-1.7767508063607442,0.0,0.0,0
-1.3428887042253785,-1.596223008508086,-0.271112109577268,-0.9004837948000131,-1.3308899618824312,-1.0711309468052463,1.0,0.0,0
1.513542136504906,1.2055440408160665,1.2821433402893125,0.5586264286885141,-0.18242775301148792,-0.3655110872497484,1.0,0.0,1
0.7445030640005985,-0.8262717583121355,1.333918521951532,-0.23172494236777144,-0.6336093350679299,1.3481371430993179,0.0,0.0,0
-0.4090555447558625,-0.034932973388520104,-0.06401138292839058,-0.7180950168639472,-0.5515763201485769,0.8441229577025338,1.0,1.0,0
-0.8485064433297523,0.4783678600754472,-1.565491651132752,0.49783016937649216,1.2531500080771913,1.5497428172580316,0.0,0.0,0
-0.1893300954689175,0.24310497807112874,-1.9796931044305066,-0.5965024982399032,0.7609519185610727,1.6505456543373884,1.0,1.0,0
1.1290226002527521,1.162768971360736,0.9197170686537771,1.5009684480248546,1.8683976199723396,-0.46631392432910523,1.0,0.0,1
-1.3428887042253785,0.5211429295307776,-1.0995150161727776,-0.4141137203038373,0.4328198588836603,-0.26470825017039157,0.0,0.0,0
-0.9583691679732248,-0.847659293039801,-1.4101661061460937,-1.0524744430800679,0.06367129174657138,-0.46631392432910523,1.0,1.0,0
-0.29919282011238996,2.2749207771993305,-1.4619412878083131,0.9538021142166568,0.26875382904495415,-0.7687224355671758,0.0,1.0,0
0.7445030640005985,0.22171744334346316,-0.01223620126617123,-0.2925212016797934,0.06367129174657138,-1.877553643440101,0.0,1.0,0
0.9642285132875436,-0.12048311229918093,0.5572907970182417,0.9842002438726679,-0.7566588574469596,0.03770026106767898,1.0,1.0,0
1.074091237931016,1.0130562282670792,1.2303681586270934,0.862607725248624,0.55586938126269,-1.2727366209639601,0.0,0.0,1
-1.3978200665471148,0.2858800475264592,-0.840639107861681,-1.0524744430800679,0.18672081412560104,-0.1639054130910347,1.0,0.0,0
-1.6175455158340597,0.43559279062011597,0.039538980396048126,-0.07973429408771651,-0.3464937828501941,2.053757002654816,0.0,0.0,0
-0.1893300954689175,2.59573379811431,-0.8924142895239002,0.9842002438726679,2.2375461871094284,-0.5671167614084621,1.0,0.0,0
0.634640339357126,-0.24880832066517294,1.0750426136404352,1.2881815404327777,-1.0437744096646955,0.23930593522639268,0.0,0.0,0
1.1290226002527521,-0.2915833901205034,0.8161667053293384,1.2881815404327777,0.5968858887223666,0.9449257947818905,1.0,0.0,1
-0.4639869070775987,0.15755483916046792,0.14308934372048684,0.31544139144042627,-1.3308899618824312,0.23930593522639268,1.0,0.0,0
1.513542136504906,1.1199939019054057,0.764391523667119,-0.1405305533997385,1.007050963319132,0.34010877230574954,0.0,0.0,1
1.4036794118614333,-1.5106728695974243,1.7481199752492869,2.504106726673217,0.6789189036417196,-0.3655110872497484,0.0,0.0,1
-1.6175455158340597,-1.9811986336060605,-0.9441894711861196,-2.35959401828854,-1.2078404395034017,-0.3655110872497484,1.0,0.0,0
-0.6837123563645436,-0.5696213415801522,-0.995964652848339,0.46743203972048114,-0.10039473809213482,-1.0711309468052463,1.0,1.0,0
0.7445030640005985,-1.6389980779634163,0.5055156153560223,0.3762376507524482,-1.0847909171243721,0.8441229577025338,0.0,0.0,1
-0.9583691679732248,-0.3985210637588298,-0.840639107861681,-1.5388445175762437,-1.7820715439388735,-1.877553643440101,0.0,0.0,0
-0.4090555447558625,0.5425304642584424,0.039538980396048126,-0.1405305533997385,0.5148528738030135,0.9449257947818905,1.0,0.0,0
-0.13439873314718126,-0.8904343624951314,-0.9441894711861196,-0.2925212016797934,1.0890839782384851,-1.4743422951226737,1.0,0.0,0
-1.0133005302949611,-1.4251227306867635,-0.7370887445372422,0.46743203972048114,-1.7000385290195204,0.8441229577025338,1.0,1.0,0
-1.3978200665471148,0.0933922349774719,-0.6853135628750229,-1.204465091360123,0.55586938126269,-0.46631392432910523,0.0,0.0,0
-0.8485064433297523,0.9061185546287528,-0.5817631995505841,-0.38371559064782634,0.06367129174657138,-1.2727366209639601,1.0,0.0,0
1.6234048611483785,-1.7031606821464125,2.110546246884822,-1.8124276844803424,-1.1258074245840486,0.6425172835438201,1.0,0.0,0
0.634640339357126,0.8633434851734216,1.0232674319782158,2.048134781833052,-0.5105598126889004,0.9449257947818905,0.0,0.0,0
-0.6837123563645436,0.8633434851734216,-0.4782128362261454,-1.0524744430800679,0.06367129174657138,-0.46631392432910523,1.0,1.0,1
0.19518944078323616,1.0130562282670792,0.2984148887071449,0.6194226880005361,0.06367129174657138,0.7433201206231769,1.0,0.0,0
-1.2879573419036423,1.2697066449990626,-0.6853135628750229,-0.3533174609918154,-1.1258074245840486,-2.2807649917575286,1.0,0.0,0
0.30505216542670865,2.2963083119269965,0.5055156153560223,0.5282282990325031,-0.4285267977695472,-1.373539458043317,1.0,0.0,0
0.854365788644071,-0.33435845957583377,-0.7370887445372422,1.0449965031846897,-0.7566588574469596,1.3481371430993179,1.0,1.0,0
1.348748049539697,0.1361673044328023,0.7126163420048998,2.1393291708010853,0.5968858887223666,-0.1639054130910347,0.0,1.0,0
1.513542136504906,-0.3985210637588298,-0.01223620126617123,0.801811465936602,0.18672081412560104,-1.877553643440101,1.0,0.0,0
1.6783362234701147,0.029229630794475898,2.110546246884822,1.3185796700887886,0.022654784286894828,-0.6679195984878189,0.0,0.0,1
-0.5738496317210712,1.6119072006417066,-0.4782128362261454,0.4066357804084592,0.6379023961820431,-0.9703281097258895,0.0,1.0,1
1.1839539625744884,-1.3609601265037676,0.7126163420048998,1.1361908921527228,0.8840014409401024,-0.1639054130910347,0.0,1.0,0
1.1290226002527521,-0.847659293039801,1.4374688852759707,-0.1101324237437275,0.26875382904495415,-0.3655110872497484,1.0,0.0,1
1.1290226002527521,1.440806922820385,1.0750426136404352,1.7745516149289533,0.8429849334804258,0.23930593522639268,1.0,0.0,1
-1.672476878155796,1.0772188324500744,-2.0314682860927262,0.5586264286885141,0.6789189036417196,-0.1639054130910347,1.0,1.0,0
-0.4639869070775987,-0.33435845957583377,-0.37466247290170673,0.74101520662458,-1.2898734544227548,1.3481371430993179,1.0,0.0,0
-1.3428887042253785,0.9061185546287528,-1.2030653794972164,-0.961280054112035,-0.3464937828501941,0.34010877230574954,1.0,0.0,0
-1.1780946172601698,0.3714301864371207,-2.0832434677549454,-0.5357062389278813,-0.5105598126889004,0.34010877230574954,0.0,0.0,0
-1.0682318926166974,1.5691321311863768,-1.2548405611594358,0.13305261350436037,-0.8386918723663127,1.0457286318612475,1.0,0.0,0
-0.8485064433297523,0.11477976970513673,-0.7370887445372422,-1.5692426472322547,-0.715642349987283,-0.46631392432910523,1.0,0.0,0
-1.3428887042253785,1.0772188324500744,-1.0477398345105584,1.1361908921527228,-1.7820715439388735,-1.373539458043317,1.0,0.0,0
-0.6287809940428074,2.7454465412079676,-1.5137164694705325,0.31544139144042627,2.729744276625547,1.1465314689406043,0.0,0.0,0
-0.7935750810080161,0.6494681378967688,0.24663970704492555,0.07225635419233839,-0.9207248872856658,0.03770026106767898,1.0,0.0,0
-0.13439873314718126,0.07200470024980632,-0.1675617462528293,-0.5661043685838922,1.2941665155368678,0.13850309814703582,0.0,0.0,0
-0.7935750810080161,0.7777933462627609,-0.5299880178883648,-1.3564557396401777,0.022654784286894828,-0.6679195984878189,1.0,1.0,0
0.7445030640005985,-0.35574599430349935,0.8161667053293384,-0.2925212016797934,0.47383636634333687,-0.5671167614084621,0.0,0.0,0
0.7994344263223347,2.4887961244759835,-0.01223620126617123,1.075394632840701,0.9250179483997789,0.8441229577025338,0.0,0.0,1
-0.07946737082544503,0.22171744334346316,0.24663970704492555,0.6498208176565471,0.1457043066659245,0.9449257947818905,1.0,0.0,0
0.30505216542670865,-0.24880832066517294,-0.06401138292839058,0.22424700247239332,0.47383636634333687,0.7433201206231769,1.0,0.0,0
-0.024536008503708785,-0.8262717583121355,-0.6853135628750229,0.13305261350436037,0.1457043066659245,0.7433201206231769,1.0,0.0,0
-1.1780946172601698,1.162768971360736,-0.42643765456392607,-0.5357062389278813,0.7609519185610727,0.4409116093851064,1.0,1.0,1
0.6895717016788623,0.9275060893564177,1.5410192486004095,0.9538021142166568,0.22773732158527757,0.13850309814703582,0.0,1.0,1
-0.4090555447558625,-0.4840712026694906,0.24663970704492555,1.1057927624967119,-0.9207248872856658,-0.26470825017039157,0.0,0.0,0
0.03039535381802745,0.628080603169104,0.6608411603426804,0.801811465936602,-1.2488569469630781,1.1465314689406043,0.0,0.0,0
1.513542136504906,-1.5106728695974243,0.6608411603426804,1.0449965031846897,0.5148528738030135,-0.3655110872497484,0.0,0.0,1
0.30505216542670865,0.22171744334346316,-0.9441894711861196,0.46743203972048114,1.0890839782384851,0.34010877230574954,1.0,0.0,0
0.46984625239191735,0.499755394803112,1.3856937036137513,-1.0524744430800679,1.74534809759331,-0.8695252726465327,1.0,0.0,1
-1.3428887042253785,1.7830074784630299,0.5572907970182417,-1.1132707023920898,0.55586938126269,-0.7687224355671758,0.0,0.0,0
-1.1780946172601698,-0.7621091541291395,0.2984148887071449,-0.23172494236777144,-1.5359724991808141,-0.3655110872497484,1.0,0.0,0
-0.5738496317210712,-1.2754099875931066,-0.6335383812128035,-0.5053081092718703,-1.7820715439388735,-0.8695252726465327,0.0,1.0,0
1.0191598756092797,-0.8904343624951314,-0.11578656459060994,0.6498208176565471,0.8429849334804258,0.8441229577025338,1.0,1.0,0
-0.4639869070775987,-1.3395725917761019,-1.0995150161727776,1.075394632840701,-1.7820715439388735,-1.373539458043317,1.0,1.0,0
0.46984625239191735,1.3980318533650538,-0.8924142895239002,1.1665890218087338,0.39180335142398376,0.13850309814703582,0.0,0.0,0
-0.8485064433297523,1.6119072006417066,-0.6853135628750229,1.1665890218087338,0.18672081412560104,0.03770026106767898,1.0,1.0,0
-1.1231632549384336,0.35004265170945514,0.3501900703693643,-0.2925212016797934,-0.38751029030987066,-1.877553643440101,0.0,0.0,0
1.348748049539697,1.2910941797267272,0.8679418869915578,0.10265448384834938,1.007050963319132,-0.3655110872497484,0.0,0.0,1
0.7445030640005985,0.15755483916046792,0.7126163420048998,0.31544139144042627,0.35078684396430726,0.23930593522639268,0.0,0.0,0
-0.024536008503708785,-0.07770804284385052,0.9714922503159965,-0.7484931465199581,-1.7820715439388735,0.4409116093851064,0.0,0.0,0
-0.9583691679732248,-0.31297092484816896,-0.995964652848339,0.9842002438726679,-0.5925928276082534,-0.26470825017039157,0.0,0.0,0
-0.9034378056514886,-0.2915833901205034,0.8161667053293384,0.28504326178441525,-1.7820715439388735,0.6425172835438201,0.0,1.0,0
1.1839539625744884,-1.553447939052755,2.2658717918714806,0.6498208176565471,0.5968858887223666,-0.06310257601167786,1.0,1.0,1
-0.5738496317210712,0.30726758225412476,-0.5299880178883648,0.9842002438726679,-0.6746258425276065,-0.06310257601167786,1.0,1.0,0
-0.24426145779065372,-0.013545438660854517,-0.5817631995505841,-1.9340202031043865,-1.7820715439388735,0.23930593522639268,0.0,1.0,0
-0.6837123563645436,0.7991808809904264,0.039538980396048126,0.4370339100644702,-0.715642349987283,0.8441229577025338,1.0,0.0,0
0.03039535381802745,0.11477976970513673,-0.21933692791504864,-1.143668832048101,-0.5515763201485769,-0.6679195984878189,1.0,0.0,0
-1.233025979581906,-0.1418706470268465,-1.7208171961194099,-0.5357062389278813,0.47383636634333687,-0.5671167614084621,1.0,0.0,0
0.4149148900701811,-0.8690468277674659,1.2303681586270934,-0.2925212016797934,-0.14141124555181137,-0.6679195984878189,0.0,0.0,0
-0.024536008503708785,0.0933922349774719,0.8679418869915578,0.6194226880005361,0.22773732158527757,-0.3655110872497484,0.0,0.0,0
0.9642285132875436,0.7777933462627609,0.764391523667119,0.801811465936602,1.663315082673957,1.4489399801786749,1.0,1.0,1
1.513542136504906,-1.1470847792271148,0.14308934372048684,1.6225609666488985,-0.018361723172781723,0.6425172835438201,0.0,1.0,1
0.03039535381802745,0.11477976970513673,-0.8924142895239002,-0.5053081092718703,0.6379023961820431,-1.1719337838846031,0.0,0.0,0
-1.672476878155796,0.2644925127987943,-1.0995150161727776,0.011460094880316431,0.06367129174657138,-0.7687224355671758,0.0,0.0,0
0.03039535381802745,-0.6979465499461435,-0.32288729123948734,0.04185822453632741,-1.6180055141001672,0.34010877230574954,0.0,0.0,0
0.03039535381802745,-0.5696213415801522,-0.21933692791504864,-1.5996407768882657,0.9660344558594555,-0.9703281097258895,0.0,0.0,0
0.46984625239191735,0.2644925127987943,1.0750426136404352,-0.5661043685838922,-1.1258074245840486,-0.7687224355671758,1.0,1.0,1
-1.0682318926166974,-1.125697244499449,-0.21933692791504864,-0.8092894058319801,0.022654784286894828,1.247334306019961,0.0,0.0,0
-0.13439873314718126,0.3928177211647856,0.9197170686537771,1.0449965031846897,-1.3308899618824312,-0.6679195984878189,1.0,1.0,0
0.03039535381802745,-0.8904343624951314,-0.6853135628750229,0.2546451321284043,0.10468779920624793,0.9449257947818905,0.0,0.0,0
-1.0682318926166974,1.1199939019054057,-0.995964652848339,-1.2652613506721448,1.74534809759331,1.1465314689406043,0.0,0.0,0
1.074091237931016,2.4246335202929883,1.2821433402893125,0.862607725248624,1.212133500617515,-0.6679195984878189,1.0,0.0,1
-0.3541241824341262,-0.847659293039801,0.09131416205826748,1.5313665776808656,-0.7976753649066362,-0.9703281097258895,1.0,1.0,0
-0.5738496317210712,0.5853055337137736,0.7126163420048998,0.011460094880316431,0.5148528738030135,-0.3655110872497484,0.0,1.0,0
0.3599835277484449,-0.719334084673809,0.5572907970182417,-0.2925212016797934,-0.6336093350679299,-1.0711309468052463,1.0,1.0,1
-1.672476878155796,1.0986063671777402,0.14308934372048684,0.011460094880316431,1.4992490528352507,0.03770026106767898,0.0,0.0,0
0.30505216542670865,-1.2754099875931066,0.6090659786804611,0.5586264286885141,-0.18242775301148792,-0.26470825017039157,1.0,0.0,1
0.3599835277484449,0.5211429295307776,1.0232674319782158,-0.1405305533997385,-0.018361723172781723,0.34010877230574954,1.0,0.0,1
-0.3541241824341262,-0.8690468277674659,-0.4782128362261454,0.13305261350436037,-1.0847909171243721,1.3481371430993179,0.0,0.0,0
0.7445030640005985,-0.18464571648217695,0.5055156153560223,-0.018938034775694553,-0.7976753649066362,0.8441229577025338,0.0,1.0,0
1.4036794118614333,-1.0187595708611228,1.644569611924848,1.0449965031846897,-0.5515763201485769,0.5417144464644632,0.0,1.0,0
0.9642285132875436,0.8633434851734216,1.8516703385737256,0.74101520662458,0.3097703365046307,-1.978356480519458,1.0,1.0,1
-0.9583691679732248,-0.8262717583121355,-0.1675617462528293,-0.1101324237437275,-1.2078404395034017,0.34010877230574954,0.0,1.0,0
0.0853267161397637,0.5853055337137736,-0.01223620126617123,-0.5053081092718703,-0.38751029030987066,1.7513484914167454,0.0,0.0,0
0.5247776147136536,-0.33435845957583377,1.3856937036137513,-0.5965024982399032,1.7863646050529864,-2.2807649917575286,0.0,1.0,0
1.2388853248962246,-0.07770804284385052,-0.7370887445372422,1.3793759294008106,-0.6746258425276065,0.7433201206231769,0.0,0.0,0
0.634640339357126,0.17894237388813272,-0.5817631995505841,0.2546451321284043,0.3097703365046307,-0.1639054130910347,0.0,0.0,0
0.9092971509658072,-0.7621091541291395,1.1268177953026546,0.49783016937649216,0.39180335142398376,-0.8695252726465327,1.0,0.0,1
0.4149148900701811,0.24310497807112874,0.2984148887071449,-0.049336164431705534,0.7199354111013961,0.8441229577025338,1.0,0.0,0
-1.1780946172601698,1.590519665914041,-0.42643765456392607,0.680218947312558,0.18672081412560104,1.6505456543373884,0.0,0.0,0
1.5684734988266422,-0.7621091541291395,1.1268177953026546,-0.049336164431705534,-0.14141124555181137,0.8441229577025338,1.0,0.0,1
-1.6175455158340597,1.226931575543732,-0.7370887445372422,-0.5053081092718703,0.35078684396430726,-0.46631392432910523,0.0,0.0,0
1.4586107741831695,1.5691321311863768,0.45374043369380296,1.6833572259609204,1.376199530456221,-0.8695252726465327,1.0,1.0,1
-1.452751428868851,-0.8048842235844699,-0.6335383812128035,0.31544139144042627,-1.1668239320437253,0.03770026106767898,0.0,0.0,0
-1.2879573419036423,-1.467897800142094,-0.21933692791504864,-1.2956594803281558,-1.7820715439388735,0.7433201206231769,0.0,0.0,0
-1.452751428868851,0.32865511698178956,-0.1675617462528293,1.2577834107767667,-0.8797083798259893,-0.46631392432910523,1.0,0.0,0
-1.2879573419036423,-0.5268462721248218,0.5572907970182417,-0.3533174609918154,-1.7820715439388735,-0.3655110872497484,1.0,0.0,0
0.3599835277484449,1.9541077562843514,0.4019652520315836,-0.38371559064782634,0.35078684396430726,2.8601796992896706,1.0,1.0,1
-0.07946737082544503,0.07200470024980632,0.14308934372048684,0.34583952109643723,-0.05937823063245827,1.0457286318612475,0.0,1.0,0
-0.024536008503708785,-0.8048842235844699,-1.151290197834997,-0.5053081092718703,-0.14141124555181137,1.1465314689406043,0.0,1.0,0
0.46984625239191735,-1.1470847792271148,-0.06401138292839058,0.3762376507524482,1.2941665155368678,-1.4743422951226737,1.0,0.0,0
0.9642285132875436,1.1413814366330706,0.5572907970182417,0.6194226880005361,0.26875382904495415,-0.6679195984878189,0.0,0.0,1
-1.1231632549384336,-0.5482338068524866,-0.06401138292839058,-0.5053081092718703,-0.05937823063245827,-0.06310257601167786,1.0,0.0,0
-1.3428887042253785,0.07200470024980632,-1.4101661061460937,-1.3564557396401777,-0.264460767930841,-1.0711309468052463,1.0,0.0,0
-1.3428887042253785,1.0130562282670792,-0.37466247290170673,0.589024558344525,1.0890839782384851,1.5497428172580316,0.0,1.0,0
0.9642285132875436,-0.4626836679418258,0.6608411603426804,-0.7484931465199581,0.5148528738030135,1.4489399801786749,1.0,0.0,0
-0.24426145779065372,-0.013545438660854517,-0.32288729123948734,-1.1132707023920898,-1.1258074245840486,-0.5671167614084621,1.0,0.0,0
1.6234048611483785,0.00784209606681031,1.333918521951532,1.0145983735286788,-1.1258074245840486,1.8521513284961022,1.0,0.0,1
-0.6837123563645436,0.7350182768074304,-0.7888639261994616,1.3489777997447996,0.26875382904495415,-0.06310257601167786,1.0,0.0,0
1.6234048611483785,0.628080603169104,0.8161667053293384,0.49783016937649216,0.26875382904495415,2.658574025130957,1.0,0.0,0
0.7994344263223347,-0.20603325120984253,-0.6853135628750229,0.9538021142166568,-0.8386918723663127,0.13850309814703582,1.0,1.0,1
1.4586107741831695,0.0933922349774719,0.8679418869915578,1.6225609666488985,-0.715642349987283,0.6425172835438201,0.0,0.0,1
1.6783362234701147,-0.35574599430349935,0.8161667053293384,1.3793759294008106,0.4328198588836603,1.4489399801786749,1.0,1.0,1
-1.3978200665471148,-1.4892853348697597,-1.3583909244838746,-1.174066961704112,0.4328198588836603,1.1465314689406043,0.0,0.0,0
-1.1780946172601698,0.2858800475264592,-0.5299880178883648,-1.4172519989521997,-0.7566588574469596,0.4409116093851064,1.0,1.0,0
-0.6837123563645436,1.975495291012017,-0.01223620126617123,-1.8732239437923646,1.1301004856981618,-0.26470825017039157,1.0,0.0,0
-0.9034378056514886,-0.8690468277674659,-0.4782128362261454,-0.7788912761759691,-0.8386918723663127,0.4409116093851064,0.0,0.0,0
-1.5626141535123235,-0.7621091541291395,-0.37466247290170673,0.28504326178441525,-1.7820715439388735,-0.9703281097258895,0.0,0.0,0
-1.452751428868851,-0.8690468277674659,-0.6335383812128035,-1.8124276844803424,-0.264460767930841,0.03770026106767898,1.0,0.0,0
1.4036794118614333,0.7777933462627609,0.764391523667119,1.4097740590568215,-0.264460767930841,-1.0711309468052463,0.0,0.0,1
-0.5738496317210712,0.499755394803112,-0.7370887445372422,-0.991678183768046,-0.05937823063245827,-1.877553643440101,0.0,0.0,0
-0.3541241824341262,-0.1418706470268465,-0.01223620126617123,-0.07973429408771651,-0.5925928276082534,0.03770026106767898,0.0,1.0,1
1.6783362234701147,-0.9118218972227963,1.5927944302626287,1.1665890218087338,0.9250179483997789,1.3481371430993179,1.0,0.0,1
-1.6175455158340597,0.11477976970513673,-0.11578656459060994,-1.2348632210161339,-1.5769890066404906,0.8441229577025338,1.0,0.0,0
1.6783362234701147,-1.5748354737804204,2.058771065222603,0.5282282990325031,0.47383636634333687,-0.06310257601167786,1.0,0.0,0
0.46984625239191735,0.17894237388813272,-0.06401138292839058,-0.1405305533997385,-0.6336093350679299,1.7513484914167454,0.0,0.0,0
1.513542136504906,0.9275060893564177,0.9714922503159965,1.4705703183688437,0.39180335142398376,-0.5671167614084621,1.0,1.0,1
0.5247776147136536,-1.2540224528654411,0.8679418869915578,0.19384887281638233,-1.7820715439388735,-1.978356480519458,0.0,1.0,1
-1.0133005302949611,-1.553447939052755,0.039538980396048126,-0.6876968872079362,1.0890839782384851,-2.2807649917575286,1.0,0.0,0
-1.1780946172601698,1.6546822700970378,-0.1675617462528293,1.2881815404327777,0.7609519185610727,-1.2727366209639601,1.0,0.0,0
-0.7935750810080161,-0.5910088763078171,-0.6335383812128035,0.16345074316037134,-1.371906469342108,0.7433201206231769,0.0,0.0,0
1.1839539625744884,1.2055440408160665,-0.06401138292839058,0.13305261350436037,-0.14141124555181137,-0.5671167614084621,1.0,0.0,0
-1.1231632549384336,-0.12048311229918093,-1.5137164694705325,-0.5661043685838922,-1.002757902205019,0.34010877230574954,0.0,0.0,0
-0.5189182693993349,-0.1418706470268465,-0.1675617462528293,-0.2925212016797934,0.3097703365046307,1.5497428172580316,0.0,0.0,0
-1.1231632549384336,0.4783678600754472,-0.5299880178883648,-0.26212307202378243,-1.7820715439388735,-1.1719337838846031,0.0,0.0,0
-1.0682318926166974,-0.8690468277674659,-1.565491651132752,1.6833572259609204,-0.9617413947453424,0.34010877230574954,0.0,1.0,0
-0.4090555447558625,0.15755483916046792,-0.271112109577268,0.22424700247239332,1.4172160379158976,0.4409116093851064,0.0,0.0,0
0.6895717016788623,-0.35574599430349935,0.9197170686537771,-1.6300389065442766,-1.0847909171243721,-0.8695252726465327,0.0,0.0,0
1.0191598756092797,-1.3181850570484372,-0.11578656459060994,-0.32291933133580436,-0.05937823063245827,1.3481371430993179,0.0,0.0,0
1.4036794118614333,0.3714301864371207,1.7998951569115063,-1.0828725727360788,2.5246617393271644,-0.26470825017039157,1.0,0.0,1
-0.7386437186862799,-0.24880832066517294,-0.7888639261994616,-0.6572987575519251,0.10468779920624793,-0.46631392432910523,1.0,1.0,0
1.2388853248962246,-0.1418706470268465,1.7998951569115063,-1.3260576099841668,0.35078684396430726,2.1545598397341728,1.0,0.0,1
0.7445030640005985,-1.2112473834101107,0.14308934372048684,-0.7180950168639472,0.22773732158527757,0.5417144464644632,1.0,0.0,0
0.19518944078323616,1.6546822700970378,-0.6335383812128035,-0.930881924456024,0.39180335142398376,0.9449257947818905,0.0,0.0,0
0.6895717016788623,0.9275060893564177,0.14308934372048684,0.862607725248624,1.74534809759331,1.3481371430993179,0.0,0.0,0
-1.3428887042253785,1.0130562282670792,-1.0477398345105584,-0.32291933133580436,-0.4285267977695472,-0.7687224355671758,0.0,0.0,0
-0.1893300954689175,-0.2915833901205034,-0.42643765456392607,0.16345074316037134,-1.7820715439388735,1.247334306019961,1.0,0.0,0
1.2388853248962246,-1.7459357516017429,0.7126163420048998,0.07225635419233839,-0.38751029030987066,-0.46631392432910523,0.0,0.0,1
1.1290226002527521,2.0396578951950124,1.0232674319782158,-0.3533174609918154,0.35078684396430726,-0.5671167614084621,1.0,0.0,1
1.2388853248962246,-0.034932973388520104,0.764391523667119,0.9842002438726679,0.022654784286894828,-0.26470825017039157,0.0,0.0,0
-0.024536008503708785,-0.7407216194014746,-0.06401138292839058,1.5921628369928875,-0.715642349987283,-0.6679195984878189,0.0,0.0,0
1.0191598756092797,0.4569803253477816,-0.5299880178883648,0.9234039845606459,1.5402655602949271,0.8441229577025338,1.0,0.0,0
0.634640339357126,1.226931575543732,0.7126163420048998,0.16345074316037134,1.2941665155368678,0.23930593522639268,1.0,1.0,1
-0.7935750810080161,0.00784209606681031,-0.6335383812128035,-1.5996407768882657,-0.14141124555181137,-0.5671167614084621,1.0,0.0,0
-1.452751428868851,1.3338692491820585,0.14308934372048684,-1.143668832048101,0.022654784286894828,0.5417144464644632,0.0,0.0,0
-0.7935750810080161,1.1413814366330706,-1.2548405611594358,0.34583952109643723,-0.7976753649066362,-0.3655110872497484,0.0,0.0,0
-0.7386437186862799,-1.0829221750441187,-1.8243675594438487,0.46743203972048114,-1.7820715439388735,-0.3655110872497484,0.0,1.0,0
-0.5738496317210712,-0.6551714804908131,0.039538980396048126,-0.1101324237437275,-0.5105598126889004,-0.06310257601167786,1.0,0.0,0
0.2501208031049724,1.0130562282670792,0.4019652520315836,1.075394632840701,1.1711169931578382,0.4409116093851064,1.0,0.0,0
-0.024536008503708785,-2.002586168333726,-0.7370887445372422,0.22424700247239332,-0.5515763201485769,0.34010877230574954,0.0,0.0,0
1.2938166872179608,-0.12048311229918093,-0.21933692791504864,0.9842002438726679,-0.22344426047116447,-0.3655110872497484,0.0,0.0,0
0.46984625239191735,-1.4465102654144284,1.4374688852759707,-0.6876968872079362,0.10468779920624793,0.8441229577025338,1.0,0.0,0
1.4586107741831695,-0.4626836679418258,2.058771065222603,0.680218947312558,0.06367129174657138,-0.1639054130910347,1.0,0.0,0
-1.6175455158340597,-0.27019585539283775,-2.186793831079384,-1.4780482582642216,0.7199354111013961,-0.7687224355671758,0.0,1.0,0
-0.24426145779065372,-0.33435845957583377,-0.5299880178883648,-0.1405305533997385,0.7609519185610727,-1.5751451322020305,1.0,0.0,0
-1.233025979581906,-0.5482338068524866,0.3501900703693643,-0.32291933133580436,0.06367129174657138,0.8441229577025338,1.0,1.0,0
1.0191598756092797,-1.1043097097717842,0.3501900703693643,1.7441534852729423,0.55586938126269,0.03770026106767898,1.0,0.0,1
0.14025807846149993,2.3818584508376572,-0.271112109577268,-0.6269006278959142,-0.10039473809213482,0.13850309814703582,0.0,0.0,1
1.5684734988266422,1.9541077562843514,0.9197170686537771,1.5313665776808656,1.9504306348916927,1.1465314689406043,0.0,0.0,1
-0.1893300954689175,-1.1684723139547804,-0.9441894711861196,1.0449965031846897,-0.18242775301148792,-0.5671167614084621,0.0,1.0,0
1.1839539625744884,1.6546822700970378,-0.42643765456392607,1.5617647073368766,1.6222985752142802,-1.373539458043317,0.0,0.0,0
1.6783362234701147,-0.3771335290311642,1.9552207018981642,1.3793759294008106,0.7199354111013961,0.13850309814703582,1.0,1.0,0
-0.9583691679732248,0.15755483916046792,-2.0314682860927262,0.19384887281638233,0.06367129174657138,0.23930593522639268,1.0,0.0,0
0.03039535381802745,-0.034932973388520104,0.19486452538270618,1.1969871514647448,2.3195792020287818,-0.26470825017039157,0.0,0.0,1
-1.3978200665471148,-0.6551714804908131,-0.37466247290170673,-1.6908351658562986,-0.9617413947453424,1.3481371430993179,1.0,0.0,0
-1.1231632549384336,1.034443762994744,-1.876142741106068,-1.5084463879202328,0.8429849334804258,-2.2807649917575286,0.0,1.0,0
0.9092971509658072,0.15755483916046792,-0.01223620126617123,0.4066357804084592,-0.14141124555181137,1.1465314689406043,1.0,0.0,0
-0.13439873314718126,-0.4626836679418258,0.764391523667119,-2.1164089810404523,0.35078684396430726,0.7433201206231769,1.0,1.0,0
-0.6287809940428074,-1.3181850570484372,-0.06401138292839058,0.589024558344525,0.18672081412560104,0.4409116093851064,1.0,0.0,0
-0.07946737082544503,-0.8904343624951314,-0.5299880178883648,0.8930058549046349,-0.14141124555181137,-2.2807649917575286,1.0,0.0,0
1.4036794118614333,-1.6603856126910812,1.8516703385737256,-0.1405305533997385,1.4992490528352507,1.3481371430993179,1.0,0.0,1
1.5684734988266422,0.05061716552214149,1.9552207018981642,0.34583952109643723,-0.3464937828501941,-0.9703281097258895,1.0,1.0,1
-0.4639869070775987,-1.1898598486824452,-0.11578656459060994,-0.5053081092718703,-1.0437744096646955,-0.5671167614084621,0.0,0.0,0
-0.6837123563645436,-0.24880832066517294,-1.151290197834997,-0.26212307202378243,-0.264460767930841,-0.26470825017039157,1.0,0.0,0
0.2501208031049724,1.440806922820385,-0.11578656459060994,0.5282282990325031,1.458232545375574,0.34010877230574954,0.0,1.0,0
-1.5626141535123235,1.2697066449990626,-0.8924142895239002,0.13305261350436037,0.1457043066659245,0.5417144464644632,0.0,0.0,0
-0.24426145779065372,-0.013545438660854517,-0.32288729123948734,-0.23172494236777144,0.9660344558594555,0.8441229577025338,0.0,0.0,0
0.634640339357126,-0.056320508116184935,1.1268177953026546,1.1361908921527228,-0.5105598126889004,0.8441229577025338,0.0,0.0,0
1.6234048611483785,1.9541077562843514,0.039538980396048126,1.5009684480248546,0.35078684396430726,0.34010877230574954,0.0,0.0,1
-0.6837123563645436,0.563917998986108,-1.565491651132752,-0.6876968872079362,0.18672081412560104,0.34010877230574954,1.0,0.0,0
1.513542136504906,-0.31297092484816896,1.178592976964874,1.8049497445849645,0.18672081412560104,-1.0711309468052463,1.0,0.0,1
-0.4639869070775987,-1.4251227306867635,-0.6853135628750229,-1.7212332955123095,-0.14141124555181137,-0.7687224355671758,1.0,0.0,0
0.9642285132875436,0.43559279062011597,0.19486452538270618,0.4370339100644702,0.39180335142398376,0.9449257947818905,0.0,1.0,1
0.9092971509658072,0.8847310199010873,-0.6335383812128035,1.4705703183688437,0.3097703365046307,0.8441229577025338,0.0,1.0,1
1.0191598756092797,-0.6123964110354826,0.7126163420048998,-0.3533174609918154,-0.14141124555181137,0.7433201206231769,1.0,0.0,1
-0.024536008503708785,0.32865511698178956,-0.06401138292839058,0.34583952109643723,0.06367129174657138,-0.5671167614084621,1.0,1.0,0
0.46984625239191735,-0.33435845957583377,0.8161667053293384,0.6498208176565471,-0.38751029030987066,0.9449257947818905,0.0,0.0,0
0.19518944078323616,-0.16325818175451134,0.19486452538270618,-0.7180950168639472,-0.30547727539051756,-1.1719337838846031,1.0,1.0,0
1.4036794118614333,-2.002586168333726,0.8679418869915578,0.10265448384834938,-0.3464937828501941,1.1465314689406043,0.0,1.0,0
1.1290226002527521,-0.20603325120984253,1.644569611924848,0.28504326178441525,0.9250179483997789,-0.26470825017039157,0.0,0.0,1
0.0853267161397637,1.034443762994744,-0.8924142895239002,-0.23172494236777144,0.5968858887223666,1.6505456543373884,0.0,1.0,0
0.19518944078323616,-0.6123964110354826,0.5055156153560223,2.0785329114890634,1.7043315901336333,-1.5751451322020305,0.0,0.0,0
-1.672476878155796,0.0933922349774719,-2.186793831079384,-1.3564557396401777,-0.4695433052292238,1.6505456543373884,0.0,0.0,0
-0.9583691679732248,-0.7407216194014746,-1.3066157428216552,0.3762376507524482,-1.2898734544227548,-0.46631392432910523,1.0,0.0,1
0.0853267161397637,0.3928177211647856,-0.840639107861681,-0.23172494236777144,2.5246617393271644,-0.3655110872497484,0.0,0.0,0
0.19518944078323616,-0.18464571648217695,0.7126163420048998,-0.930881924456024,0.22773732158527757,0.13850309814703582,0.0,0.0,1
-1.452751428868851,-0.9332094319504619,-1.0995150161727776,-0.6876968872079362,-0.05937823063245827,-0.7687224355671758,1.0,1.0,0
0.3599835277484449,1.3980318533650538,0.24663970704492555,1.0449965031846897,1.212133500617515,-0.06310257601167786,1.0,0.0,1
0.5247776147136536,0.9916686935394137,-0.42643765456392607,1.2881815404327777,1.0890839782384851,-0.7687224355671758,1.0,0.0,1
1.0191598756092797,-0.5910088763078171,0.5055156153560223,1.7441534852729423,0.4328198588836603,-0.6679195984878189,1.0,0.0,1
1.0191598756092797,0.5425304642584424,0.14308934372048684,3.2336618384174804,-0.5105598126889004,0.5417144464644632,0.0,0.0,0
1.4036794118614333,0.5853055337137736,1.2821433402893125,0.9538021142166568,0.9660344558594555,-0.8695252726465327,0.0,0.0,1
1.1839539625744884,0.6922432073521,0.09131416205826748,0.04185822453632741,-0.5925928276082534,-0.7687224355671758,1.0,0.0,0
1.5684734988266422,-1.7031606821464125,2.058771065222603,0.710617076968569,-0.10039473809213482,-1.373539458043317,1.0,0.0,1
-1.1231632549384336,1.0558312977224096,-2.0314682860927262,-0.4749099796158593,-0.6336093350679299,-0.5671167614084621,0.0,0.0,0
-1.6175455158340597,-0.5482338068524866,-1.7208171961194099,0.07225635419233839,-0.5925928276082534,1.247334306019961,1.0,1.0,0
0.6895717016788623,-0.33435845957583377,1.6963447935870675,-0.961280054112035,0.26875382904495415,-0.8695252726465327,1.0,0.0,0
-0.7935750810080161,2.7454465412079676,-0.8924142895239002,2.443310467361195,1.376199530456221,-0.7687224355671758,0.0,0.0,1
0.4149148900701811,0.32865511698178956,-0.6853135628750229,1.0449965031846897,0.4328198588836603,0.13850309814703582,0.0,0.0,1
-0.6287809940428074,-0.3771335290311642,-0.271112109577268,-1.8732239437923646,-1.0437744096646955,-0.46631392432910523,1.0,0.0,0
-0.9583691679732248,-2.002586168333726,-1.0477398345105584,-1.4476501286082106,-1.002757902205019,2.1545598397341728,1.0,0.0,0
0.03039535381802745,1.4621944575480506,-0.5817631995505841,1.075394632840701,1.4172160379158976,-0.1639054130910347,1.0,0.0,0
0.14025807846149993,-1.3609601265037676,-0.6853135628750229,0.862607725248624,0.55586938126269,0.34010877230574954,0.0,0.0,0
-0.3541241824341262,-0.9973720361334579,1.7481199752492869,-1.5084463879202328,-1.6180055141001672,0.9449257947818905,0.0,0.0,0
-1.3428887042253785,-0.31297092484816896,-1.151290197834997,0.04185822453632741,-1.7820715439388735,0.8441229577025338,1.0,1.0,0
0.19518944078323616,1.4835819922757145,-1.2548405611594358,-1.3564557396401777,0.022654784286894828,0.23930593522639268,0.0,0.0,0
0.854365788644071,0.8205684157180912,1.6963447935870675,0.46743203972048114,1.4992490528352507,-0.1639054130910347,0.0,0.0,1
-0.13439873314718126,-0.1418706470268465,0.3501900703693643,0.9538021142166568,0.8840014409401024,1.952954165575459,1.0,0.0,0
-0.5189182693993349,0.35004265170945514,-0.9441894711861196,-0.6269006278959142,-0.9617413947453424,-0.1639054130910347,1.0,0.0,0
0.5247776147136536,-0.5910088763078171,-0.32288729123948734,-1.2652613506721448,0.06367129174657138,-0.46631392432910523,0.0,1.0,0
0.634640339357126,0.17894237388813272,0.9197170686537771,0.4370339100644702,1.827381112512663,-0.6679195984878189,1.0,1.0,0
-1.0133005302949611,0.11477976970513673,-0.8924142895239002,-0.930881924456024,-0.018361723172781723,-1.877553643440101,1.0,1.0,0
-1.0133005302949611,1.034443762994744,-2.1350186494171646,0.3762376507524482,1.3351830229965445,0.7433201206231769,0.0,1.0,0
-1.672476878155796,1.0130562282670792,0.09131416205826748,-1.2652613506721448,0.7199354111013961,-2.2807649917575286,0.0,1.0,0
1.2388853248962246,0.5425304642584424,0.5572907970182417,-0.049336164431705534,-0.264460767930841,0.03770026106767898,0.0,0.0,1
0.2501208031049724,-0.33435845957583377,1.2303681586270934,-1.7820295548243315,-0.3464937828501941,-0.26470825017039157,0.0,1.0,0
-1.5076827911905872,0.7991808809904264,-0.1675617462528293,-0.2925212016797934,-0.22344426047116447,2.1545598397341728,0.0,0.0,0
0.30505216542670865,-0.056320508116184935,-0.5299880178883648,-0.018938034775694553,0.06367129174657138,-1.877553643440101,1.0,1.0,0
0.6895717016788623,-1.0829221750441187,1.2303681586270934,-1.022076313424057,0.5968858887223666,-0.8695252726465327,0.0,0.0,0
0.46984625239191735,-0.3771335290311642,-0.1675617462528293,0.31544139144042627,0.22773732158527757,-0.1639054130910347,1.0,0.0,0
1.6234048611483785,0.11477976970513673,-0.21933692791504864,1.6529590963049094,-1.7820715439388735,-0.1639054130910347,1.0,0.0,0
1.1839539625744884,0.970281158811748,0.5055156153560223,0.5282282990325031,-0.4285267977695472,-0.5671167614084621,0.0,0.0,0
1.513542136504906,-0.16325818175451134,1.333918521951532,0.862607725248624,-1.6590220215598437,-0.06310257601167786,0.0,0.0,1
1.5684734988266422,-1.2112473834101107,0.764391523667119,0.6498208176565471,0.22773732158527757,-1.1719337838846031,1.0,0.0,0
0.7994344263223347,0.0933922349774719,0.3501900703693643,-0.7180950168639472,0.4328198588836603,0.34010877230574954,0.0,0.0,0
-1.0133005302949611,0.1361673044328023,0.09131416205826748,1.5009684480248546,-0.14141124555181137,-2.2807649917575286,1.0,0.0,0
1.2938166872179608,0.22171744334346316,0.9714922503159965,0.16345074316037134,-0.4285267977695472,0.03770026106767898,1.0,0.0,1
0.3599835277484449,0.970281158811748,-0.37466247290170673,0.9842002438726679,1.0890839782384851,-0.6679195984878189,1.0,1.0,0
-0.4090555447558625,1.0772188324500744,0.19486452538270618,0.7714133362805909,0.9250179483997789,0.9449257947818905,0.0,0.0,0
-0.6837123563645436,-0.5910088763078171,-0.32288729123948734,-0.5357062389278813,-1.7410550364791968,1.6505456543373884,0.0,0.0,0
-1.672476878155796,-0.6123964110354826,-2.186793831079384,-0.26212307202378243,-1.7820715439388735,-0.46631392432910523,1.0,0.0,0
0.3599835277484449,-1.0401471055887883,0.5572907970182417,0.16345074316037134,-0.3464937828501941,1.3481371430993179,0.0,0.0,0
-1.452751428868851,0.7564058115350952,-0.7370887445372422,-1.7212332955123095,1.376199530456221,-0.46631392432910523,1.0,0.0,0
-0.8485064433297523,1.5263570617310458,-0.5817631995505841,-0.32291933133580436,1.8683976199723396,-1.0711309468052463,0.0,0.0,0
1.4586107741831695,-0.2915833901205034,1.644569611924848,0.011460094880316431,0.7609519185610727,1.8521513284961022,1.0,0.0,1
-0.4090555447558625,-0.22742078593750736,-0.7888639261994616,-0.6269006278959142,-1.002757902205019,0.4409116093851064,1.0,1.0,1
1.348748049539697,1.5263570617310458,1.178592976964874,-0.2925212016797934,1.8683976199723396,0.03770026106767898,0.0,1.0,1
-0.24426145779065372,0.5425304642584424,-1.3066157428216552,1.0449965031846897,-0.3464937828501941,0.6425172835438201,1.0,0.0,0
-1.672476878155796,0.4783678600754472,-0.8924142895239002,0.8930058549046349,-1.1258074245840486,0.13850309814703582,1.0,0.0,0
0.14025807846149993,-1.1898598486824452,1.4892440669381901,0.710617076968569,-1.7820715439388735,-0.06310257601167786,0.0,0.0,0
0.2501208031049724,0.7350182768074304,-0.5299880178883648,1.4401721887128327,0.4328198588836603,-1.373539458043317,0.0,1.0,0
-1.5076827911905872,-0.9332094319504619,-1.6172668327949713,-1.1132707023920898,-1.5359724991808141,-0.3655110872497484,1.0,0.0,0
1.6783362234701147,-1.125697244499449,0.6608411603426804,-0.1101324237437275,0.18672081412560104,0.6425172835438201,1.0,0.0,0
-1.7274082404775322,-0.33435845957583377,-1.151290197834997,-1.4780482582642216,-1.7820715439388735,-0.26470825017039157,1.0,0.0,0
0.4149148900701811,-0.5696213415801522,-0.4782128362261454,0.6498208176565471,-0.10039473809213482,0.9449257947818905,1.0,1.0,0
-1.1231632549384336,-0.20603325120984253,-0.4782128362261454,-0.2925212016797934,-1.7820715439388735,0.34010877230574954,1.0,0.0,0
1.2938166872179608,-1.4465102654144284,1.5410192486004095,0.16345074316037134,0.9660344558594555,-0.8695252726465327,0.0,0.0,0
0.19518944078323616,1.0130562282670792,0.5055156153560223,1.5009684480248546,0.9250179483997789,-1.373539458043317,0.0,0.0,0
0.6895717016788623,1.184156506088401,-0.7888639261994616,0.9234039845606459,0.4328198588836603,-0.1639054130910347,1.0,0.0,0
-0.5189182693993349,-1.9598110988783957,0.3501900703693643,-1.3868538692961887,-0.14141124555181137,-0.5671167614084621,1.0,0.0,0
0.7994344263223347,1.034443762994744,1.2303681586270934,-0.049336164431705534,-0.22344426047116447,0.34010877230574954,1.0,1.0,0
-0.07946737082544503,-0.8048842235844699,0.5572907970182417,0.4370339100644702,-0.4285267977695472,-0.7687224355671758,1.0,1.0,0
-1.1780946172601698,0.9061185546287528,-0.5817631995505841,0.680218947312558,0.6379023961820431,-0.7687224355671758,0.0,1.0,0
-1.233025979581906,-0.034932973388520104,-0.7370887445372422,0.011460094880316431,-1.7820715439388735,0.9449257947818905,1.0,1.0,0
-1.6175455158340597,0.05061716552214149,-0.42643765456392607,1.075394632840701,-1.0437744096646955,0.03770026106767898,1.0,0.0,0
1.1839539625744884,-0.16325818175451134,2.214096610209261,1.9569403928650193,0.18672081412560104,-0.6679195984878189,0.0,0.0,1
-1.0133005302949611,1.2697066449990626,-1.4101661061460937,0.2546451321284043,-0.018361723172781723,-0.06310257601167786,1.0,1.0,0
-0.9034378056514886,-1.2540224528654411,0.14308934372048684,-1.3868538692961887,0.55586938126269,1.3481371430993179,0.0,0.0,0
-1.233025979581906,0.6494681378967688,-0.9441894711861196,-1.5388445175762437,-1.2488569469630781,0.23930593522639268,1.0,0.0,0
-0.1893300954689175,1.162768971360736,-0.21933692791504864,-0.17092868305574946,-0.18242775301148792,0.5417144464644632,0.0,0.0,0
-1.233025979581906,0.7564058115350952,-1.9796931044305066,0.34583952109643723,-1.7820715439388735,-0.8695252726465327,0.0,0.0,0
-1.1231632549384336,2.4246335202929883,-0.995964652848339,1.7441534852729423,2.0324636498110458,0.9449257947818905,0.0,0.0,0
-0.13439873314718126,-0.5054587373971562,-0.840639107861681,0.22424700247239332,-0.6336093350679299,2.2553626768135295,0.0,1.0,0
0.46984625239191735,1.0130562282670792,-0.01223620126617123,1.5009684480248546,0.1457043066659245,-0.7687224355671758,1.0,1.0,0
-1.7274082404775322,-0.07770804284385052,-2.0314682860927262,-0.930881924456024,-0.7976753649066362,-1.2727366209639601,1.0,1.0,0
-1.5076827911905872,1.2910941797267272,-1.4101661061460937,0.22424700247239332,0.55586938126269,0.03770026106767898,0.0,0.0,0
-0.6837123563645436,0.029229630794475898,-0.7888639261994616,0.49783016937649216,-0.018361723172781723,0.8441229577025338,0.0,0.0,0
-1.3428887042253785,-0.3771335290311642,-0.8924142895239002,-2.4203902776005624,1.663315082673957,-0.1639054130910347,1.0,0.0,0
0.5797089770353898,1.376644318637389,-0.7888639261994616,0.16345074316037134,1.1301004856981618,-1.0711309468052463,1.0,0.0,0
-1.1231632549384336,-0.4840712026694906,-1.8243675594438487,0.31544139144042627,-1.1258074245840486,-0.1639054130910347,1.0,0.0,0
-1.7274082404775322,-1.4251227306867635,-0.9441894711861196,-0.7484931465199581,-1.5359724991808141,0.4409116093851064,1.0,0.0,0
1.348748049539697,-0.5054587373971562,0.3501900703693643,-0.6269006278959142,-0.264460767930841,-0.3655110872497484,1.0,0.0,0
1.1839539625744884,0.6708556726244345,1.5927944302626287,-1.5692426472322547,-0.7566588574469596,0.6425172835438201,0.0,0.0,1
-0.6837123563645436,1.4621944575480506,-0.32288729123948734,-0.2925212016797934,0.39180335142398376,1.1465314689406043,1.0,0.0,0
-0.24426145779065372,0.1361673044328023,0.24663970704492555,-0.1101324237437275,0.55586938126269,0.23930593522639268,1.0,1.0,0
1.348748049539697,1.376644318637389,1.9552207018981642,0.07225635419233839,0.4328198588836603,0.03770026106767898,0.0,0.0,1
0.5797089770353898,-1.3609601265037676,0.19486452538270618,0.10265448384834938,-1.002757902205019,0.8441229577025338,0.0,0.0,0
0.2501208031049724,-0.41990859848649537,-0.271112109577268,0.49783016937649216,1.1301004856981618,-0.8695252726465327,0.0,1.0,0
0.7994344263223347,-0.27019585539283775,1.178592976964874,0.8930058549046349,-1.2488569469630781,-0.9703281097258895,0.0,0.0,1
0.2501208031049724,-0.07770804284385052,0.5572907970182417,-2.0556127217284303,-1.7820715439388735,-0.26470825017039157,1.0,0.0,0
-1.1231632549384336,0.11477976970513673,-0.9441894711861196,-1.6300389065442766,-1.4949559917211375,-0.5671167614084621,0.0,1.0,0
0.2501208031049724,0.7350182768074304,1.178592976964874,0.011460094880316431,-1.0847909171243721,-0.8695252726465327,0.0,1.0,0
0.9092971509658072,-0.41990859848649537,0.5055156153560223,0.832209595592613,0.35078684396430726,1.8521513284961022,1.0,0.0,0
0.9092971509658072,0.17894237388813272,0.6608411603426804,0.862607725248624,-0.05937823063245827,2.1545598397341728,0.0,0.0,1
1.2938166872179608,-0.013545438660854517,0.9197170686537771,0.9842002438726679,0.10468779920624793,-0.3655110872497484,0.0,0.0,0
0.634640339357126,-0.9118218972227963,-0.21933692791504864,-0.26212307202378243,0.8019684260207492,0.13850309814703582,1.0,0.0,1
1.2938166872179608,-0.07770804284385052,0.9714922503159965,0.22424700247239332,-0.3464937828501941,-0.1639054130910347,1.0,1.0,1
-0.24426145779065372,-0.12048311229918093,0.8161667053293384,-0.7788912761759691,0.4328198588836603,1.0457286318612475,1.0,1.0,0
0.7994344263223347,-0.1418706470268465,0.8679418869915578,1.0145983735286788,1.458232545375574,1.3481371430993179,1.0,0.0,0
-0.9583691679732248,0.07200470024980632,-0.6853135628750229,-1.204465091360123,-0.7976753649066362,-1.877553643440101,1.0,0.0,0
-1.452751428868851,0.11477976970513673,-1.151290197834997,0.22424700247239332,0.10468779920624793,0.34010877230574954,0.0,0.0,0
0.634640339357126,-0.41990859848649537,0.6608411603426804,0.3762376507524482,-0.30547727539051756,-1.2727366209639601,1.0,1.0,0
1.4586107741831695,1.3338692491820585,1.5410192486004095,0.862607725248624,1.8683976199723396,1.8521513284961022,0.0,0.0,1
1.5684734988266422,-1.1684723139547804,1.5410192486004095,-0.17092868305574946,-1.3308899618824312,0.5417144464644632,0.0,0.0,0
-0.6837123563645436,-0.719334084673809,-0.7370887445372422,-1.6604370362002876,-1.7820715439388735,-0.8695252726465327,0.0,1.0,0
0.9642285132875436,2.873771749573958,0.9197170686537771,0.4370339100644702,1.2531500080771913,-0.26470825017039157,0.0,0.0,1
-1.0133005302949611,-1.0401471055887883,-0.37466247290170673,-0.930881924456024,-1.6180055141001672,-0.3655110872497484,1.0,1.0,0
-1.672476878155796,-1.3609601265037676,-1.9279179227682874,-2.572380925880617,-1.4949559917211375,0.4409116093851064,1.0,0.0,0
-1.2879573419036423,0.7777933462627609,-0.7888639261994616,-0.5357062389278813,-0.38751029030987066,0.9449257947818905,0.0,0.0,0
1.6783362234701147,-2.002586168333726,-0.37466247290170673,1.1361908921527228,0.7609519185610727,-1.0711309468052463,0.0,0.0,0
0.2501208031049724,-0.20603325120984253,0.5055156153560223,0.589024558344525,-0.5105598126889004,1.8521513284961022,0.0,0.0,0
-0.6837123563645436,2.2321457077439995,-0.01223620126617123,-0.23172494236777144,-0.018361723172781723,1.5497428172580316,1.0,0.0,0
-0.3541241824341262,-1.553447939052755,0.2984148887071449,-0.4141137203038373,-0.8797083798259893,-0.9703281097258895,0.0,1.0,0
-0.1893300954689175,-2.002586168333726,-0.42643765456392607,-0.991678183768046,-1.2078404395034017,0.03770026106767898,1.0,0.0,0
-1.7274082404775322,-1.5106728695974243,-0.995964652848339,-0.9004837948000131,-1.7820715439388735,1.5497428172580316,0.0,0.0,0
1.2388853248962246,0.9488936240840833,1.9034455202359448,2.1393291708010853,-0.715642349987283,1.247334306019961,0.0,0.0,1
0.14025807846149993,1.184156506088401,1.1268177953026546,1.1969871514647448,0.55586938126269,-0.3655110872497484,1.0,0.0,1
-1.452751428868851,-0.5054587373971562,-1.0477398345105584,-0.23172494236777144,-1.371906469342108,0.7433201206231769,0.0,0.0,0
0.2501208031049724,0.7350182768074304,0.24663970704492555,-0.17092868305574946,1.212133500617515,2.9609825363690274,1.0,0.0,0
1.1290226002527521,1.4621944575480506,1.5927944302626287,1.4705703183688437,-0.3464937828501941,0.13850309814703582,1.0,0.0,1
1.4586107741831695,1.8685576173736906,-0.06401138292839058,-0.5053081092718703,0.8019684260207492,-0.5671167614084621,1.0,0.0,0
-1.5076827911905872,-0.22742078593750736,-1.3066157428216552,-0.9004837948000131,0.9250179483997789,0.03770026106767898,0.0,0.0,0
0.03039535381802745,-2.002586168333726,0.9714922503159965,0.13305261350436037,-1.2898734544227548,0.23930593522639268,0.0,0.0,0
0.9092971509658072,-0.8048842235844699,1.333918521951532,0.8930058549046349,-0.38751029030987066,-0.46631392432910523,0.0,0.0,0
1.0191598756092797,-0.3985210637588298,0.9714922503159965,0.9538021142166568,-1.0437744096646955,0.4409116093851064,1.0,0.0,0
-1.0133005302949611,-0.22742078593750736,-1.8243675594438487,-0.17092868305574946,-1.7820715439388735,-1.373539458043317,0.0,0.0,0
-1.1231632549384336,-0.16325818175451134,-0.840639107861681,-0.6572987575519251,0.8429849334804258,-0.7687224355671758,0.0,0.0,0
0.5247776147136536,1.184156506088401,-0.06401138292839058,0.9842002438726679,0.8019684260207492,0.7433201206231769,1.0,0.0,0
-0.6837123563645436,1.3338692491820585,-0.271112109577268,-0.839687535487991,0.4328198588836603,-1.877553643440101,0.0,1.0,1
1.1290226002527521,-0.1418706470268465,0.19486452538270618,-0.32291933133580436,-1.3308899618824312,0.9449257947818905,1.0,0.0,0
0.9642285132875436,1.162768971360736,-0.06401138292839058,0.710617076968569,1.0890839782384851,-1.978356480519458,0.0,1.0,1
-0.4639869070775987,0.3928177211647856,-1.8243675594438487,0.07225635419233839,0.9660344558594555,-1.7767508063607442,1.0,0.0,0
1.4586107741831695,0.0933922349774719,1.9034455202359448,-1.022076313424057,1.458232545375574,-0.46631392432910523,1.0,1.0,1
0.5797089770353898,0.970281158811748,0.09131416205826748,0.8930058549046349,1.1301004856981618,0.23930593522639268,1.0,1.0,0
1.6234048611483785,0.0933922349774719,1.2303681586270934,1.4097740590568215,-0.5515763201485769,1.3481371430993179,0.0,0.0,0
0.0853267161397637,2.1465955688333387,0.039538980396048126,0.4370339100644702,1.212133500617515,0.03770026106767898,1.0,0.0,1
-0.4090555447558625,-1.4465102654144284,-1.0477398345105584,1.7137553556169314,0.022654784286894828,-0.26470825017039157,1.0,0.0,0
0.9642285132875436,-0.5054587373971562,-0.21933692791504864,-0.32291933133580436,-1.6590220215598437,0.6425172835438201,0.0,1.0,0
-0.1893300954689175,-0.0990955775715161,-0.8924142895239002,-0.4141137203038373,-1.2488569469630781,-0.9703281097258895,0.0,1.0,0
1.348748049539697,0.4783678600754472,0.4019652520315836,0.31544139144042627,1.376199530456221,0.13850309814703582,1.0,1.0,0
0.3599835277484449,1.3338692491820585,0.5055156153560223,0.3762376507524482,1.4172160379158976,-1.2727366209639601,1.0,0.0,0
-0.07946737082544503,0.00784209606681031,-0.6335383812128035,-0.32291933133580436,-1.5359724991808141,0.03770026106767898,1.0,0.0,0
1.2938166872179608,-1.4251227306867635,2.162321428547042,-1.022076313424057,0.6789189036417196,-0.06310257601167786,1.0,0.0,0
0.7994344263223347,0.8847310199010873,1.2821433402893125,0.04185822453632741,0.6789189036417196,-0.7687224355671758,0.0,0.0,1
0.5797089770353898,0.7991808809904264,0.9714922503159965,0.34583952109643723,1.1711169931578382,0.13850309814703582,0.0,0.0,1
0.9642285132875436,-1.9598110988783957,0.6090659786804611,1.1057927624967119,-0.715642349987283,0.13850309814703582,0.0,1.0,0
-0.5189182693993349,0.029229630794475898,0.7126163420048998,1.8049497445849645,0.3097703365046307,1.1465314689406043,1.0,0.0,0
0.634640339357126,-1.596223008508086,0.2984148887071449,1.1665890218087338,0.5148528738030135,-1.5751451322020305,0.0,0.0,0
0.30505216542670865,-0.6551714804908131,0.19486452538270618,-0.7180950168639472,-0.6336093350679299,-0.06310257601167786,0.0,1.0,0
-0.6837123563645436,-0.8904343624951314,-0.37466247290170673,-1.0828725727360788,-0.6746258425276065,-0.8695252726465327,0.0,1.0,0
-0.5189182693993349,0.8633434851734216,0.14308934372048684,-0.17092868305574946,-0.4695433052292238,0.8441229577025338,0.0,1.0,0
1.6234048611483785,0.15755483916046792,1.5927944302626287,2.3521160783931623,1.9914471423513693,0.8441229577025338,0.0,0.0,1
0.6895717016788623,-1.2967975223207715,0.14308934372048684,-0.1405305533997385,-0.3464937828501941,0.5417144464644632,0.0,0.0,0
1.074091237931016,0.9275060893564177,0.3501900703693643,-0.5661043685838922,-0.14141124555181137,-0.6679195984878189,1.0,0.0,0
-0.9034378056514886,-1.4465102654144284,-0.1675617462528293,-1.1132707023920898,-1.4129229768017844,0.8441229577025338,0.0,0.0,0
0.9642285132875436,0.3714301864371207,1.178592976964874,1.1969871514647448,0.5148528738030135,-1.4743422951226737,0.0,0.0,0
0.5247776147136536,-0.8048842235844699,0.09131416205826748,0.680218947312558,0.39180335142398376,-1.7767508063607442,0.0,0.0,1
1.513542136504906,-0.35574599430349935,-0.06401138292839058,0.3762376507524482,-0.9617413947453424,-1.2727366209639601,1.0,0.0,0
1.2388853248962246,0.5425304642584424,0.7126163420048998,1.2577834107767667,2.2375461871094284,0.03770026106767898,0.0,1.0,0
-1.3428887042253785,0.563917998986108,-0.5299880178883648,-2.4811865369125843,-0.018361723172781723,0.5417144464644632,0.0,0.0,0
0.9642285132875436,1.3980318533650538,2.006995883560384,0.801811465936602,1.2941665155368678,-2.2807649917575286,1.0,0.0,1
-0.6287809940428074,-0.056320508116184935,-1.3066157428216552,0.5282282990325031,-0.4285267977695472,1.247334306019961,1.0,0.0,0
-1.7274082404775322,0.35004265170945514,-1.5137164694705325,-1.3868538692961887,-0.5105598126889004,0.03770026106767898,0.0,0.0,0
1.2388853248962246,-0.41990859848649537,0.6090659786804611,-0.32291933133580436,-0.018361723172781723,-1.5751451322020305,0.0,0.0,0
-1.3428887042253785,0.22171744334346316,0.039538980396048126,-2.2076033700084854,0.47383636634333687,0.03770026106767898,0.0,1.0,0
-0.1893300954689175,0.4783678600754472,-0.1675617462528293,1.5009684480248546,0.06367129174657138,1.0457286318612475,1.0,1.0,1
-0.024536008503708785,-0.07770804284385052,-0.6853135628750229,-0.6572987575519251,0.5148528738030135,0.5417144464644632,0.0,0.0,0
0.30505216542670865,-1.8314858905124036,0.6090659786804611,-0.018938034775694553,-0.7566588574469596,1.0457286318612475,1.0,0.0,0
-1.5076827911905872,0.3714301864371207,-1.3583909244838746,0.011460094880316431,-0.264460767930841,-1.4743422951226737,1.0,1.0,0
0.7994344263223347,0.3928177211647856,-0.32288729123948734,1.8049497445849645,-0.38751029030987066,-0.3655110872497484,1.0,0.0,0
-0.5738496317210712,-0.6765590152184786,-1.0477398345105584,-0.5053081092718703,0.47383636634333687,-0.9703281097258895,1.0,1.0,0
0.7994344263223347,-1.2967975223207715,1.7998951569115063,-0.4141137203038373,-0.9617413947453424,1.7513484914167454,1.0,0.0,0
0.0853267161397637,1.5477445964587113,0.3501900703693643,0.5282282990325031,0.35078684396430726,0.6425172835438201,1.0,0.0,0
-1.7274082404775322,0.5425304642584424,-1.151290197834997,0.589024558344525,-0.715642349987283,2.759376862210314,1.0,1.0,0
1.2388853248962246,-0.20603325120984253,0.7126163420048998,0.31544139144042627,-0.10039473809213482,-0.46631392432910523,1.0,0.0,0
1.2388853248962246,-1.1470847792271148,1.0750426136404352,-0.5965024982399032,0.5968858887223666,-0.6679195984878189,1.0,1.0,0
-0.3541241824341262,-0.8048842235844699,-0.06401138292839058,-1.7212332955123095,-0.8797083798259893,-0.1639054130910347,1.0,0.0,0
0.5797089770353898,1.376644318637389,0.6090659786804611,-0.5661043685838922,1.9914471423513693,1.3481371430993179,1.0,0.0,0
-1.233025979581906,0.17894237388813272,-0.7888639261994616,0.31544139144042627,-1.1668239320437253,-0.46631392432910523,0.0,1.0,0
-0.13439873314718126,-0.5268462721248218,0.5055156153560223,-0.4445118499598483,-0.264460767930841,0.03770026106767898,1.0,0.0,0
0.9642285132875436,0.5425304642584424,0.7126163420048998,-0.018938034775694553,-0.22344426047116447,0.13850309814703582,1.0,0.0,0
-0.7935750810080161,-0.8048842235844699,-1.2548405611594358,-1.143668832048101,-0.3464937828501941,-0.06310257601167786,1.0,1.0,0
-0.8485064433297523,1.5691321311863768,-1.0477398345105584,0.07225635419233839,0.35078684396430726,-0.7687224355671758,1.0,1.0,0
-0.3541241824341262,1.4194193880927193,-1.6690420144571907,-0.049336164431705534,0.3097703365046307,-0.1639054130910347,0.0,1.0,0
-1.3428887042253785,-0.44129613321416017,0.5055156153560223,-0.8700856651440021,0.3097703365046307,-0.26470825017039157,0.0,0.0,0
0.7994344263223347,-0.6123964110354826,1.178592976964874,1.4401721887128327,-0.715642349987283,0.03770026106767898,0.0,0.0,0
0.4149148900701811,-2.002586168333726,-0.32288729123948734,1.1665890218087338,0.22773732158527757,0.9449257947818905,0.0,0.0,0
0.9092971509658072,-1.4892853348697597,0.45374043369380296,-1.3868538692961887,-0.8386918723663127,1.7513484914167454,0.0,0.0,0
-1.1231632549384336,-1.3395725917761019,-1.2548405611594358,-0.4445118499598483,-0.715642349987283,-0.9703281097258895,1.0,0.0,0
-0.29919282011238996,0.15755483916046792,0.9197170686537771,-0.7788912761759691,-1.2078404395034017,-0.46631392432910523,1.0,0.0,0
-1.3428887042253785,-0.31297092484816896,-1.9796931044305066,-0.839687535487991,-1.3308899618824312,-0.9703281097258895,1.0,0.0,0
-0.4090555447558625,-1.3609601265037676,-0.21933692791504864,-0.17092868305574946,-0.6746258425276065,0.13850309814703582,1.0,0.0,0
0.7445030640005985,-0.24880832066517294,0.45374043369380296,0.07225635419233839,1.663315082673957,-0.5671167614084621,0.0,1.0,0
-1.5626141535123235,0.5425304642584424,-0.5299880178883648,-0.2925212016797934,-0.30547727539051756,0.13850309814703582,0.0,0.0,0
0.03039535381802745,0.563917998986108,-0.06401138292839058,0.7714133362805909,1.663315082673957,1.0457286318612475,1.0,0.0,1
-1.7274082404775322,-1.9170360294230653,-2.186793831079384,-0.839687535487991,-0.8386918723663127,-2.2807649917575286,0.0,0.0,0
-0.7386437186862799,-0.0990955775715161,-0.7370887445372422,-0.9004837948000131,-0.7566588574469596,0.4409116093851064,0.0,0.0,0
-0.07946737082544503,-1.3823476612314332,-0.7888639261994616,-0.9004837948000131,0.8840014409401024,-0.46631392432910523,1.0,0.0,0
-0.9034378056514886,0.9488936240840833,-0.5817631995505841,-1.4780482582642216,0.4328198588836603,0.34010877230574954,1.0,0.0,0
-1.0133005302949611,0.8419559504457569,0.2984148887071449,-0.991678183768046,-0.6336093350679299,-0.9703281097258895,1.0,1.0,0
1.1290226002527521,-0.8904343624951314,-0.4782128362261454,2.0785329114890634,0.35078684396430726,1.247334306019961,1.0,1.0,0
0.854365788644071,-0.7621091541291395,0.039538980396048126,-0.5053081092718703,-0.4285267977695472,0.9449257947818905,1.0,0.0,0
-1.5076827911905872,-0.44129613321416017,-1.4619412878083131,-1.7820295548243315,-1.7820715439388735,0.4409116093851064,1.0,1.0,0
0.46984625239191735,-2.002586168333726,0.039538980396048126,0.07225635419233839,0.55586938126269,0.7433201206231769,1.0,0.0,0
-0.3541241824341262,0.3714301864371207,0.2984148887071449,-0.1405305533997385,0.9250179483997789,-0.7687224355671758,1.0,0.0,0
1.6234048611483785,-0.24880832066517294,1.0232674319782158,0.46743203972048114,1.9504306348916927,-0.5671167614084621,0.0,0.0,0
-0.24426145779065372,1.034443762994744,0.14308934372048684,1.4097740590568215,0.6789189036417196,0.7433201206231769,0.0,0.0,0
-1.672476878155796,-1.1043097097717842,-1.6690420144571907,-0.4141137203038373,-1.2488569469630781,-0.8695252726465327,0.0,0.0,0
0.9642285132875436,-0.6123964110354826,0.8161667053293384,-0.20132681271176045,0.6789189036417196,1.4489399801786749,1.0,0.0,0
-1.452751428868851,-1.5106728695974243,-0.4782128362261454,-1.2956594803281558,-0.18242775301148792,-0.46631392432910523,1.0,1.0,0
1.6783362234701147,-0.9973720361334579,0.6608411603426804,0.04185822453632741,1.5812820677546038,0.5417144464644632,0.0,0.0,1
-1.2879573419036423,-1.1898598486824452,-0.37466247290170673,0.011460094880316431,-0.9207248872856658,2.053757002654816,1.0,0.0,0
0.03039535381802745,1.0558312977224096,0.039538980396048126,-0.018938034775694553,0.26875382904495415,-0.7687224355671758,1.0,0.0,0
0.46984625239191735,-0.6979465499461435,1.0750426136404352,-1.5692426472322547,-0.9207248872856658,0.03770026106767898,0.0,0.0,0
-0.4090555447558625,0.15755483916046792,-0.42643765456392607,-0.17092868305574946,0.3097703365046307,1.0457286318612475,0.0,1.0,0
0.854365788644071,-0.35574599430349935,0.8679418869915578,-1.1132707023920898,-1.4129229768017844,0.9449257947818905,1.0,0.0,0
-1.0682318926166974,-1.2754099875931066,-0.7888639261994616,1.2881815404327777,-0.10039473809213482,-0.46631392432910523,1.0,0.0,0
-1.2879573419036423,-0.1418706470268465,-0.995964652848339,-1.4172519989521997,-0.10039473809213482,-0.6679195984878189,1.0,0.0,0
1.1290226002527521,0.6494681378967688,0.9714922503159965,0.46743203972048114,1.0890839782384851,-0.1639054130910347,1.0,0.0,0
-1.0682318926166974,-1.2112473834101107,-0.37466247290170673,-0.4445118499598483,-0.6746258425276065,1.3481371430993179,1.0,0.0,0
-0.07946737082544503,0.8633434851734216,-0.9441894711861196,-0.1101324237437275,1.663315082673957,-0.3655110872497484,1.0,0.0,0
0.46984625239191735,-0.847659293039801,1.3856937036137513,-0.23172494236777144,0.47383636634333687,0.03770026106767898,1.0,0.0,0
-1.1780946172601698,-0.4626836679418258,-2.186793831079384,-0.20132681271176045,-1.2898734544227548,-0.5671167614084621,0.0,1.0,0
-1.5626141535123235,0.563917998986108,-1.6172668327949713,0.8930058549046349,-0.9207248872856658,0.5417144464644632,0.0,0.0,0
0.0853267161397637,-0.6551714804908131,-0.01223620126617123,0.6194226880005361,-1.2078404395034017,0.13850309814703582,0.0,1.0,0
1.5684734988266422,0.07200470024980632,1.3856937036137513,2.0177366521770415,0.9250179483997789,-0.9703281097258895,1.0,0.0,1
0.30505216542670865,-0.2915833901205034,1.333918521951532,-0.8700856651440021,-1.0437744096646955,-0.9703281097258895,1.0,0.0,1
0.7445030640005985,0.15755483916046792,-0.840639107861681,0.6498208176565471,1.1711169931578382,-1.978356480519458,1.0,1.0,0
-1.5626141535123235,-2.002586168333726,-1.4619412878083131,-0.930881924456024,0.22773732158527757,-0.9703281097258895,1.0,0.0,0
0.30505216542670865,-1.8528734252400691,-1.3583909244838746,0.07225635419233839,-1.1668239320437253,0.7433201206231769,1.0,0.0,0
-0.7386437186862799,0.6708556726244345,-0.5299880178883648,1.1057927624967119,-0.22344426047116447,1.247334306019961,0.0,0.0,0
-1.452751428868851,1.0986063671777402,-0.840639107861681,-0.5661043685838922,-0.05937823063245827,0.5417144464644632,0.0,1.0,0
0.0853267161397637,-0.9118218972227963,1.2303681586270934,-0.5053081092718703,0.35078684396430726,0.5417144464644632,0.0,0.0,0
-0.7935750810080161,-0.22742078593750736,-0.4782128362261454,0.13305261350436037,0.9660344558594555,-0.1639054130910347,1.0,0.0,0
-1.0682318926166974,0.32865511698178956,-0.01223620126617123,-1.9644183327603975,-1.7820715439388735,0.6425172835438201,0.0,0.0,0
0.46984625239191735,0.7350182768074304,0.764391523667119,0.16345074316037134,0.10468779920624793,0.23930593522639268,1.0,0.0,0
-0.5189182693993349,-2.002586168333726,-0.6853135628750229,-0.7484931465199581,-0.8797083798259893,1.7513484914167454,1.0,0.0,0
-0.7386437186862799,-0.8904343624951314,-1.565491651132752,-1.3260576099841668,-1.7820715439388735,-0.1639054130910347,1.0,1.0,0
0.6895717016788623,-0.31297092484816896,0.6608411603426804,1.1969871514647448,-0.4695433052292238,1.3481371430993179,0.0,0.0,1
-1.1780946172601698,0.7564058115350952,-1.9279179227682874,-1.2956594803281558,0.22773732158527757,0.7433201206231769,0.0,0.0,0
-1.7274082404775322,2.59573379811431,-0.271112109577268,-0.26212307202378243,0.3097703365046307,0.6425172835438201,1.0,1.0,0
-0.4639869070775987,-0.20603325120984253,-0.4782128362261454,0.04185822453632741,-1.7820715439388735,-2.0791593175988146,0.0,1.0,0
1.6234048611483785,-1.4251227306867635,2.006995883560384,1.6225609666488985,2.6887277691658706,0.9449257947818905,0.0,0.0,1
1.1839539625744884,0.43559279062011597,0.5055156153560223,0.589024558344525,0.7199354111013961,-0.06310257601167786,1.0,0.0,1
-1.3978200665471148,1.376644318637389,-0.7888639261994616,0.589024558344525,0.18672081412560104,-0.5671167614084621,1.0,0.0,1
-0.4090555447558625,0.1361673044328023,-0.1675617462528293,0.5282282990325031,-1.1668239320437253,-1.5751451322020305,1.0,1.0,0
-0.6287809940428074,-0.9118218972227963,-0.4782128362261454,-0.32291933133580436,-0.4285267977695472,-0.06310257601167786,0.0,0.0,0
-0.9583691679732248,1.0130562282670792,-0.995964652848339,-1.174066961704112,-0.10039473809213482,-0.06310257601167786,1.0,1.0,0
-1.7274082404775322,0.7136307420797648,-0.9441894711861196,-1.8428258141363536,-1.7820715439388735,-1.4743422951226737,0.0,0.0,0
-1.1231632549384336,-1.0187595708611228,-1.4619412878083131,-0.5661043685838922,-1.7820715439388735,-1.5751451322020305,1.0,0.0,0
1.4036794118614333,0.41420525589245116,0.09131416205826748,0.19384887281638233,1.2531500080771913,0.5417144464644632,0.0,0.0,0
-1.3978200665471148,1.0558312977224096,-0.11578656459060994,0.49783016937649216,1.663315082673957,0.7433201206231769,1.0,0.0,0
-0.9583691679732248,1.2483191102713969,-0.1675617462528293,0.5586264286885141,0.47383636634333687,0.13850309814703582,0.0,1.0,0
-0.6287809940428074,-0.034932973388520104,-0.42643765456392607,-0.4141137203038373,0.6379023961820431,1.0457286318612475,0.0,0.0,0
-0.7386437186862799,-0.33435845957583377,0.6608411603426804,-1.4172519989521997,-0.6746258425276065,-0.1639054130910347,0.0,0.0,0
1.513542136504906,1.2910941797267272,0.8679418869915578,1.3793759294008106,0.9250179483997789,0.03770026106767898,0.0,1.0,1
-0.1893300954689175,-1.2112473834101107,0.8161667053293384,-1.2348632210161339,0.47383636634333687,-0.9703281097258895,1.0,0.0,0
-0.4090555447558625,0.4783678600754472,-0.1675617462528293,-0.7484931465199581,1.458232545375574,-1.6759479692813875,0.0,0.0,0
0.03039535381802745,-1.3823476612314332,-0.7370887445372422,-1.174066961704112,0.7199354111013961,1.8521513284961022,1.0,0.0,0
0.9092971509658072,1.1199939019054057,1.9552207018981642,0.49783016937649216,-0.22344426047116447,1.1465314689406043,1.0,0.0,1
-0.024536008503708785,-0.22742078593750736,0.7126163420048998,1.0145983735286788,-0.30547727539051756,-1.4743422951226737,0.0,0.0,1
0.9092971509658072,1.3338692491820585,0.5572907970182417,0.680218947312558,1.0890839782384851,0.13850309814703582,1.0,0.0,1
0.14025807846149993,0.5425304642584424,0.6090659786804611,-0.20132681271176045,-0.05937823063245827,-0.1639054130910347,1.0,0.0,0
0.634640339357126,-1.2326349181377756,0.14308934372048684,-1.3868538692961887,0.10468779920624793,-0.26470825017039157,0.0,0.0,0
0.30505216542670865,1.4835819922757145,0.8161667053293384,0.9538021142166568,1.458232545375574,-0.46631392432910523,1.0,0.0,1
-0.3541241824341262,1.6119072006417066,-1.9796931044305066,-0.5053081092718703,1.458232545375574,0.34010877230574954,0.0,0.0,0
-1.1780946172601698,0.9275060893564177,-1.565491651132752,-0.17092868305574946,1.458232545375574,0.7433201206231769,1.0,1.0,0
0.14025807846149993,-0.7621091541291395,0.8161667053293384,-0.4141137203038373,-0.715642349987283,0.34010877230574954,1.0,0.0,0
-1.3428887042253785,-0.2915833901205034,-1.151290197834997,0.16345074316037134,-1.7820715439388735,-0.26470825017039157,1.0,0.0,0
0.7445030640005985,0.17894237388813272,0.6608411603426804,0.22424700247239332,0.55586938126269,-0.1639054130910347,0.0,1.0,1
-1.0133005302949611,-0.6979465499461435,-1.7208171961194099,-0.5965024982399032,0.9250179483997789,0.8441229577025338,0.0,1.0,0
-1.233025979581906,1.7616199437353641,0.45374043369380296,0.31544139144042627,-0.10039473809213482,0.34010877230574954,0.0,0.0,0
-1.672476878155796,0.17894237388813272,-0.32288729123948734,1.2881815404327777,0.022654784286894828,-0.06310257601167786,0.0,0.0,0
0.7445030640005985,-2.002586168333726,0.3501900703693643,0.710617076968569,0.4328198588836603,-0.06310257601167786,1.0,0.0,0
-1.2879573419036423,0.3714301864371207,-1.2030653794972164,-0.5357062389278813,-0.18242775301148792,0.23930593522639268,1.0,0.0,0
-1.6175455158340597,-0.33435845957583377,-0.42643765456392607,-0.7180950168639472,-0.7976753649066362,-0.5671167614084621,0.0,1.0,0
-0.6287809940428074,-0.056320508116184935,0.9714922503159965,-0.7484931465199581,-1.1668239320437253,0.7433201206231769,1.0,0.0,0
-0.3541241824341262,-0.35574599430349935,0.45374043369380296,-1.0828725727360788,-1.7820715439388735,-1.1719337838846031,1.0,1.0,0
-1.3428887042253785,0.8633434851734216,0.6090659786804611,-0.8700856651440021,-1.1668239320437253,-0.5671167614084621,1.0,0.0,0
0.854365788644071,1.184156506088401,-0.06401138292839058,-0.07973429408771651,0.39180335142398376,0.6425172835438201,0.0,0.0,1
-1.672476878155796,0.32865511698178956,-1.7725923777816293,-0.018938034775694553,0.47383636634333687,-1.2727366209639601,0.0,0.0,0
-1.452751428868851,-0.31297092484816896,-1.876142741106068,-1.6300389065442766,-0.8386918723663127,-1.6759479692813875,1.0,0.0,0
-0.24426145779065372,-0.013545438660854517,0.14308934372048684,1.1361908921527228,-0.6746258425276065,0.03770026106767898,1.0,0.0,0
1.1290226002527521,0.05061716552214149,0.9197170686537771,1.1665890218087338,-0.5105598126889004,-1.6759479692813875,0.0,0.0,1
-0.1893300954689175,-0.8048842235844699,-0.271112109577268,-0.20132681271176045,0.06367129174657138,-1.373539458043317,0.0,0.0,0
-0.3541241824341262,0.628080603169104,0.3501900703693643,0.011460094880316431,1.2941665155368678,0.7433201206231769,1.0,0.0,0
-0.4090555447558625,0.499755394803112,0.6090659786804611,-0.5661043685838922,0.9660344558594555,-0.26470825017039157,0.0,0.0,0
-1.1231632549384336,1.6119072006417066,-1.9279179227682874,0.13305261350436037,0.8429849334804258,1.247334306019961,1.0,1.0,0
-1.5076827911905872,1.312481714454393,-1.5137164694705325,0.6498208176565471,-1.3308899618824312,-1.373539458043317,1.0,0.0,0
0.0853267161397637,-0.6765590152184786,0.6608411603426804,-0.7484931465199581,-0.715642349987283,-0.1639054130910347,0.0,0.0,0
0.854365788644071,0.8633434851734216,0.24663970704492555,-0.839687535487991,2.360595709488458,0.4409116093851064,0.0,1.0,0
0.2501208031049724,-0.9545969666781274,-0.42643765456392607,0.5586264286885141,0.6379023961820431,-1.1719337838846031,1.0,0.0,0
-0.9583691679732248,0.7350182768074304,0.039538980396048126,0.07225635419233839,-1.453939484261461,0.9449257947818905,0.0,1.0,0
0.634640339357126,-0.5054587373971562,-0.4782128362261454,-0.839687535487991,-0.18242775301148792,0.5417144464644632,0.0,0.0,0
0.19518944078323616,-1.0187595708611228,-0.06401138292839058,-0.7788912761759691,-0.05937823063245827,-1.6759479692813875,0.0,0.0,0
-0.9583691679732248,0.30726758225412476,-0.42643765456392607,-1.1132707023920898,-0.9617413947453424,-0.1639054130910347,0.0,0.0,0
0.5797089770353898,-2.002586168333726,-0.01223620126617123,-0.839687535487991,-1.7820715439388735,0.34010877230574954,0.0,0.0,0
0.854365788644071,-1.7673232863294077,1.178592976964874,-0.2925212016797934,-0.10039473809213482,-0.5671167614084621,1.0,0.0,0
-0.5189182693993349,-0.16325818175451134,-0.7888639261994616,-0.4749099796158593,-1.0847909171243721,-1.5751451322020305,1.0,1.0,0
-1.452751428868851,0.11477976970513673,-0.01223620126617123,-1.143668832048101,-1.2488569469630781,0.13850309814703582,1.0,1.0,0
0.7445030640005985,-0.35574599430349935,0.4019652520315836,-0.4445118499598483,-0.3464937828501941,2.2553626768135295,1.0,1.0,0
0.9642285132875436,-1.596223008508086,1.178592976964874,-0.1405305533997385,-0.264460767930841,-0.3655110872497484,0.0,0.0,0
0.634640339357126,-0.8048842235844699,0.9714922503159965,0.2546451321284043,-0.264460767930841,1.5497428172580316,1.0,0.0,0
1.4586107741831695,0.43559279062011597,0.5572907970182417,0.4370339100644702,-0.22344426047116447,-0.6679195984878189,1.0,0.0,1
0.5797089770353898,0.628080603169104,-1.0995150161727776,1.4401721887128327,0.18672081412560104,0.23930593522639268,1.0,0.0,0
0.6895717016788623,0.00784209606681031,0.764391523667119,0.7714133362805909,-1.453939484261461,0.7433201206231769,1.0,0.0,1
-0.6287809940428074,1.226931575543732,-0.37466247290170673,-1.4476501286082106,0.55586938126269,-0.06310257601167786,1.0,1.0,0
-0.5189182693993349,0.43559279062011597,0.039538980396048126,0.3762376507524482,-1.7820715439388735,-0.3655110872497484,0.0,0.0,0
0.5797089770353898,-0.7407216194014746,0.24663970704492555,0.6498208176565471,-0.5105598126889004,0.7433201206231769,1.0,1.0,0
1.2388853248962246,-0.24880832066517294,0.5572907970182417,0.07225635419233839,1.007050963319132,1.952954165575459,0.0,0.0,1
-0.9034378056514886,-1.403735195959098,0.8161667053293384,-2.0252145920724196,-1.7000385290195204,0.23930593522639268,0.0,0.0,0
0.7994344263223347,-0.07770804284385052,-0.5299880178883648,0.34583952109643723,0.7609519185610727,-0.46631392432910523,1.0,1.0,0
1.1290226002527521,1.162768971360736,1.333918521951532,0.710617076968569,1.8683976199723396,-0.1639054130910347,1.0,1.0,1
1.513542136504906,0.7350182768074304,0.6608411603426804,-0.23172494236777144,-1.7820715439388735,2.5577711880516003,1.0,0.0,0
-0.9583691679732248,1.4621944575480506,-0.9441894711861196,-1.3868538692961887,0.1457043066659245,0.03770026106767898,0.0,0.0,0
-0.4090555447558625,-0.2915833901205034,-0.5299880178883648,-0.2925212016797934,-1.7820715439388735,-0.6679195984878189,0.0,0.0,0
0.19518944078323616,1.4194193880927193,-0.42643765456392607,0.19384887281638233,0.5148528738030135,-1.1719337838846031,1.0,0.0,0
-1.1780946172601698,-0.16325818175451134,-0.42643765456392607,-0.9004837948000131,-0.5925928276082534,-1.978356480519458,0.0,0.0,0
1.0191598756092797,1.5477445964587113,1.6963447935870675,0.680218947312558,-1.2898734544227548,0.34010877230574954,0.0,0.0,0
-0.9583691679732248,0.00784209606681031,-0.32288729123948734,-1.3868538692961887,1.2941665155368678,0.5417144464644632,1.0,0.0,0
-1.5626141535123235,0.7564058115350952,-1.0477398345105584,-0.8700856651440021,-0.018361723172781723,-0.5671167614084621,1.0,0.0,0
-0.6287809940428074,1.5477445964587113,-1.151290197834997,0.5586264286885141,-0.3464937828501941,-0.06310257601167786,0.0,0.0,0
-1.0682318926166974,-0.16325818175451134,-0.37466247290170673,-0.7788912761759691,0.7609519185610727,-1.2727366209639601,0.0,1.0,0
